,TxHash,BlockHeight,TimeStamp,From,To,Value,ContractAddress,Input,isError
0,0xe2c4ad49cd30d706582c0a7eb1eb1fe8b804711a746dc121030f9b40629b23f0,5050266,1518053679,0x4e0af820834b89854817279e8ebf64d7073fdd31,0x020b1573f2ca670190d33ca2f0a57b0c0399ad37,0.200000000000000000,NULL,0x,0
1,0xddf49715ccf7fc8778d00427cea3de1cfcd80d9b37c92923f56965200a602d7d,5087052,1518586124,0xea7276e2b6a9116c12a723c17462f33e575e315d,0x020b1573f2ca670190d33ca2f0a57b0c0399ad37,0.400000000000000000,NULL,0x,0
2,0xf7a94aa8ea6d4bf0b7ccc1ece0df7b54d28275613207d126a1c675c21b0958d9,5089006,1518615126,0xe99eb442739d8b794fc193dba49cca1218a1fe80,0x020b1573f2ca670190d33ca2f0a57b0c0399ad37,0.400000000000000000,NULL,0x,0
3,0x9e3c9961ad62ebd86be7147c05b1053c499a064da0725e8eea26284b0bb3ca68,5089089,1518616371,0x1a8f82ae8b73bb4b924dab0f24380e97f46da21e,0x020b1573f2ca670190d33ca2f0a57b0c0399ad37,0.400000000000000000,NULL,0x,0
4,0x63b8cddb95c1508abadb7edf22b2c3f32574669f9af36fbf9a11ae5e688da130,5089502,1518622947,0x3d21ee8b6f3667991db9db4391671b897528ff61,0x020b1573f2ca670190d33ca2f0a57b0c0399ad37,0.400000000000000000,NULL,0x,0
5,0xb46541f83f337adf0706f016f3a692eea9ec94e1b8721404102f1efccee0654c,5090165,1518632274,0x7581c569461d5a995696554b761be18fbc8f0ca1,0x020b1573f2ca670190d33ca2f0a57b0c0399ad37,0.400000000000000000,NULL,0x,0
6,0x09743d3c575e9ff9b7ea994ec452cdb58fdb035a08d31b076673f62f1ba61be8,5090173,1518632358,0xbc6126f4072fab546cc7be7a3da8b7c92b186b3c,0x020b1573f2ca670190d33ca2f0a57b0c0399ad37,0.400000000000000000,NULL,0x,0
7,0x47331b3a34a7ba2a269581cdbb908ba98e6c4535ee6c287bb34ae424907bfe3d,5090187,1518632538,0x5a294b4e652c80dad37768ed03d41f674c517b1f,0x020b1573f2ca670190d33ca2f0a57b0c0399ad37,0.400000000000000000,NULL,0x,0
8,0x87404bc17e883490ab7affaa155f898de7edd62f200928cbbe718a056832c2ab,5090192,1518632657,0x4102f445ee61eb9af2bc9e028649df70c3ff1c45,0x020b1573f2ca670190d33ca2f0a57b0c0399ad37,0.400000000000000000,NULL,0x,0
9,0xa32b8099632f5b45e91f2303a2c3d6be09bd2c814cb5d4d55255c4f750bbd042,5090207,1518632870,0x58cb0fa55ce893483507081426d52db31188b6d5,0x020b1573f2ca670190d33ca2f0a57b0c0399ad37,0.400000000000000000,NULL,0x,0
10,0xc54dc0eaba65722879d4e76cd70b0a573ca211a764efc4d83addc680f7c1cd21,5090219,1518633141,0xaf8ea477b9e83232e1a67d2441c84becbf65aeb2,0x020b1573f2ca670190d33ca2f0a57b0c0399ad37,0.400000000000000000,NULL,0x,0
11,0xf126a646664e9d0e8604242a35d2844444740ec3d9adc412a2531447d419621c,5090368,1518635494,0x6880e55b9c8b65745e1616ec8eae50e0903ae053,0x020b1573f2ca670190d33ca2f0a57b0c0399ad37,0.400000000000000000,NULL,0x,0
12,0x625fcd1057384cf10d252115908a55767d00487bc4eeb98df2e856eb99263ba5,5091257,1518648873,0xa10049640bc1f9fadc001f9f5abd669fbcffa910,0x020b1573f2ca670190d33ca2f0a57b0c0399ad37,0.400000000000000000,NULL,0x,0
13,0xda86f5247a6a7f78db4cb01cc94bba4297acfd99c2b8e60573112671dae30a8d,5101731,1518799619,0xc219a548bfede9138469ef277730e107a6ed8976,0x020b1573f2ca670190d33ca2f0a57b0c0399ad37,0.200000000000000000,NULL,0x,0
14,0x1a5f503c79f9537a5f13e4cd7b4dc73f12be2705a9795ae92f3b4cd8491eba56,5102346,1518808782,0xc219a548bfede9138469ef277730e107a6ed8976,0x020b1573f2ca670190d33ca2f0a57b0c0399ad37,1.400000000000000000,NULL,0x,0
15,0x2f6c74572bf69cb02ce5ef944747365d004d16cc6cb1da28929a35c07e7dc5fe,5102486,1518810770,0xc219a548bfede9138469ef277730e107a6ed8976,0x020b1573f2ca670190d33ca2f0a57b0c0399ad37,2.000000000000000000,NULL,0x,0
16,0x2883db70b19ef760025e5e1efba4bb1ed66873e5dd3e20d51bb20a562e098aec,5102563,1518811883,0xc219a548bfede9138469ef277730e107a6ed8976,0x020b1573f2ca670190d33ca2f0a57b0c0399ad37,2.000000000000000000,NULL,0x,0
17,0x02999cc733888e3f779ff3900207f76f5addccbdd1bf1aed73e6416516fc6ca8,5102580,1518812127,0xc219a548bfede9138469ef277730e107a6ed8976,0x020b1573f2ca670190d33ca2f0a57b0c0399ad37,2.000000000000000000,NULL,0x,0
18,0x1451e3b9624d637d74913f6c4af8eb9660cd9bbd6c8deb995c251be0a85b387f,5102612,1518812652,0xc219a548bfede9138469ef277730e107a6ed8976,0x020b1573f2ca670190d33ca2f0a57b0c0399ad37,2.000000000000000000,NULL,0x,0
19,0x4c337b092d8e571007a2c64980b76a40269111661fd0d95624f1387a150af5e3,5102629,1518812941,0xc219a548bfede9138469ef277730e107a6ed8976,0x020b1573f2ca670190d33ca2f0a57b0c0399ad37,2.000000000000000000,NULL,0x,0
20,0xf479aea5d0768beb4a1a5d284d70f924bd235c42aeba4f0c87c969d9bd21515e,5102675,1518813605,0xc219a548bfede9138469ef277730e107a6ed8976,0x020b1573f2ca670190d33ca2f0a57b0c0399ad37,2.189320080000000000,NULL,0x,0
21,0xef0a8527935b3cb4d3fee1dcb7fa571bdba72b5e93bd7648f29fee8e3b8b5981,5102713,1518814162,0xa8094ffbac7b4b5fdcdd939bcc57cc49e0b5e877,0x020b1573f2ca670190d33ca2f0a57b0c0399ad37,1.000000000000000000,NULL,0x,0
22,0x3e6ae083ed714427faacdcb030f4274fb60111a36e144b81b2cc0a9c3d7f44ad,5102724,1518814267,0xa8094ffbac7b4b5fdcdd939bcc57cc49e0b5e877,0x020b1573f2ca670190d33ca2f0a57b0c0399ad37,1.399910640000000000,NULL,0x,0
23,0x8b8a54467582e0fb360d1ec4d5e9505525b2c547743a5f957619c25c91ac8d9c,5114987,1518991021,0xc781a34d44d600c7d216a69d760235c22cbdbd1f,0x020b1573f2ca670190d33ca2f0a57b0c0399ad37,1.203213980000000000,NULL,0x,0
24,0x3d85f9a257c53d60e612c21c637ed235316bbc1bfb11fe59f9fc3a3d920947de,5114996,1518991172,0xc3185639bfa5992333f80b511cda0343d5506990,0x020b1573f2ca670190d33ca2f0a57b0c0399ad37,2.000000000000000000,NULL,0x,0
25,0xebb7462fdf6be7d0077df035b84d4e3641b8366c8cf6b5f938bd7c948ac3d6a4,5115001,1518991268,0xc3185639bfa5992333f80b511cda0343d5506990,0x020b1573f2ca670190d33ca2f0a57b0c0399ad37,8.417692670000000000,NULL,0x,0
26,0xb7a7157990d77a6e12b07805e5c728071231d76b98b8ef04cce627bea7fd08f1,5115021,1518991714,0xd23246cd9ff107083b1e246f2c26ae447ab65be5,0x020b1573f2ca670190d33ca2f0a57b0c0399ad37,0.399517000000000000,NULL,0x,0
27,0xafbb207d67cbf6823be639737ae8a47b00358bad6ebe0720b92da3b555abe918,5115998,1519005618,0xe0e163d93bc88f7c5dac8ac7ca977f9bacca370d,0x020b1573f2ca670190d33ca2f0a57b0c0399ad37,2.279795320000000000,NULL,0x,0
28,0x5ed5a8fcc11e0b71b764c0ff8dbdb3fc6fe440686a2ba7df180ab720120b227c,5116006,1519005733,0x6c441ec1c3464eeb459894325ecddfd0ca51e6e9,0x020b1573f2ca670190d33ca2f0a57b0c0399ad37,1.399517000000000000,NULL,0x,0
29,0x6488b5fe6af597ac83705813324be475ccd9e0f29027817da7dd7d0225854373,5116022,1519005988,0xdac676db3e8635551bb4a6efb9f5355aa65b2bbc,0x020b1573f2ca670190d33ca2f0a57b0c0399ad37,1.335767670000000000,NULL,0x,0
30,0xbbccd98bf458d59313dae81b97aa58f868a9f08cfdff9e98047c0140b3f18230,5116084,1519006877,0xc219a548bfede9138469ef277730e107a6ed8976,0x020b1573f2ca670190d33ca2f0a57b0c0399ad37,0.399728350000000000,NULL,0x,0
31,0x902ac3e6d6d9ab38f75c973974a1e9237dbb268fca256634e2cb4810b5ac7263,5116115,1519007327,0x1a0862953299b3124da6dbf81b8ad23eee0408b4,0x020b1573f2ca670190d33ca2f0a57b0c0399ad37,0.002584040000000000,NULL,0x,0
32,0x73b6dbd30bc6d8f40d9108dcf6d9534aea18dcc45858303f432bde6e540f766c,5117824,1519031971,0x787bf300ebb0d9b45d0442b5cd3d3ecd4371254d,0x020b1573f2ca670190d33ca2f0a57b0c0399ad37,1.799517000000000000,NULL,0x,0
33,0x9882abd53a4ddf114bfe85a3dd5741af6e303d51bdb27ad4b508322b4b07ff6a,5117841,1519032203,0xd23246cd9ff107083b1e246f2c26ae447ab65be5,0x020b1573f2ca670190d33ca2f0a57b0c0399ad37,12.642072000000000000,NULL,0x,0
34,0x101fd33ea7ee5881b6d85061a27da440894ebd279897ca75a4b3f842ace20caa,5117978,1519034225,0xe0e163d93bc88f7c5dac8ac7ca977f9bacca370d,0x020b1573f2ca670190d33ca2f0a57b0c0399ad37,1.099517000000000000,NULL,0x,0
35,0x578e58e54f39b0bf15768a0d02d86e7f7261167a22bde433abcc5e8b2b3d70a6,5124260,1519127660,0x020b1573f2ca670190d33ca2f0a57b0c0399ad37,0xfd0b539d20875b4d0b2b884935150139d5899761,0.100000000000000000,NULL,0x,0
36,0xe3aaed3fc283f796b68826e5cfc36b89868ca1daf188f095c5c839dd945d60b3,5127565,1519176405,0x020b1573f2ca670190d33ca2f0a57b0c0399ad37,0xfd0b539d20875b4d0b2b884935150139d5899761,1.000000000000000000,NULL,0x,0
37,0x165bcc0c03382340da2292748f3b71f294c61f815ef41544d6732e11d72e3622,5128114,1519184715,0xfd0b539d20875b4d0b2b884935150139d5899761,0x020b1573f2ca670190d33ca2f0a57b0c0399ad37,1.099811000000000000,NULL,0x,0
38,0x406b0b18030ec8c9ead67193cd14a5c305347775cf45d5efec0ab4aecb9bdeeb,5128199,1519186057,0x020b1573f2ca670190d33ca2f0a57b0c0399ad37,0xd8bc7066efacdccb21ba3527fd647576c76320b5,1.000000000000000000,NULL,0x,0
39,0xd527b6a103732d4374b48494a1434e0f52f8918cb84fef85f2503f6e0d4107e1,5128209,1519186244,0x020b1573f2ca670190d33ca2f0a57b0c0399ad37,0xd8bc7066efacdccb21ba3527fd647576c76320b5,10.000000000000000000,NULL,0x,0
40,0x1acd914f2eee48f86566e906c2c15136c47c97f7fcd60f80058a5f71f320ce1f,5128215,1519186324,0x020b1573f2ca670190d33ca2f0a57b0c0399ad37,0xd8bc7066efacdccb21ba3527fd647576c76320b5,10.000000000000000000,NULL,0x,0
41,0x7ea2ed475fb817667292ee8ce5a98e77615fa8e761bd67e885392a28f7d4dc65,5128223,1519186468,0x020b1573f2ca670190d33ca2f0a57b0c0399ad37,0xd8bc7066efacdccb21ba3527fd647576c76320b5,10.000000000000000000,NULL,0x,0
42,0x1a14911ff1c0a0949fc4ca3c3920e053d40e2e0422bac60fdfcd3b181d65bbd4,5128229,1519186552,0x020b1573f2ca670190d33ca2f0a57b0c0399ad37,0xd8bc7066efacdccb21ba3527fd647576c76320b5,10.000000000000000000,NULL,0x,0
43,0xcf17230e04b4996dca370e985123b915c234db75c638b301b0ebb7e8b76634d8,5128237,1519186698,0x020b1573f2ca670190d33ca2f0a57b0c0399ad37,0xd8bc7066efacdccb21ba3527fd647576c76320b5,13.164099750000000000,NULL,0x,0
