,TxHash,BlockHeight,TimeStamp,From,To,Value,ContractAddress,Input,isError
0,0x3cff6e5399c48dbaf85ebcffa54d53876ed9b21672d2583fa652164378287885,5562119,1525548135,0xf5613e4da78cee6a1bffdf9c235d56bbf6d01d8d,0x04a3d37cae5fe8acfcaf6d5eb66369d639ff027e,0.567913980000000000,NULL,0x,0
1,0xe72472b40f9ce04659bb74dc66a302521aa8d72fc1feb88d66571a39b4246e3c,5562552,1525554612,0x8164d1a475d2b1512bb6179cb6ac9e3b7c5ebcba,0x04a3d37cae5fe8acfcaf6d5eb66369d639ff027e,0.500000000000000000,NULL,0x,0
2,0x24301ed9bff01bb776a1c58ab8b466b6c577720fa15919e08dba9d5eb5c0b479,5563380,1525566821,0x9eb062ee6d6ab6c68c6892a493a94aff48ccea53,0x04a3d37cae5fe8acfcaf6d5eb66369d639ff027e,0.500000000000000000,NULL,0x,0
3,0x5c768855ed8854274abfa9c3c3ddec4f22937df8170adcb8cbf0966926025a11,5572548,1525704165,0x390de26d772d2e2005c6d1d24afc902bae37a4bb,0x04a3d37cae5fe8acfcaf6d5eb66369d639ff027e,1.000000000000000000,NULL,0x,0
