,TxHash,BlockHeight,TimeStamp,From,To,Value,ContractAddress,Input,isError
0,0x219557e145992cd66eaac4ec6842f6fc4e630981628ef9c9fe90e89dbf59b1e5,5838376,1529732764,0xb6ba1931e4e74fd080587688f6db10e830f810d5,0x059615ea15f7f0e2a276103127bbace30223d294,0.500000000000000000,NULL,0x,0
1,0x0e0b86a323092ca01083a4a1bf84de090144b1e95640ad25f11e2a64a4a2c87f,5862482,1530091462,0x91df760ae3b74b0774aab07290a234e306a74854,0x059615ea15f7f0e2a276103127bbace30223d294,0.500000000000000000,NULL,0x,0
2,0x3513ae2c09f6a8b392cfef3a39d8948979a0dfb73f198e162afab7daffadd08f,5864579,1530122477,0xd551234ae421e3bcba99a0da6d736074f22192ff,0x059615ea15f7f0e2a276103127bbace30223d294,0.461128000000000000,NULL,0x,0
3,0x9e1a107cff03f4ed3f49370eadcf4d6e16ba169e61661ac977338c1c848062e7,5869457,1530195043,0xff7f5676aa4765037749c1810ef6d2b351aa5452,0x059615ea15f7f0e2a276103127bbace30223d294,0.500000000000000000,NULL,0x,0
4,0x889cf57d4d1347e2728779ca4f0cb08e2d703af5f89345455ed27e2ea1e29815,5951012,1531402852,0xe4b3dd9839ed1780351dc5412925cf05f07a1939,0x059615ea15f7f0e2a276103127bbace30223d294,0.800000000000000000,NULL,0x,0
5,0x9eb6f31ce25ed162ced0716c84ce37da5f0e8f3282bf3f8416d7d52ccc52ffee,6032939,1532601378,0x059615ea15f7f0e2a276103127bbace30223d294,0xb553b65a8290581fb43af305a97803405375ceff,2.759049000000000000,NULL,0x,0
