,TxHash,BlockHeight,TimeStamp,From,To,Value,ContractAddress,Input,isError
0,0x8e328489583b45763362f9cab588f6b4baebe860d75fc103ea9fe103ad61aaf6,6230955,1535490923,0x598f628383263a8404e87f17751c61bcebb6ffab,0x08afea4ec3659a2e478f81fef2b784176a0b7d2f,1.000000000000000000,NULL,0x,0
1,0x1b613b4fb074982f3cd15f231a61dd4e964d4260fb0a33bc0d4eea384da8a53c,6238444,1535600058,0xe4b3dd9839ed1780351dc5412925cf05f07a1939,0x08afea4ec3659a2e478f81fef2b784176a0b7d2f,0.100000000000000000,NULL,0x,0
2,0x594674ebaa4df90bf4d867070e94f270c49781278976b8f416e11107a81a3095,6239231,1535611595,0x81acdd59ec7b2b9a855bb31c784e242888cd03cf,0x08afea4ec3659a2e478f81fef2b784176a0b7d2f,1.000000000000000000,NULL,0x,0
3,0x727edaec568dae06b0da66dd898d49c823f9e30bfb4ffbdacd6c79af045593c2,7017856,1546743555,0x08afea4ec3659a2e478f81fef2b784176a0b7d2f,0x8c69d6d71382b6bf3c3666143ce5fd4d4ced9132,2.099139000000000000,NULL,0x,0
