,TxHash,BlockHeight,TimeStamp,From,To,Value,ContractAddress,Input,isError
0,0x77cbb0b97a297edefdb391169532a25c843d470c900face104e79cfc7a101015,5609194,1526255028,0xfe907d0797068dcfa9298e870eeb50d1fed11317,0x1056d8d9ebb0e0d8710a0e2a1852d4a09d56464a,0.500000000000000000,NULL,0x,0
1,0xf0f3f922982e93fb9bceced5fcf89acd1229df540e7ae880b4b261e0297371f6,5609808,1526264452,0xe19b14c9b76f42de8a7aba6264e2ec9387619930,0x1056d8d9ebb0e0d8710a0e2a1852d4a09d56464a,1.000000000000000000,NULL,0x,0
2,0x00f16598680622dbf09dc93f455b44dc79f86b872d3e25e598010056892b887f,5610786,1526279596,0xfbb1b73c4f0bda4f67dca266ce6ef42f520fbb98,0x1056d8d9ebb0e0d8710a0e2a1852d4a09d56464a,0.830936500000000000,NULL,0x,0
3,0x5b349fbf81bb92af0dc48a79c9ae333cd24c0e089d663b62bc7846c87ea4bdcb,5623107,1526467080,0x1056d8d9ebb0e0d8710a0e2a1852d4a09d56464a,0x17c1b28837bf248cf450ef79a2a81084be014c5a,2.320936500000000000,NULL,0x,0
