,TxHash,BlockHeight,TimeStamp,From,To,Value,ContractAddress,Input,isError
0,0xc2e4ad178f63648a35592ae1a1fb28d8407f7d77b7c5434c4401ec15636f6cd3,6076830,1533241881,0x097031752baafc976386eb90e70a480fd210a14c,0x14a11e2ef83895918da176165e33025e02e472de,0.500000000000000000,NULL,0x,0
1,0x88181f3bb147aa93e18f5999123485cd873a7c418ee866196e2dceb6241afdd0,6079885,1533286526,0x305ae615ac54bec13a018d3f1d41d33bad48b1ff,0x14a11e2ef83895918da176165e33025e02e472de,1.381915352419610658,NULL,0x,0
2,0x1a26874bff970d58e421907aaf363efa0e3c163c0e0ad019106a255945cc27b7,6080410,1533294390,0xd551234ae421e3bcba99a0da6d736074f22192ff,0x14a11e2ef83895918da176165e33025e02e472de,1.010000000000000000,NULL,0x,0
3,0xe3426fd75e5d458e73e2a83a6eaf3608e9014a1198da4c5f3ae712d88c16037b,6248041,1535740165,0x14a11e2ef83895918da176165e33025e02e472de,0xb553b65a8290581fb43af305a97803405375ceff,2.889836352419610658,NULL,0x,0
