,TxHash,BlockHeight,TimeStamp,From,To,Value,ContractAddress,Input,isError
0,0x7a080d2ba6071918617dee5f9a3e2caea31b40e6e9ad24eb1f87a7c5795ea268,4953132,1516637339,0x5a809f919ff74b33b18be42cfb41e4089d19f791,0x15a99893dc47bfae5b06e9b4c8941aaca60f8af5,0.150000000000000000,NULL,0x,0
1,0xc43e19675e3784f0572bd88530bca30e3fa9e2bd2ce90db2ffb602737eb8bbb2,4975631,1516965611,0x15a99893dc47bfae5b06e9b4c8941aaca60f8af5,0x5e0f56a3e977318b69303c12369b2a797dfa2b0b,0.145000000000000000,NULL,0x,0
2,0x663c2479ad9fbb2e87acaa2b64640011c88ad3ddf8eec1772f97555e8fcb7605,4988637,1517153596,0x01a234a3031180940e494bcb2cca8be3e37447fe,0x15a99893dc47bfae5b06e9b4c8941aaca60f8af5,0.100000000000000000,NULL,0x,0
3,0xfce3d3c710c1afbe9cb4de313e99c6e765b1042921c7c3af9e3016fd1abef57e,4989077,1517159695,0x15a99893dc47bfae5b06e9b4c8941aaca60f8af5,0x5e0f56a3e977318b69303c12369b2a797dfa2b0b,0.100000000000000000,NULL,0x,0
4,0xa465aff5a579906e14c40a361428d225bfad7072c58a848397f810b15b5e0fad,5041403,1517925165,0x633d0ace46763fe0c418c0cfa3bd0dfcc5b883d4,0x15a99893dc47bfae5b06e9b4c8941aaca60f8af5,0.115000000000000000,NULL,0x,0
5,0xcc2ecb9fbbd96add71de7b6b4f87510925b10e33304452186261963d25b700a4,5041478,1517926330,0x15a99893dc47bfae5b06e9b4c8941aaca60f8af5,0x5e0f56a3e977318b69303c12369b2a797dfa2b0b,0.110009488318367459,NULL,0x,0
6,0x462420cceb8a52bb4b55e0ad9139b9311050f4dca1d4a541447c8794858e0df6,5240442,1520833729,0x97163e42d856811ac866489ea427cf645fb2d3be,0x15a99893dc47bfae5b06e9b4c8941aaca60f8af5,11.000000000000000000,NULL,0x,0
7,0x23c09a5b8ba030851e4387cae0f59083205ecf710ace7c7d3094c0070e53e64c,5240724,1520838157,0x15a99893dc47bfae5b06e9b4c8941aaca60f8af5,0x5e0f56a3e977318b69303c12369b2a797dfa2b0b,1.500000000000000000,NULL,0x,0
8,0x74d6ef1bbdb31704c76dc19bbfefcea7b4ac2f2aa7cab0a8eb8142b37245937f,5252881,1521016954,0x15a99893dc47bfae5b06e9b4c8941aaca60f8af5,0x5e0f56a3e977318b69303c12369b2a797dfa2b0b,1.500000000000000000,NULL,0x,0
9,0x95c09240d9cb168f964d746866b61c99e62b871782ac73b78352696546a546f8,5265643,1521205187,0x15a99893dc47bfae5b06e9b4c8941aaca60f8af5,0xc97f097feb0d5a48d79ee9f30393ade8283e0e4d,2.000000000000000000,NULL,0x,0
10,0xdda835e92c0256e1573c29b1b75c0e31e77725e0c38accfbf59e80c678e24c76,5270990,1521284374,0x15a99893dc47bfae5b06e9b4c8941aaca60f8af5,0x5e0f56a3e977318b69303c12369b2a797dfa2b0b,1.000000000000000000,NULL,0x,0
11,0x750a42bee538dcfdf4874829a8aea650edfc7e97cd09ac08edf3a7aa08f1283f,5295822,1521645656,0x15a99893dc47bfae5b06e9b4c8941aaca60f8af5,0x5e0f56a3e977318b69303c12369b2a797dfa2b0b,1.000000000000000000,NULL,0x,0
12,0x9954b9c5a102a68a7b888c69c1ba6655fb06ab2f7246198aece434065e3b6ffe,5303682,1521758239,0x15a99893dc47bfae5b06e9b4c8941aaca60f8af5,0x342c66db00094f74c11dc0accfe9497f2ad34d28,1.000000000000000000,NULL,0x,0
13,0x190515ccb681ceda4a01311a52fcbbd870ba283e162c67e6b1ac664450cd8d50,5312577,1521886949,0xa451cac0854f09b6b74166f8dc76102381a50f57,0x15a99893dc47bfae5b06e9b4c8941aaca60f8af5,0.200000000000000000,NULL,0x,0
14,0x19cfcab892b6c3aaa1a4ab2975a62a7a4101804123ffde933999f47c57bf5663,5426270,1523521661,0x15a99893dc47bfae5b06e9b4c8941aaca60f8af5,0x5e0f56a3e977318b69303c12369b2a797dfa2b0b,3.200000000000000000,NULL,0x,0
