,TxHash,BlockHeight,TimeStamp,From,To,Value,ContractAddress,Input,isError
0,0x32aa1de82f04f23c1f39eea2c76dd72df96e1cca0a918b2f37268f4f6609baa0,7399732,1553005263,0x5e032243d507c743b061ef021e2ec7fcc6d3ab89,0x18341b373c795736c09bef6bef09bcecba4d27ff,1.000000000000000000,NULL,0x,0
1,0x64a82a590f6fe587bf6644944dd9d6dfb2751368e29181535f711cea6f76b04b,7399795,1553006215,0x5e032243d507c743b061ef021e2ec7fcc6d3ab89,0x18341b373c795736c09bef6bef09bcecba4d27ff,1.000000000000000000,NULL,0x,0
2,0x5853adead3d8e552d42a87bd855f600a8aacc3adb38b3ec59db4260f1312d6e9,7407636,1553110440,0x34fb8884f63424f285619b4c70bbbbfbb80d2b81,0x18341b373c795736c09bef6bef09bcecba4d27ff,1.014526990000000000,NULL,0x,0
3,0x5ef153bd9b657d274f3e542c5f6fd526591249d97f0713e9e6702458de08ade2,7414430,1553201938,0x564286362092d8e7936f0549571a803b203aaced,0x18341b373c795736c09bef6bef09bcecba4d27ff,0.540000000000000000,NULL,0x,0
4,0xe3ef24d9f4c0d408b7ba3e453e22267a43425ee3494bd612d51db9faddaf7dd1,7414961,1553209113,0x43161b8bb6d947f69cd8a289bd8c22f678178563,0x18341b373c795736c09bef6bef09bcecba4d27ff,0.699820920000000000,NULL,0x,0
5,0xd6be6f6cc72b3e12c864db241f9c2fa4e5fd185019ff6af74eb933ad36693ec1,7419595,1553271638,0x18341b373c795736c09bef6bef09bcecba4d27ff,0x93f5f8af93e62e473debc26c0318dbcf352b2665,4.253347910000000000,NULL,0x,0
