,TxHash,BlockHeight,TimeStamp,From,To,Value,ContractAddress,Input,isError
0,0xbda21515d688c2790b5054f902bd679d2d1202a19f4a2a5d1fe7bbc0b25b7863,5029033,1517745073,0x26545f5fd983a475aa2347f4b6348b673373ad7e,0x19afb5e405613906137cc137224eafd4673faccd,0.651980913000000000,NULL,0x,0
1,0x15364b88fa9c6d58d1c4c121461c9549d4ffa2a4088f115fef7522d7edfb852f,5030907,1517772321,0xb28bf6a6becf34f15608db7c70b7356ebeb5e9c1,0x19afb5e405613906137cc137224eafd4673faccd,0.198085407576724992,NULL,0x,0
2,0x3dadc5b2b4028fac842bb92aaf7a31d862054612106a52f1585db27a4f51f192,5030912,1517772356,0xe831de92ffe0cdccccd68b5e3c50045e489dd1de,0x19afb5e405613906137cc137224eafd4673faccd,0.127563454000000000,NULL,0x,0
3,0x57cebd75ab0b1fb00fa20195bd729f98503bef4ec1e95527c7c863f7ed34ccfc,5030915,1517772375,0xbde55aa6fd1e43b22efa2daea02bd32cf331971c,0x19afb5e405613906137cc137224eafd4673faccd,0.115662760000000000,NULL,0x,0
4,0x0c7bf3b7951929b9e8384d8a1d208c8affca74a14991fd8165fe92320320dbe8,5030918,1517772410,0xd2251b84ccbcb46d6825d67e81431fed1a47d60f,0x19afb5e405613906137cc137224eafd4673faccd,0.097921000000000000,NULL,0x,0
5,0xc4bb19ac77a9a916e25f4997d2617a76721f9e803b52e7542effe3b23dd6bf5e,5030932,1517772670,0xfb7f6c42819c7780a9bdcf67842261a14ecfef76,0x19afb5e405613906137cc137224eafd4673faccd,0.171060000000000000,NULL,0x,0
6,0x3e67b2bedc438153648e6910cb01f6e433d84678615c8841a3d59ff5213e9eab,5030932,1517772670,0xc8917848e852d537844522198b146cbffdc468cf,0x19afb5e405613906137cc137224eafd4673faccd,0.100473110000000000,NULL,0x,0
7,0x40f54d0c0a5e4dc49b34a0680adcd36a83c246d2800695cc0415393f790eab19,5032078,1517790002,0x10c8f711d2f679c3117f135106d70e5b8fda8cd7,0x19afb5e405613906137cc137224eafd4673faccd,0.803279913000000000,NULL,0x,0
8,0x3a78a445a27f4cb48e1e5bf642d0490b0f43088e68273a26453a7606c47489e8,5034312,1517821215,0xb8290b6881975e4bc13b1637e321e928a40a4f8a,0x19afb5e405613906137cc137224eafd4673faccd,0.112498867548574197,NULL,0x,0
9,0x8ee74cfb4c2da3efe1c9844819c8e4ae6019697671bf77b06071bf30fc53ca56,5034574,1517825167,0x6241210ac35b81a640284826b11f8f9ada0b0187,0x19afb5e405613906137cc137224eafd4673faccd,0.103636170000000000,NULL,0x,0
10,0x9413fbc56a1d6f1fbd22bc186751a6321225e2c865d69e138344adf3583531f6,5035230,1517834834,0xf2a05dfac9d2ad8d5efeb22cada576bb6e89efd9,0x19afb5e405613906137cc137224eafd4673faccd,0.226685010000000000,NULL,0x,0
11,0xd7f3891ab134622a7a79d6506455bff75c1a2bd0d955ff5e6da9973d56eed0e8,5038022,1517875198,0x5d4e6de421e77edb878ef04fefb38d7fce960c64,0x19afb5e405613906137cc137224eafd4673faccd,0.213428782043519847,NULL,0x,0
12,0xf809694764591c9e05318894cf9cc8a52c8e967e5301a81ec7dd7f8c1ef59303,5038027,1517875244,0xa20ccb62def58b321a3878389be61754cb6779d4,0x19afb5e405613906137cc137224eafd4673faccd,0.147861000000000000,NULL,0x,0
13,0x29f789978592f5590cc550bd6e6111f471d35e7f483f3848d4272eecde2bcd89,5039265,1517893847,0x0297f2621741cdc7894234d847a6f38e479f6319,0x19afb5e405613906137cc137224eafd4673faccd,0.174199003583087041,NULL,0x,0
14,0x151364558ffd105caf6bdcc12a8e85e8b4a915f2d61eddbfa7245e3398652e76,5039378,1517895440,0xfdc0d63d09b2da0e57a42425279147913dc16319,0x19afb5e405613906137cc137224eafd4673faccd,0.283815161223083000,NULL,0x,0
15,0x7630495bb5bba4516ad2563b1c4ad8a69ee7f3cb8525df1d0504857980316491,5047604,1518014913,0x32c96d2eee9fb76512ab323d9d42d95b1cd2ba38,0x19afb5e405613906137cc137224eafd4673faccd,2.994193155000000000,NULL,0x,0
16,0x3edc9cc6736ddee9e2cb9178fa1890909e77ce096f534c6f5c49ce88c354931b,5047607,1518014931,0x93dd14fd6a6fea6719722143bd24894f65fdf3eb,0x19afb5e405613906137cc137224eafd4673faccd,0.128946857649537533,NULL,0x,0
17,0xea0378326932f5b8964c4e9489e2c70bf190b4e9192f876a639d0321f1b03d1a,5048035,1518021167,0x78a144ab9a7003163c547053e7c0639df19c9778,0x19afb5e405613906137cc137224eafd4673faccd,0.938782220000000000,NULL,0x,0
18,0x8fbc76d81a49710ced7a0a7288dc137c532d91981f2006338ede47921ac92a2b,5048038,1518021252,0xa6f833567201cfb0d426dd24184617a8536aec37,0x19afb5e405613906137cc137224eafd4673faccd,0.505833287687944384,NULL,0x,0
19,0x8254daf519f88b40e11ec2bae5711efe4a1190e7fbb7ea393790e73fe8c94f1e,5050288,1518053994,0x1a9db324d161730735685c3ee0e48dde689bd916,0x19afb5e405613906137cc137224eafd4673faccd,0.101978958294834128,NULL,0x,0
20,0xa330c4379d6834d7185da82509103628ab29406d4ac4b25a596992357b2d8e7f,5053625,1518102797,0xea1f1573e3d23ebb9ba082a15248540ec4949ee0,0x19afb5e405613906137cc137224eafd4673faccd,0.106999679815610000,NULL,0x,0
21,0x517149ce93d5fb7e4791973c69ceba70940a40ae487cf6f05d96485c86bdbb96,5055230,1518125742,0xac17ec868f9e5db5a32fcdde287a5b11b6f894ff,0x19afb5e405613906137cc137224eafd4673faccd,0.283116017883179089,NULL,0x,0
22,0x67dfac39f671a712736bcf7ed8110a4b70bba1750cfad48f0c7adf71ec70ba82,5055721,1518132278,0xa6f833567201cfb0d426dd24184617a8536aec37,0x19afb5e405613906137cc137224eafd4673faccd,0.500198021471685513,NULL,0x,0
23,0x97fd8adee23ddc6717f4a2498c51c10ecbfa8f6b5f7a6f881c395b9251828dd5,5055751,1518132697,0x7e0505861919049bd03587e0a0529790f01d4d0e,0x19afb5e405613906137cc137224eafd4673faccd,0.124553880000000000,NULL,0x,0
24,0x730fc4ec236eb9359f76c128f14ffbdcbea07460eb754d880c11b4e741fdb316,5059333,1518184307,0x38e59a8d920a666fea6f61ae589e6351bc2dc6c2,0x19afb5e405613906137cc137224eafd4673faccd,3.997921000000000000,NULL,0x,0
25,0xd3d9ab59d280058e817ed2598bb769c84fe16bf9d27f16370be130528f621fb1,5061764,1518220384,0x29d603bbe814579218a2bf9af09989c43290389e,0x19afb5e405613906137cc137224eafd4673faccd,0.097986117590476688,NULL,0x,0
26,0x652fb30a0f0656c58771d828bacd01be5196951879ebbd5d598ebdc9077bf0a7,5061767,1518220429,0xf56c704a9e6da5ecde18adf10bd48c3d1177d3ba,0x19afb5e405613906137cc137224eafd4673faccd,0.113261000000000000,NULL,0x,0
27,0x7fa988db52dc5ab28b30bb39fdcb7023f2fdfbfec6c2b18a149e8ff0cfe08a3f,5061771,1518220494,0x58fe1daa0040e7aae935b66181bac3387edee92e,0x19afb5e405613906137cc137224eafd4673faccd,0.167422380000000128,NULL,0x,0
28,0xdc8f064a66e8835693da4b9a66c5f5c1a38a3bb0ae982f22c7fc6dacdcea2894,5061772,1518220512,0x48b89332c1077d79fa01b2e2f0e2c7a4f0ab580c,0x19afb5e405613906137cc137224eafd4673faccd,0.122102686000000000,NULL,0x,0
29,0x12d6269aae656958375c17ce57dfd96f1c2eeacfc15e88ff12d409648358cfa8,5061834,1518221413,0xb6fec41b7083cc9b0034843bc08069e00e4f087d,0x19afb5e405613906137cc137224eafd4673faccd,0.308110000000000000,NULL,0x,0
30,0x67a8c1bc70aa0ad77d6a699ad47562abd0c8e96c1589df1b72b4d894a3554faa,5064412,1518258819,0x8f7addc6cb09d5417b7a78bc67d0420fcff12e09,0x19afb5e405613906137cc137224eafd4673faccd,0.365110000000000000,NULL,0x,0
31,0x009695abe9c35e28651818090506192cccff8da41a19b740c27102081e318c30,5071096,1518354825,0xfa162e4b7265b497a93ad49a9e518e2e0e2f76e5,0x19afb5e405613906137cc137224eafd4673faccd,1.523146900000000000,NULL,0x,0
32,0x972d67c31a997056b298553899d26b969c0d7e0e4f502cf1d4328854590129aa,5071104,1518354921,0x147a55ecd9be3e2b4dc3eb01f1b1cfe0fbf185b4,0x19afb5e405613906137cc137224eafd4673faccd,0.349408048000000000,NULL,0x,0
33,0x9d296c724cce4c5434d1fa2eb9559444e46d34c05bc255501bdb79012efe48ac,5071108,1518355025,0x4e64e242549dee56275026f86f15baa66e35792d,0x19afb5e405613906137cc137224eafd4673faccd,0.115044660000000000,NULL,0x,0
34,0x3fe73ac3b4071b64cc419be2de78a43b592abf32c2644f074ae1318a95196c14,5071108,1518355025,0x0397d3d3b91ea213c1cd95b91b1eeeb45457eed8,0x19afb5e405613906137cc137224eafd4673faccd,0.011758478658132472,NULL,0x,0
35,0x07bb189d0a9b699488fcc16e3856a659de1f70c4386cc884b739e4ddab4875db,5071110,1518355079,0x34078caae48df968b37128d26f75708e42e3435b,0x19afb5e405613906137cc137224eafd4673faccd,0.100048519400000000,NULL,0x,0
36,0xa5d17d92e1e1d02090b811f5dc539bbfb89317efd39d7e26fc8ea8c823f8d4d1,5071150,1518355742,0x978d3c3100fc78dc3104d57660d74f7caef92c73,0x19afb5e405613906137cc137224eafd4673faccd,0.100154795053428325,NULL,0x,0
37,0x57322ee19e808bfec189104d6d74160ce2686e521a2b82f2c344cdf4cc44113a,5072637,1518377156,0xad4e9bf9d4be392df66323c190a1099bc5b0d8ca,0x19afb5e405613906137cc137224eafd4673faccd,0.208308597576753492,NULL,0x,0
38,0x655b3e86c674c75ea08ead566c545fc9951b8b0a55dfe6eb472c167ec7201775,5072640,1518377183,0xb8290b6881975e4bc13b1637e321e928a40a4f8a,0x19afb5e405613906137cc137224eafd4673faccd,0.109717974170792234,NULL,0x,0
39,0x29857fafadc823bdd6d798804c6122a8f192780eb2e0128bfc067aef08f030a1,5076072,1518426774,0xc364001e4bcde0f24b42cd810fa8a3a0d1988e5c,0x19afb5e405613906137cc137224eafd4673faccd,0.101366411998951146,NULL,0x,0
40,0x040ee1766422df59fa9a1dd55278a7f283f944384802a1931472c1d84df1d9aa,5076135,1518427514,0x19afb5e405613906137cc137224eafd4673faccd,0x4c6fd68c460f29c302d5f24b1232691aec706de5,0.348960000000000000,NULL,0x,0
41,0xf6bc21a719b720630b3663de560f7cbe064916bcedebc9277af7838e3018a0d4,5076139,1518427567,0x19afb5e405613906137cc137224eafd4673faccd,0x1d01a950dfa1f6ac73dfb7002ee6464397c0a197,1.938970000000000000,NULL,0x,0
42,0x3b549dcb3c6454b013dc5a7c772da5f5a7c5ce88bc0aa2727c86d4ac90a5a294,5076141,1518427649,0x19afb5e405613906137cc137224eafd4673faccd,0x7215787dd30dd64882374a6ec1b52e9687a515e2,0.697910000000000000,NULL,0x,0
43,0x3a56a01038275ca90ccd67904a2dbe315ead15cdcbcc7c2bc79584ef5306e6ab,5077544,1518448239,0x567b81d90b92a546830acc797b3d08901187197c,0x19afb5e405613906137cc137224eafd4673faccd,0.179846640821888085,NULL,0x,0
44,0x8f039c716f2557a944526b28c2a7325fca286b9f531e5c1e5a8f153d29fa4c30,5079674,1518479253,0x6c181b9a4dea379803002fc1c520ad18e9a13d46,0x19afb5e405613906137cc137224eafd4673faccd,0.123786000000000000,NULL,0x,0
45,0xf7ea6e2b7ab5323b4c116932d2aa4fd91941b1c1182fba6e85f2ff84f7ced5a3,5083568,1518535807,0x19afb5e405613906137cc137224eafd4673faccd,0xdafc2a2d4e070f863cfcb5887bc2516e05e18877,13.000000000000000000,NULL,0x,0
46,0x77813b50a050e8e15d655ba66fd2347e1065338d3ab8682aaa9720af93a69300,5083579,1518535959,0x19afb5e405613906137cc137224eafd4673faccd,0x41dbecc1cdc5517c6f76f6a6e836adbee2754de3,0E-18,NULL,0xa9059cbb000000000000000000000000dafc2a2d4e070f863cfcb5887bc2516e05e18877000000000000000000000000000000000000000000000c28c968910cafbbae00,0
47,0x22ceda31a62a9a54d5ea6ac6f367251a89dfe1a3ba0ff071f6074ac3766aeb94,5083583,1518535987,0x19afb5e405613906137cc137224eafd4673faccd,0x26e75307fc0c021472feb8f727839531f112f317,0E-18,NULL,0xa9059cbb000000000000000000000000dafc2a2d4e070f863cfcb5887bc2516e05e188770000000000000000000000000000000000000000000001142892d723a24e8000,0
48,0xa23316593146e72323f4bd54ce20031d622a5d4a397df111a120e8acf165e408,5083584,1518535998,0x19afb5e405613906137cc137224eafd4673faccd,0xf230b790e05390fc8295f4d3f60332c93bed42e2,0E-18,NULL,0xa9059cbb000000000000000000000000dafc2a2d4e070f863cfcb5887bc2516e05e188770000000000000000000000000000000000000000000000000000001a72e814d0,0
49,0xa559ad42a6a4544b0eca5680360f2a1d0dae09159c276c7e5d57c7bebb83a634,5083586,1518536023,0x19afb5e405613906137cc137224eafd4673faccd,0x9992ec3cf6a55b00978cddf2b27bc6882d88d1ec,0E-18,NULL,0xa9059cbb000000000000000000000000dafc2a2d4e070f863cfcb5887bc2516e05e188770000000000000000000000000000000000000000000000b02ecf74c313880000,0
50,0xacc76013dc43336a7eb3a2eb8525062db42fe074cb7ac7b9f26725d6a8c7f922,5083589,1518536051,0x19afb5e405613906137cc137224eafd4673faccd,0xd4c435f5b09f855c3317c8524cb1f586e42795fa,0E-18,NULL,0xa9059cbb000000000000000000000000dafc2a2d4e070f863cfcb5887bc2516e05e188770000000000000000000000000000000000000000000001de0655383bd2880000,0
51,0x0d33ac892e3bee5f8bd2d565e778aec26fd37e7357bf989f0c25e7db76f8c478,5083592,1518536113,0x19afb5e405613906137cc137224eafd4673faccd,0xba9d4199fab4f26efe3551d490e3821486f135ba,0E-18,NULL,0xa9059cbb000000000000000000000000dafc2a2d4e070f863cfcb5887bc2516e05e1887700000000000000000000000000000000000000000000000000000129a693f000,0
52,0x098ed3dc535115d4d4355d48b613e886db9baa9a97c5a9abef8c4c300e7a4d2e,5083603,1518536188,0x19afb5e405613906137cc137224eafd4673faccd,0xaa7a9ca87d3694b5755f213b5d04094b8d0f0a6f,0E-18,NULL,0xa9059cbb000000000000000000000000dafc2a2d4e070f863cfcb5887bc2516e05e188770000000000000000000000000000000000000000000000d36b5f58ea17700000,0
53,0xbd0639ca1ae798cfd8814f4718a5175b1ce9cf8e26316445d1c8da1311237dd9,5083606,1518536236,0x19afb5e405613906137cc137224eafd4673faccd,0xe2fb6529ef566a080e6d23de0bd351311087d567,0E-18,NULL,0xa9059cbb000000000000000000000000dafc2a2d4e070f863cfcb5887bc2516e05e1887700000000000000000000000000000000000000000000002154e04f02d7008000,0
54,0xbf2932537f8621132bb830f7882954785cda175be7f9a14489ff4cd4a70a06de,5083609,1518536297,0x19afb5e405613906137cc137224eafd4673faccd,0x70a72833d6bf7f508c8224ce59ea1ef3d0ea3a38,0E-18,NULL,0xa9059cbb000000000000000000000000dafc2a2d4e070f863cfcb5887bc2516e05e188770000000000000000000000000000000000000000000000735a7b0a95a6129000,0
55,0x2e45b808c55f6fd3a3d2567b6990c76de018f5b0aa0930dfd50d8bb181a7219c,5083611,1518536333,0x19afb5e405613906137cc137224eafd4673faccd,0x80a7e048f37a50500351c204cb407766fa3bae7f,0E-18,NULL,0xa9059cbb000000000000000000000000dafc2a2d4e070f863cfcb5887bc2516e05e18877000000000000000000000000000000000000000000000021ec168616417dda00,0
56,0x25cc74c87307804090851353a4e82cabbff0d59703ed29113c5d35dde62bccb2,5083612,1518536360,0x19afb5e405613906137cc137224eafd4673faccd,0x47dd62d4d075dead71d0e00299fc56a2d747bebb,0E-18,NULL,0xa9059cbb000000000000000000000000dafc2a2d4e070f863cfcb5887bc2516e05e188770000000000000000000000000000000000000000000014a57c4faedc49f00000,0
57,0x187368db95c929f973cb96688f882805ec4408cb60a1f02d62296ae88b4c2613,5083615,1518536394,0x19afb5e405613906137cc137224eafd4673faccd,0x2baac9330cf9ac479d819195794d79ad0c7616e3,0E-18,NULL,0xa9059cbb000000000000000000000000dafc2a2d4e070f863cfcb5887bc2516e05e18877000000000000000000000000000000000000000000000373605c633741278800,0
58,0xaa08b8f2932483556d386eec28cce04e728e673572cf05d18cf7f3ac5b9dd4a7,5083618,1518536430,0x19afb5e405613906137cc137224eafd4673faccd,0xa5fd1a791c4dfcaacc963d4f73c6ae5824149ea7,0E-18,NULL,0xa9059cbb000000000000000000000000dafc2a2d4e070f863cfcb5887bc2516e05e1887700000000000000000000000000000000000000000000002086ac351052600000,0
59,0xc0ce709a1e9f45fcb7d1e35ebdf669084fce9e148929ebff2be368ed33bfac16,5083622,1518536467,0x19afb5e405613906137cc137224eafd4673faccd,0xfa1a856cfa3409cfa145fa4e20eb270df3eb21ab,0E-18,NULL,0xa9059cbb000000000000000000000000dafc2a2d4e070f863cfcb5887bc2516e05e188770000000000000000000000000000000000000000000001afe8d882cd911c8000,0
60,0x3804bf30dfd4e05ae8d59034e914e2f5786efb860ce3c8ddceb258f8ddfd2621,5083623,1518536527,0x19afb5e405613906137cc137224eafd4673faccd,0x5f53f7a8075614b699baad0bc2c899f4bad8fbbf,0E-18,NULL,0xa9059cbb000000000000000000000000dafc2a2d4e070f863cfcb5887bc2516e05e188770000000000000000000000000000000000000000000000a2a15d09519be00000,0
61,0xac4f8e75d3ad341b8a39fd59fe1904c562f2fe0681af95ebe82d88ffad3ca8e1,5083624,1518536542,0x19afb5e405613906137cc137224eafd4673faccd,0x24ddff6d8b8a42d835af3b440de91f3386554aa4,0E-18,NULL,0xa9059cbb000000000000000000000000dafc2a2d4e070f863cfcb5887bc2516e05e18877000000000000000000000000000000000000000000000032bd9c00dc05a00000,0
62,0x7a82403983218a2f4e17eb0930081795e1f2a5943e7053609640f3c1f717d0ed,5083628,1518536621,0x19afb5e405613906137cc137224eafd4673faccd,0x8a854288a5976036a725879164ca3e91d30c6a1b,0E-18,NULL,0xa9059cbb000000000000000000000000dafc2a2d4e070f863cfcb5887bc2516e05e18877000000000000000000000000000000000000000000000006426184468a0a6000,0
63,0xb2638202a32425e20b075451e55fad76b9d2a9c6744e34826d99428aa513a833,5083631,1518536649,0x19afb5e405613906137cc137224eafd4673faccd,0x93e682107d1e9defb0b5ee701c71707a4b2e46bc,0E-18,NULL,0xa9059cbb000000000000000000000000dafc2a2d4e070f863cfcb5887bc2516e05e188770000000000000000000000000000000000000000000000000000000723177170,0
64,0xc8e76d09917ee3b5793ffa4ffa5d4798ddd69e66d24a640ba1ec2ea32b132487,5083635,1518536685,0x19afb5e405613906137cc137224eafd4673faccd,0xc7579bb99af590ec71c316e1ac4436c535039594,0E-18,NULL,0xa9059cbb000000000000000000000000dafc2a2d4e070f863cfcb5887bc2516e05e18877000000000000000000000000000000000000000000000005f68e8131ecf80000,0
65,0x508c4df884d111623d82aa6aa8e52059b8fef885b4cc019ce4f25607241a1c60,5083637,1518536723,0x19afb5e405613906137cc137224eafd4673faccd,0x419d0d8bdd9af5e606ae2232ed285aff190e711b,0E-18,NULL,0xa9059cbb000000000000000000000000dafc2a2d4e070f863cfcb5887bc2516e05e188770000000000000000000000000000000000000000000000000000006c2c516600,0
66,0xcbdadabb6fb7836346eaf91e0c19d9a1c4b8c4d6b277d280df5987b5767de200,5083639,1518536740,0x19afb5e405613906137cc137224eafd4673faccd,0x1234567461d3f8db7496581774bd869c83d51c93,0E-18,NULL,0xa9059cbb000000000000000000000000dafc2a2d4e070f863cfcb5887bc2516e05e1887700000000000000000000000000000000000000000000003df64fbc205f7c0000,0
67,0x0110af1d554aba50dcd50bb76b72259819745b2d6e696d0de5655379c5bdaca3,5083642,1518536819,0x19afb5e405613906137cc137224eafd4673faccd,0x4cf488387f035ff08c371515562cba712f9015d4,0E-18,NULL,0xa9059cbb000000000000000000000000dafc2a2d4e070f863cfcb5887bc2516e05e1887700000000000000000000000000000000000000000000008f1d5c1cae37400000,0
68,0x0a77fc0dc239448da5942f8e22e8aab8fe95bed2949edb71d0f0a86efa2126fb,5083645,1518536892,0x19afb5e405613906137cc137224eafd4673faccd,0x47dd62d4d075dead71d0e00299fc56a2d747bebb,0E-18,NULL,0xa9059cbb000000000000000000000000dafc2a2d4e070f863cfcb5887bc2516e05e188770000000000000000000000000000000000000000000014a57c4faedc49f00000,0
69,0x214d24d12e85462505ae5d7feb748cca734754a1e7a457be718ca375acb50b21,5083660,1518537123,0x19afb5e405613906137cc137224eafd4673faccd,0x47dd62d4d075dead71d0e00299fc56a2d747bebb,0E-18,NULL,0xa9059cbb000000000000000000000000dafc2a2d4e070f863cfcb5887bc2516e05e18877000000000000000000000000000000000000000000001497eedd436ad2480000,1
70,0xfab63f3c12a0ca49b56635d86040caa58de3a048a731685b4521497c5b45837f,5083667,1518537217,0x19afb5e405613906137cc137224eafd4673faccd,0x47dd62d4d075dead71d0e00299fc56a2d747bebb,0E-18,NULL,0xa9059cbb000000000000000000000000dafc2a2d4e070f863cfcb5887bc2516e05e18877000000000000000000000000000000000000000000001497eedd436ad2480000,0
71,0xe7f76ca610983ba7080e81784c02ffa20f06a627eace3fbaf74c58ba40e47105,5083685,1518537390,0x19afb5e405613906137cc137224eafd4673faccd,0x53148bb4551707edf51a1e8d7a93698d18931225,0E-18,NULL,0xcb899024,0
72,0x32a858a20209eaede0df1630326ccd0a18d22db212ba6e9080671922eba33dd2,5083691,1518537431,0x19afb5e405613906137cc137224eafd4673faccd,0x53148bb4551707edf51a1e8d7a93698d18931225,0E-18,NULL,0xa9059cbb000000000000000000000000dafc2a2d4e070f863cfcb5887bc2516e05e18877000000000000000000000000000000000000000000000000000003ca9efc105d,0
73,0xdea394afd7df1fa1b15b0bfe34c81dbce39312f828f8a7bfa600968ce4705f39,5083700,1518537519,0x19afb5e405613906137cc137224eafd4673faccd,0xdafc2a2d4e070f863cfcb5887bc2516e05e18877,1.199586607048202294,NULL,0x,0
