,TxHash,BlockHeight,TimeStamp,From,To,Value,ContractAddress,Input,isError
0,0xa656e1c3b3d5e6d7a3799c759cfb3e0e7f68bdb0fd91b0e694bd7f35df9e0771,7010705,1546633505,0xb8680bd6deac761378bc0be00458de9459627881,0x19eee53faa2820b0d7c56cac3275231a2dc3ca9a,36.000000000000000000,NULL,0x,0
1,0x5ae69042a6a3d2069290f3ac76224b76687bff79724fbe0a6752b5ad17457de4,7010710,1546633608,0xb8680bd6deac761378bc0be00458de9459627881,0x19eee53faa2820b0d7c56cac3275231a2dc3ca9a,0.010000000000000000,NULL,0x,0
2,0x44e0bcd9416a67da0cecff5cb248faab5df1641b03ca98ecbb95f5d3075191bd,7010729,1546633910,0x19eee53faa2820b0d7c56cac3275231a2dc3ca9a,0x2addf0884b46e70ebdf37d37c48e2384481282ba,36.000000000000000000,NULL,0x,0
3,0xb70fa5c8f0ddcb9d8a99cf364a631c7959072efc53aba4dde611f406ec90fcb8,7010760,1546634413,0xb8680bd6deac761378bc0be00458de9459627881,0x19eee53faa2820b0d7c56cac3275231a2dc3ca9a,0.170000000000000000,NULL,0x,0
4,0x60a517b0dd50beb891290b9792668d2acbd47bc02ae485b9aaa6339970f154b0,7010792,1546634891,0x19eee53faa2820b0d7c56cac3275231a2dc3ca9a,0x0e8d6b471e332f140e7d9dbb99e5e3822f728da6,0E-18,NULL,0x095ea7b30000000000000000000000002a0c0dbecc7e4d658f48e01e3fa353f44050c20800000000000000000000000000000000000000000000047e1f2568d07f800000,0
5,0x76c7d0c625c0cb378935d32f41524db90ec0f4a5876900abeaa1566fef5ddbc2,7010794,1546634925,0x19eee53faa2820b0d7c56cac3275231a2dc3ca9a,0x2a0c0dbecc7e4d658f48e01e3fa353f44050c208,0E-18,NULL,0x338b5dea0000000000000000000000000e8d6b471e332f140e7d9dbb99e5e3822f728da600000000000000000000000000000000000000000000047e1f2568d07f800000,0
6,0x8a8d643b32fabf3f811097128a543fc3fe8158e25ea7b86012c6d0ea437937be,7010796,1546634942,0x19eee53faa2820b0d7c56cac3275231a2dc3ca9a,0x622dffcc4e83c64ba959530a5a5580687a57581b,0E-18,NULL,0x095ea7b30000000000000000000000002a0c0dbecc7e4d658f48e01e3fa353f44050c2080000000000000000000000000000000000000000000011ffdbf6b2b2eb200000,0
7,0x0a46ffdcc53e22f963f0049454ef9647b0625dd5c5215a09c1aa85d88b12e463,7010797,1546634964,0x19eee53faa2820b0d7c56cac3275231a2dc3ca9a,0x2a0c0dbecc7e4d658f48e01e3fa353f44050c208,0E-18,NULL,0x338b5dea000000000000000000000000d4fa1460f537bb9085d22c7bccb5dd450ef28e3a00000000000000000000000000000000000000000000000000000002ad741300,1
0,0x6d2856297fcf397531f77dacc8f350a89035a5e6d40e6d157fbb644f4422c0e7,7010832,1546635458,0x2a0c0dbecc7e4d658f48e01e3fa353f44050c208,0x19eee53faa2820b0d7c56cac3275231a2dc3ca9a,0.891749845707340311,NULL,NULL,0
8,0xbb4454351cf4e3b9f944485d247601c2b2bf3dcd265064706725b82a9e97574c,7010861,1546635908,0x19eee53faa2820b0d7c56cac3275231a2dc3ca9a,0xd4fa1460f537bb9085d22c7bccb5dd450ef28e3a,0E-18,NULL,0x095ea7b30000000000000000000000002a0c0dbecc7e4d658f48e01e3fa353f44050c20800000000000000000000000000000000000000000000000000000002ad741300,0
9,0x4f3d008c7cfefb5f7d99aa79f4208fe4d8be42a3ca3e440d97eca49ce07179aa,7010862,1546635912,0x19eee53faa2820b0d7c56cac3275231a2dc3ca9a,0x2a0c0dbecc7e4d658f48e01e3fa353f44050c208,0E-18,NULL,0x338b5dea000000000000000000000000622dffcc4e83c64ba959530a5a5580687a57581b0000000000000000000000000000000000000000000011ffdbf6b2b2eb200000,0
1,0x85ae927addec115eaaaaf9662ebdab896f83a4d7891572efdbddbd0b05483581,7010950,1546637373,0x2a0c0dbecc7e4d658f48e01e3fa353f44050c208,0x19eee53faa2820b0d7c56cac3275231a2dc3ca9a,0.648081881835322102,NULL,NULL,0
10,0x139956a594f7d37915993cd49adef10a26509311b44b9c2b54f07e0f88fa9456,7011292,1546642565,0x19eee53faa2820b0d7c56cac3275231a2dc3ca9a,0xd4fa1460f537bb9085d22c7bccb5dd450ef28e3a,0E-18,NULL,0xa9059cbb000000000000000000000000c2170abf46a478577509f9776512b31ee4af074500000000000000000000000000000000000000000000000000000002ad741300,0
11,0x92620f982cb5df13c213897ee3e81417cc9e5fb565e11853524e63503f210d71,7011292,1546642565,0x19eee53faa2820b0d7c56cac3275231a2dc3ca9a,0x2a0c0dbecc7e4d658f48e01e3fa353f44050c208,0E-18,NULL,0x338b5dea000000000000000000000000d4fa1460f537bb9085d22c7bccb5dd450ef28e3a00000000000000000000000000000000000000000000000000000002ad741300,1
12,0x7c525afde7729a69443019a615bcc67b129599ee28b1dc232036257d52a0890f,7011302,1546642731,0x19eee53faa2820b0d7c56cac3275231a2dc3ca9a,0xc2170abf46a478577509f9776512b31ee4af0745,1.638424327542662413,NULL,0x,0
