,TxHash,BlockHeight,TimeStamp,From,To,Value,ContractAddress,Input,isError
0,0x86f6ab03fb44f386bd4f4a4aed67a3d926d94269f2f291c1448764346e39dfce,6065210,1533070589,0xb3572fcd2bd8fdf84f60cd1ea0427c1b18e3b54e,0x1d6065940bfd6ac7c4ec1e2a35e1420e0a9c1bff,0.558856790000000000,NULL,0x,0
1,0xe71cf9ede645595a4e025c5eb3de56a49713d3a3078fa46fccb75ecd587c55bf,6070557,1533150153,0x1d6065940bfd6ac7c4ec1e2a35e1420e0a9c1bff,0x233e86081f3fc917018efe21be54cd5910f287ec,0.551320490000000000,NULL,0x,0
2,0x1e79122507e9c17e57ed20795d22ee1527620fea0eac527fb086e1e775332034,6084502,1533353315,0xd24400ae8bfebb18ca49be86258a3c749cf46853,0x1d6065940bfd6ac7c4ec1e2a35e1420e0a9c1bff,0.704448000000000000,NULL,0x,0
3,0x564688fcef57fbca6dfc2f6326a2266d9caef57761b0285af08fb6fd9a59b30e,6084860,1533358565,0xf6230e7e98d2bbebf96d14888020e9c3e8c27d69,0x1d6065940bfd6ac7c4ec1e2a35e1420e0a9c1bff,0.600000000000000000,NULL,0x,0
4,0x5dd38e6cac10b043e690deffb7648faec51d45cc7e9d41d46bae125d82f809cd,6085937,1533373608,0x5e032243d507c743b061ef021e2ec7fcc6d3ab89,0x1d6065940bfd6ac7c4ec1e2a35e1420e0a9c1bff,0.176378040000000000,NULL,0x,0
5,0x184ce8f98e78f7aef0c3f93b0f3fe8b73d9997055faddb72964b82bd9942a915,6088142,1533405939,0x29618e768d56b59c03179ce2c65550c2a9f51615,0x1d6065940bfd6ac7c4ec1e2a35e1420e0a9c1bff,2.191434900000000000,NULL,0x,0
6,0x69316a2e98ed506edb9ad7926640fdce6de850997a646685611ead8734ff468a,6093195,1533479857,0xd9818fbfd94d2766f3d77e8949e858c0123a6844,0x1d6065940bfd6ac7c4ec1e2a35e1420e0a9c1bff,0.510000000000000000,NULL,0x,0
7,0x9b6d007b547e814e9618f8988165c76b46e1b9a46488bf10eba84ce5f87dc1a9,6103882,1533635520,0x1d6065940bfd6ac7c4ec1e2a35e1420e0a9c1bff,0xa9c52f29b58c5d3ccb5cc579f4cd5ba0d32cef9a,0.076153280000000000,NULL,0x,0
8,0xfedb94a3944625bd3ef8ff23b6fa05d59819fbaf26308c52e69f13fd6697e62d,6104188,1533640218,0x1d6065940bfd6ac7c4ec1e2a35e1420e0a9c1bff,0x50c2ff8a2daa486269fd157a539163972b6194b2,4.111060960000000000,NULL,0x,0
