,TxHash,BlockHeight,TimeStamp,From,To,Value,ContractAddress,Input,isError
0,0xd282a676e3184a5785919bf554338d984d4404b27f22e1a4266a7d5ccd49323b,6848173,1544265793,0xb825513c0009d8ecd235079fc0b2940abe5f802c,0x1daa4f77ce217bdc80ab7eb7fdd9c95f9d57388c,1.999580000000000000,NULL,0x,0
1,0xd76bab041bf3226a4d32bab308a5ad4bf800fdef065cd845b5aa41997febf583,6848201,1544266160,0x1daa4f77ce217bdc80ab7eb7fdd9c95f9d57388c,0xf4e4e374523c92741ee86f2a6a7e2acdec55e498,1.973763400000000000,NULL,0x,0
2,0x55d40c099756f848a98a4d16fb79e7d36897c56981811b4c702cb4ff9eadd292,6854562,1544356663,0x564286362092d8e7936f0549571a803b203aaced,0x1daa4f77ce217bdc80ab7eb7fdd9c95f9d57388c,13.576822800000000000,NULL,0x,0
3,0x8205e5f50ee1bc3fc357635c4ba9da275f1c137c4aa974a5922934100b9118aa,6854578,1544356921,0x1daa4f77ce217bdc80ab7eb7fdd9c95f9d57388c,0x26c0e8d1f43bf194758bcf15fd0ed09963f1afa8,8.200508250000000000,NULL,0x,0
4,0x50ab2d63a934adfceb035f05893b5474cec05b3efe5646413cc8bd2e54d1e1ab,6854583,1544357010,0x1daa4f77ce217bdc80ab7eb7fdd9c95f9d57388c,0x41f8bd593281adacd795b863e93807f6c0123ebb,3.573239520000000000,NULL,0x,0
5,0x737d42a2ba13cba0f88527f440a448a67e942fe237d0f83e5c3f1af19775529b,6854598,1544357231,0x1daa4f77ce217bdc80ab7eb7fdd9c95f9d57388c,0xe809a94c69103e74b99566c0765e0e92cd441268,1.545775000000000000,NULL,0x,0
6,0x9248e7c1cefbd8ca209aa281b9c04487a1718892d2e5336271078c11217e757e,6861665,1544457123,0x1daa4f77ce217bdc80ab7eb7fdd9c95f9d57388c,0xd8379e5c939b9ccc5b2a142c184768452483fffc,0.281995500000000000,NULL,0x,0
