,TxHash,BlockHeight,TimeStamp,From,To,Value,ContractAddress,Input,isError
0,0x9cad816dfe4028f0e15f02a548ec6fa97fbe3407302d98d9618c2dfb0e0a6a98,5215570,1520469349,0x6d631db58263aa0c344c7f4220398257b0228466,0x1e3c07ce10973fcaebc81468af1d3f390d2a4c71,0.310415030000000000,NULL,0x,0
1,0x144ff3d2d2f77bab744feeff0d189b682d4a0de4b31eff3738aa049e88de8ae7,5215582,1520469579,0x0681d8db095565fe8a346fa0277bffde9c0edbbf,0x1e3c07ce10973fcaebc81468af1d3f390d2a4c71,4.990000000000000000,NULL,0x,0
2,0x3737a092817f421bf721b7577bdb521f6e1fe7f9212afd810acb90fccafd7dfe,5215593,1520469726,0x745d2380f344529184b7e103a4d2e530c50140dc,0x1e3c07ce10973fcaebc81468af1d3f390d2a4c71,0.300000000000000000,NULL,0x,0
3,0x0db60acccca84394c11cb07ce29c356a1884e7f93b62e980a8bade6f3c6bdded,5215604,1520469856,0x51836a753e344257b361519e948ffcaf5fb8d521,0x1e3c07ce10973fcaebc81468af1d3f390d2a4c71,0.754103240000000000,NULL,0x,0
4,0xf47f9f428a6634d0ae21761d6a33e13766c5c39503432cd7c3f8545ce2af5e43,5215612,1520469973,0x0681d8db095565fe8a346fa0277bffde9c0edbbf,0x1e3c07ce10973fcaebc81468af1d3f390d2a4c71,1.140000000000000000,NULL,0x,0
5,0x69c62c322601d86e8f835bc26f6e281a782c37cee4507e75e9a741b95aa50d1e,5215618,1520470078,0x3f5ce5fbfe3e9af3971dd833d26ba9b5c936f0be,0x1e3c07ce10973fcaebc81468af1d3f390d2a4c71,0.313739940000000000,NULL,0x,0
6,0xce16a645a3de262a271742a9a256cff65b71ea4fdd815481d2ba1600fa52c680,5215636,1520470309,0x3f5ce5fbfe3e9af3971dd833d26ba9b5c936f0be,0x1e3c07ce10973fcaebc81468af1d3f390d2a4c71,0.439000000000000000,NULL,0x,0
7,0xf7bc7fe6fe20179fe1708e813fc425a02aeaa8429c8a3010ca61330cc0e02d6d,5215651,1520470543,0x0681d8db095565fe8a346fa0277bffde9c0edbbf,0x1e3c07ce10973fcaebc81468af1d3f390d2a4c71,0.990000000000000000,NULL,0x,0
8,0xa54b1422d625ef033a2374886424cedfe2adaa1bdb4d0f609c85daa9122b3240,5215693,1520471153,0x40a9df497a30e80857dad469f839913655cb0565,0x1e3c07ce10973fcaebc81468af1d3f390d2a4c71,0.300000000000000000,NULL,0x,0
9,0xd41bc2f62594b741067039cf95456072f171679cffe123b6a330f064850a9597,5215705,1520471342,0x0681d8db095565fe8a346fa0277bffde9c0edbbf,0x1e3c07ce10973fcaebc81468af1d3f390d2a4c71,4.990006040000000000,NULL,0x,0
10,0xc32dc18d0ee6e151b5d503205255b3f608b25a7b3f009623c0a081655963705a,5215713,1520471508,0x0681d8db095565fe8a346fa0277bffde9c0edbbf,0x1e3c07ce10973fcaebc81468af1d3f390d2a4c71,0.547062380000000000,NULL,0x,0
11,0x105c5f9d0044ed032f78726127053cf596b7978734d0b7d83005ac86db937ea1,5215717,1520471589,0xf118b4aaa3bdda165c5565bc7c4507320f093a4b,0x1e3c07ce10973fcaebc81468af1d3f390d2a4c71,0.477118380000000000,NULL,0x,0
12,0xb8b1215fc2723dacaffc8e7300d96435afa4023b531d06d03986d0bf3ac1bf02,5215738,1520471953,0x0681d8db095565fe8a346fa0277bffde9c0edbbf,0x1e3c07ce10973fcaebc81468af1d3f390d2a4c71,0.990000000000000000,NULL,0x,0
13,0x74cbc5f7e3a96d25e443a06b46f11e2c4b1c8cd87b8b83d9fdb7ff33a76dc9e6,5215738,1520471953,0x3f5ce5fbfe3e9af3971dd833d26ba9b5c936f0be,0x1e3c07ce10973fcaebc81468af1d3f390d2a4c71,0.290000000000000000,NULL,0x,0
14,0x7a5d3815daf390110141135baa2d58938843641a9b3ceb738388b18ed382f7a4,5215742,1520472024,0xfbb1b73c4f0bda4f67dca266ce6ef42f520fbb98,0x1e3c07ce10973fcaebc81468af1d3f390d2a4c71,0.294000000000000000,NULL,0x,0
15,0x7f7fc1aef041053ad7d8f75f1a22f6b5fe868d07141a04fb8d185f0f2d44746e,5215754,1520472334,0x3f5ce5fbfe3e9af3971dd833d26ba9b5c936f0be,0x1e3c07ce10973fcaebc81468af1d3f390d2a4c71,5.000000000000000000,NULL,0x,0
16,0xd481ba26e924ce068a78383f6a530ee06ea6f2cb1f70fcd7b563e4ee6b68005a,5215760,1520472413,0x0681d8db095565fe8a346fa0277bffde9c0edbbf,0x1e3c07ce10973fcaebc81468af1d3f390d2a4c71,4.990000010000000000,NULL,0x,0
17,0x9a2d608eb70ab329a1ee391e37c757674923a01cdd1e05b12253ecd346e5fec7,5215772,1520472639,0x3f5ce5fbfe3e9af3971dd833d26ba9b5c936f0be,0x1e3c07ce10973fcaebc81468af1d3f390d2a4c71,1.947820000000000000,NULL,0x,0
18,0x2d0eb32b41968efea0db313988dc9dbd5c8b1c4331429db389a8ff72d576cf71,5215825,1520473405,0x91a521f95a308c940ff89d21d9a0e839d73a462e,0x1e3c07ce10973fcaebc81468af1d3f390d2a4c71,0.300000000000000000,NULL,0x,0
19,0xb7ec54058c0eabb0a7f00ab8b1a0876563ec7b229437cd9b85c696c9a5c864fb,5216470,1520482595,0x4fa7fcb58bdb1c11018ea65fd3be4c940522d266,0x1e3c07ce10973fcaebc81468af1d3f390d2a4c71,2.000000000000000000,NULL,0x,0
20,0x943432797476f11735e3237795b57d5c2bbb4b1a75a36023bff4cfcad220d1c2,5216470,1520482595,0x75ded06637841f30b13d163827fd53ac717b6d3a,0x1e3c07ce10973fcaebc81468af1d3f390d2a4c71,1.000000000000000000,NULL,0x,0
21,0x9bdd0bba82c1d81aec7959b43f1c62eadf71a5a034f6e1821addeabc1b5fdb51,5216473,1520482623,0x3f5ce5fbfe3e9af3971dd833d26ba9b5c936f0be,0x1e3c07ce10973fcaebc81468af1d3f390d2a4c71,0.500000000000000000,NULL,0x,0
22,0xa5a35b5fe009b783a729f2182f49538fb3abd6ac29adecc52ec0bf6e0e939497,5216475,1520482665,0xf6230e7e98d2bbebf96d14888020e9c3e8c27d69,0x1e3c07ce10973fcaebc81468af1d3f390d2a4c71,4.957986030000000000,NULL,0x,0
23,0x6df8352f758143ae294346b2c2bbc4bc0ea943989f109d85cc91254a79a43556,5216505,1520483154,0x3f5ce5fbfe3e9af3971dd833d26ba9b5c936f0be,0x1e3c07ce10973fcaebc81468af1d3f390d2a4c71,0.500000000000000000,NULL,0x,0
24,0x4006de4060c031e2b68b5f8251d4ac887e49f86f5731338db0ad764e796edf70,5216521,1520483314,0x3f5ce5fbfe3e9af3971dd833d26ba9b5c936f0be,0x1e3c07ce10973fcaebc81468af1d3f390d2a4c71,4.990000000000000000,NULL,0x,0
25,0x5d21194bb7839185bdbf11d457dc530a274e608bc3a94cc980d91e71697003ee,5216532,1520483522,0x3f5ce5fbfe3e9af3971dd833d26ba9b5c936f0be,0x1e3c07ce10973fcaebc81468af1d3f390d2a4c71,0.990000000000000000,NULL,0x,0
26,0x301589ab4b0729a824603335de912cf4576728e2ceb0b0e0d4b22e019ad6ffa6,5216533,1520483537,0x4d08ad23ff14e4700737026c0e99fbc779b22e36,0x1e3c07ce10973fcaebc81468af1d3f390d2a4c71,5.000000000000000000,NULL,0x,0
27,0x62d4bb260793294dd40498b46ce467514b7b73a6b9e554cbfe416482b9c36d98,5216533,1520483537,0x207cd268447daff3b8c82c4f97b0fb2df8a35268,0x1e3c07ce10973fcaebc81468af1d3f390d2a4c71,4.900000000000000000,NULL,0x,0
28,0x8a7b121703eb4a46ffaa5fcc19072269b0a9fd71a7d2693d9b0ebed827c08e7e,5216537,1520483607,0xc9c4d348a5272c558eca4a0515a9d05fa1872d73,0x1e3c07ce10973fcaebc81468af1d3f390d2a4c71,0.500000000000000000,NULL,0x,0
29,0x9a72138df1bdfb7adc203afe0b9c8919a0c6dccf79e0b1dd3a5e02c9510f7600,5216569,1520484009,0x3f5ce5fbfe3e9af3971dd833d26ba9b5c936f0be,0x1e3c07ce10973fcaebc81468af1d3f390d2a4c71,0.842597740000000000,NULL,0x,0
30,0xac7d57c796dcb44d4adb4fa31178f0f0c0e95623d223cabe55bd606f6d26cefd,5216581,1520484183,0x3f5ce5fbfe3e9af3971dd833d26ba9b5c936f0be,0x1e3c07ce10973fcaebc81468af1d3f390d2a4c71,0.990000000000000000,NULL,0x,0
31,0xbae49007839baed3de55e0637a2491f4ac7ce343407054a7a93162e0f5e422b9,5216590,1520484369,0x267be1c1d684f78cb4f6a176c4911b741e4ffdc0,0x1e3c07ce10973fcaebc81468af1d3f390d2a4c71,1.025000000000000000,NULL,0x,0
32,0x86e7359ea0d2c70704b2b9010b4c574aee5720413a29cdf6830fb8969c217a68,5216592,1520484397,0x3f5ce5fbfe3e9af3971dd833d26ba9b5c936f0be,0x1e3c07ce10973fcaebc81468af1d3f390d2a4c71,0.821129480000000000,NULL,0x,0
33,0x55e6e86efd759380177ba5f2baea49e40c2dfa44c8609435c72f45a5254570af,5216596,1520484496,0x0681d8db095565fe8a346fa0277bffde9c0edbbf,0x1e3c07ce10973fcaebc81468af1d3f390d2a4c71,4.990000000000000000,NULL,0x,0
34,0x7183a39a30d82b62050b12c7ff6f58a98b459182a3ce1f681626b57c648c58d4,5216596,1520484496,0xef10a5d898c21aa95865b447be6491380859a307,0x1e3c07ce10973fcaebc81468af1d3f390d2a4c71,0.500000000000000000,NULL,0x,0
35,0xe6be593f4282cd5ed4cb06834bb439dcd6422f4ad144ed8f64a82bdee63d00b3,5216603,1520484714,0x0681d8db095565fe8a346fa0277bffde9c0edbbf,0x1e3c07ce10973fcaebc81468af1d3f390d2a4c71,1.342384250000000000,NULL,0x,0
36,0x45bb94be0958ba267d3e443f4a17a2a40d3a043551765d22630a96cee6b06dd0,5216610,1520484811,0x3f5ce5fbfe3e9af3971dd833d26ba9b5c936f0be,0x1e3c07ce10973fcaebc81468af1d3f390d2a4c71,0.519492500000000000,NULL,0x,0
37,0xd3b9af050d75531da4958c921bed9803d50a0050a44fb1b23c8a667ef2343394,5216626,1520485105,0x0681d8db095565fe8a346fa0277bffde9c0edbbf,0x1e3c07ce10973fcaebc81468af1d3f390d2a4c71,0.490000000000000000,NULL,0x,0
38,0xed42a568efdcdf63286cc248c203fad1830d0445021f04c41855779a25be9bf2,5216657,1520485547,0x3f5ce5fbfe3e9af3971dd833d26ba9b5c936f0be,0x1e3c07ce10973fcaebc81468af1d3f390d2a4c71,0.652018000000000000,NULL,0x,0
39,0x03f4024e5f9215da68394a026459316222a2ee62b06d58169dac4557d1c4a10a,5216690,1520486087,0x0681d8db095565fe8a346fa0277bffde9c0edbbf,0x1e3c07ce10973fcaebc81468af1d3f390d2a4c71,0.490000000000000000,NULL,0x,0
40,0xc28e8826a21c1b6ab915175a7ce956615c55f77c2d37bb204a10f3985edf0f89,5216709,1520486307,0x0681d8db095565fe8a346fa0277bffde9c0edbbf,0x1e3c07ce10973fcaebc81468af1d3f390d2a4c71,0.560999990000000000,NULL,0x,0
41,0x7e0bda6feed6548b001c51793dac2e91c936073c9f769ec01ab95a7472fa5bf2,5216715,1520486391,0x0681d8db095565fe8a346fa0277bffde9c0edbbf,0x1e3c07ce10973fcaebc81468af1d3f390d2a4c71,1.161182870000000000,NULL,0x,0
42,0xd483d5fed4a12ff96422473f40450a5bcdc2b755604fa8fa9f64c9ed888796da,5216788,1520487361,0x3f5ce5fbfe3e9af3971dd833d26ba9b5c936f0be,0x1e3c07ce10973fcaebc81468af1d3f390d2a4c71,0.491214810000000000,NULL,0x,0
43,0x58d98c59b4093c1accd228346655121a10c32853b1c169844e5e8bcce823c7fd,5216793,1520487434,0x3f5ce5fbfe3e9af3971dd833d26ba9b5c936f0be,0x1e3c07ce10973fcaebc81468af1d3f390d2a4c71,0.590000000000000000,NULL,0x,0
44,0x540837d1511312aa0cde9e6ad9881603a2cdd06266d480c338f1f5346330fb65,5216801,1520487556,0x3a62f80de97963fe0c37ea68a0d24f16325d98f2,0x1e3c07ce10973fcaebc81468af1d3f390d2a4c71,0.510000000000000000,NULL,0x,0
45,0x5cc71bc10fbacb87788e288707363cea7bac70e50debddc27e860707369562ea,5216803,1520487613,0x3f5ce5fbfe3e9af3971dd833d26ba9b5c936f0be,0x1e3c07ce10973fcaebc81468af1d3f390d2a4c71,0.510000000000000000,NULL,0x,0
46,0x6f779cdcaa33c35c1529137b9be5e455d18e34188765a289088e2498616a1568,5216816,1520487837,0x0681d8db095565fe8a346fa0277bffde9c0edbbf,0x1e3c07ce10973fcaebc81468af1d3f390d2a4c71,0.626126370000000000,NULL,0x,0
47,0x239a652ddacd251abe2a13e1ba107e44b5812dcb328a1040d8dee690692f3bee,5216816,1520487837,0x3f5ce5fbfe3e9af3971dd833d26ba9b5c936f0be,0x1e3c07ce10973fcaebc81468af1d3f390d2a4c71,0.500000000000000000,NULL,0x,0
48,0x26f59f2342614b5ccb175fb13f3fe509cd70bed1a70150d5bfa9bc44ce74c742,5216841,1520488114,0xb524e70bf63b4f2edc9a3d0d8103250364a8a0e2,0x1e3c07ce10973fcaebc81468af1d3f390d2a4c71,0.600000000000000000,NULL,0x,0
49,0xf989d3066c8ba7dd8bebe1ac367faa7df0a3cd415255e4f4b27726fd578e684c,5216842,1520488156,0xb89dd647788c54a03ba290a6320ba53566afb57d,0x1e3c07ce10973fcaebc81468af1d3f390d2a4c71,1.380000000000000000,NULL,0x,0
50,0x449f4ae742347c53adabf4c228749e77c5530b598a5f1e75e89a757f6934a46a,5216857,1520488347,0x2efb79e2f73b5625d84eeb70fbfc05fd92888be3,0x1e3c07ce10973fcaebc81468af1d3f390d2a4c71,0.500000000000000000,NULL,0x,0
51,0x96ea71169465c7153b6beb4b77085b093bf8a2d3041dabf2e2d621ba7ee46df5,5216862,1520488468,0x0b705eab2a67d9e4a9a848bdf9d2b0c9d5806460,0x1e3c07ce10973fcaebc81468af1d3f390d2a4c71,0.880000000000000000,NULL,0x,0
52,0xec32045ca8bf727f6142ea8f9ef3718c77c8f528278137eac92af7c7766c18b7,5216863,1520488485,0x73b9c63ed2d392e5ab62ba6b2afb4f76e2468c81,0x1e3c07ce10973fcaebc81468af1d3f390d2a4c71,0.630000000000000000,NULL,0x,0
53,0x620199c6f106dd5e61da039d7f688429096dbcc6db6be52373c31583f744c8a7,5216878,1520488714,0x3f5ce5fbfe3e9af3971dd833d26ba9b5c936f0be,0x1e3c07ce10973fcaebc81468af1d3f390d2a4c71,0.500000000000000000,NULL,0x,0
54,0x1551b3db59c47bf76f3a9d4de1871ad8d4425ebe5aa493467a266d840ef7acb9,5216892,1520488892,0x3f5ce5fbfe3e9af3971dd833d26ba9b5c936f0be,0x1e3c07ce10973fcaebc81468af1d3f390d2a4c71,0.501000000000000000,NULL,0x,0
55,0x9d0f70dc5b062c38b9f8c2b6a7ccf1e432c2cc836b0b56d04a40a648b4632ade,5216940,1520489503,0x32ffc2b68b3fb7b14d3756d9c82b1b68b3987a43,0x1e3c07ce10973fcaebc81468af1d3f390d2a4c71,0.500000000000000000,NULL,0x,0
56,0x3ceff217e2ddfeb4f3033c267706a54c7dda4f7b54adca1bfe93f09df6b084ce,5216977,1520490004,0x0681d8db095565fe8a346fa0277bffde9c0edbbf,0x1e3c07ce10973fcaebc81468af1d3f390d2a4c71,0.540000000000000000,NULL,0x,0
57,0xddc6d53c807ce5cf19b75899163c855e71d3bdac624961d347932a14d27a6704,5216988,1520490176,0x301829f087ea85d2d3271d4a4169f90df1007100,0x1e3c07ce10973fcaebc81468af1d3f390d2a4c71,2.000000000000000000,NULL,0x,0
58,0xffcd716a6bdc057e01fec7d3fb665f80fba314d0f9118d018ef3e6694655e18a,5216997,1520490316,0x52c63350c688003ec94fef22943e3d1e8f1bca07,0x1e3c07ce10973fcaebc81468af1d3f390d2a4c71,0.500000000000000000,NULL,0x,0
59,0xa1716a0f871cbc623bf813927bf68b903601813ce83f76893f3da86f31d8f21d,5217003,1520490396,0x3f5ce5fbfe3e9af3971dd833d26ba9b5c936f0be,0x1e3c07ce10973fcaebc81468af1d3f390d2a4c71,0.510000000000000000,NULL,0x,0
60,0xb5d50c3792e26bd2e5fa69eb21ab54af0f9255150659884ebb51d654787f78f2,5217033,1520490951,0x3f5ce5fbfe3e9af3971dd833d26ba9b5c936f0be,0x1e3c07ce10973fcaebc81468af1d3f390d2a4c71,0.828208900000000000,NULL,0x,0
61,0x921875da73118ce747e35156d40fcde8ba9169c7915484c29a330c0bd03a9285,5217064,1520491387,0x7d356eb13aef2d893f1a65c4552f911527c6758b,0x1e3c07ce10973fcaebc81468af1d3f390d2a4c71,0.500000000000000000,NULL,0x,0
62,0xade9e95911c7a9762b493fde7b6cfd2a2508ed9668b0f7472ab40b4848cc18a6,5217068,1520491444,0x0681d8db095565fe8a346fa0277bffde9c0edbbf,0x1e3c07ce10973fcaebc81468af1d3f390d2a4c71,0.957839250000000000,NULL,0x,0
63,0x6c80b9b5199d7a183332ca68ccd02a1a75b9b0641c64edc1ca9604ce57062d91,5217070,1520491472,0x7d356eb13aef2d893f1a65c4552f911527c6758b,0x1e3c07ce10973fcaebc81468af1d3f390d2a4c71,0.500000000000000000,NULL,0x,0
64,0xd7bca19c5f1772e10eaf5c05f21dc881eb072dac9e0e5a6fa10003a6c174a996,5217114,1520492088,0x0681d8db095565fe8a346fa0277bffde9c0edbbf,0x1e3c07ce10973fcaebc81468af1d3f390d2a4c71,4.990000000000000000,NULL,0x,0
65,0xbee62ac7b1788987f4e6e2024974dd335fd00d7a9cc139b9bb4ec89cb4b248a6,5217130,1520492396,0x3f5ce5fbfe3e9af3971dd833d26ba9b5c936f0be,0x1e3c07ce10973fcaebc81468af1d3f390d2a4c71,0.590000000000000000,NULL,0x,0
66,0x802c50f8852f7f9490037766843f65f876ca692d9fe05f5ea77a9e65d335bc0a,5217134,1520492422,0x4b0ccf337835383f867554a6acfa1cc22a3756b3,0x1e3c07ce10973fcaebc81468af1d3f390d2a4c71,0.500000000000000000,NULL,0x,0
67,0xaa9e979a3f70f299f6464438d8c5d9c75aaaea89091dba24aea34470a1ff3698,5217140,1520492521,0x0681d8db095565fe8a346fa0277bffde9c0edbbf,0x1e3c07ce10973fcaebc81468af1d3f390d2a4c71,0.490000000000000000,NULL,0x,0
68,0x069d8b446bef0f308fddb8b4f0ea3cf499edf606f3063601c4ab11d06a93aaae,5217149,1520492625,0x014ea48996b24149f52a43f94213958ff730b158,0x1e3c07ce10973fcaebc81468af1d3f390d2a4c71,0.500000000000000000,NULL,0x,0
69,0xed03a83e7da71949e1eed2296caaa4157c2234f432cbc75b01e9a8ee40aacb98,5217150,1520492641,0x9fe3518719a453aa4a71d550ed31c49d7bea2bb9,0x1e3c07ce10973fcaebc81468af1d3f390d2a4c71,0.500000000000000000,NULL,0x,0
70,0x2ca9b0d01fd1e11a7361a019be57714dea09c02d6b3098728fdbe5ebbf60f955,5217158,1520492737,0x55c7140dc4ea5f40817807cddfdae103e5a83652,0x1e3c07ce10973fcaebc81468af1d3f390d2a4c71,0.500000000000000000,NULL,0x,0
71,0x40c33e143bec9eaa6c6b3f004942c80e999f6c94b57c7916189e77e6c5674086,5217176,1520492961,0x1b84285145c19e2d5c4f8b7ed495e38663c66737,0x1e3c07ce10973fcaebc81468af1d3f390d2a4c71,0.500000000000000000,NULL,0x,0
72,0x0cddfd13ce25d234edfac38df1219cd8f1b6f91bfe2ea21655901f52b52eb159,5217177,1520492968,0x267be1c1d684f78cb4f6a176c4911b741e4ffdc0,0x1e3c07ce10973fcaebc81468af1d3f390d2a4c71,0.995000000000000000,NULL,0x,0
73,0x24a7b466798c335e8156d4174dee11b1d0671cef627cbc02e2d7619530c76d6b,5217194,1520493206,0xc05ac3478cfd7580ee0fe53cf7cac8e1c6fd9477,0x1e3c07ce10973fcaebc81468af1d3f390d2a4c71,1.000000000000000000,NULL,0x,0
74,0xa59a01522f90f9fd4ddcfb94e5e3db724f8977b01f7b2f4d8aee5a1de7a14e44,5217213,1520493453,0x3f5ce5fbfe3e9af3971dd833d26ba9b5c936f0be,0x1e3c07ce10973fcaebc81468af1d3f390d2a4c71,0.790000000000000000,NULL,0x,0
75,0x9ba31cce6db2c253d819d7b2e9d8c61b25dae9350ab7951857fcf06db08115b5,5217215,1520493470,0x0681d8db095565fe8a346fa0277bffde9c0edbbf,0x1e3c07ce10973fcaebc81468af1d3f390d2a4c71,2.400000000000000000,NULL,0x,0
76,0x0ada372d804950e259f771116febd4a37421686f1cc39747f47e9e6d6abf6b66,5217215,1520493470,0x3f5ce5fbfe3e9af3971dd833d26ba9b5c936f0be,0x1e3c07ce10973fcaebc81468af1d3f390d2a4c71,0.410800000000000000,NULL,0x,0
78,0x6edcf89b33ca3431318ce4583c66a9b44be482fa3f2f750a90a86672c408506c,5217217,1520493500,0x3f5ce5fbfe3e9af3971dd833d26ba9b5c936f0be,0x1e3c07ce10973fcaebc81468af1d3f390d2a4c71,0.411806580000000000,NULL,0x,0
77,0xa1904b84a9f09ef455b27392051c17211518c174e1c2d6a1fc1e2b5880013c6f,5217217,1520493500,0x3f5ce5fbfe3e9af3971dd833d26ba9b5c936f0be,0x1e3c07ce10973fcaebc81468af1d3f390d2a4c71,0.523307290000000000,NULL,0x,0
79,0x7c7cb020b2f30dc759c04f4618773796976c0696cf2a5ee8e95d7c52e9f5f5c9,5217287,1520494473,0xfbb1b73c4f0bda4f67dca266ce6ef42f520fbb98,0x1e3c07ce10973fcaebc81468af1d3f390d2a4c71,4.994000000000000000,NULL,0x,0
80,0x5ebd7ce4501f5b4387ada573c0e4bef734c31403fbd8c0b55f1934ad98c4457a,5217301,1520494689,0xcf118b08a66dfaf540c73759c379d1b71b27bb08,0x1e3c07ce10973fcaebc81468af1d3f390d2a4c71,0.555079760000000000,NULL,0x,0
81,0xbd892f12d37a5160b0e5ee7108dbc9b62b35fb0b876d557a1180d4126574bf27,5217304,1520494730,0x3f5ce5fbfe3e9af3971dd833d26ba9b5c936f0be,0x1e3c07ce10973fcaebc81468af1d3f390d2a4c71,0.500000000000000000,NULL,0x,0
82,0xd87fe71913dd61b36cc0a91b04718d8f9f0d063f4c3d9e3c5891a0e46257218a,5217316,1520494895,0xc52be58930b622f6ef46abcfc28260656027ca4a,0x1e3c07ce10973fcaebc81468af1d3f390d2a4c71,0.600000000000000000,NULL,0x,0
83,0x7085fdc208ece3768cb763d1a9415754bfbb40f13a7623fd3d626cd606fb46c5,5217320,1520494997,0x9e1aabf5dd275f51e6281f414163910bf96bfd2b,0x1e3c07ce10973fcaebc81468af1d3f390d2a4c71,1.000000000000000000,NULL,0x,0
84,0x49926af2abb50975e59c2785b2a4cefa18aa485c99be86c95b4dfc37e1426279,5217328,1520495122,0x3f5ce5fbfe3e9af3971dd833d26ba9b5c936f0be,0x1e3c07ce10973fcaebc81468af1d3f390d2a4c71,0.116930940000000000,NULL,0x,0
85,0x3de9128bbe00c85d0920760558c126a8ed06230be141e05c164df536574166ac,5217330,1520495138,0x14a49bf1994b01e819fd8858ef5cbc2b76b2e9ae,0x1e3c07ce10973fcaebc81468af1d3f390d2a4c71,0.003698720000000000,NULL,0x,0
86,0x54c04e4e0a9000b24a4a2f56d3dd3fe88d7517c8c55afea84228e77197d3ece4,5217362,1520495668,0x523cb13928c12db371438d5b38e14231a0cb8c14,0x1e3c07ce10973fcaebc81468af1d3f390d2a4c71,0.010000000000000000,NULL,0x,0
87,0x2ead28afb3f1fb86074e1d5fa7be36023c49cd72371869c10832dba674c99491,5217365,1520495749,0x3f5ce5fbfe3e9af3971dd833d26ba9b5c936f0be,0x1e3c07ce10973fcaebc81468af1d3f390d2a4c71,0.634329130000000000,NULL,0x,0
88,0x356ce500216007c7d7e8adf7bd54f324e03f9a13c02443a51dcd17dc27df926a,5217367,1520495779,0x0681d8db095565fe8a346fa0277bffde9c0edbbf,0x1e3c07ce10973fcaebc81468af1d3f390d2a4c71,0.490000000000000000,NULL,0x,0
89,0xa77e4ad307e9da62a4cc56769af8dabc6e163119b84e550b1ce52e04b990407a,5217388,1520496091,0x3f5ce5fbfe3e9af3971dd833d26ba9b5c936f0be,0x1e3c07ce10973fcaebc81468af1d3f390d2a4c71,0.402015670000000000,NULL,0x,0
90,0x2535fdaf841ab19c667b9ce8081bf0e6015f240cc7768cd957d8eae84b008b2d,5217393,1520496129,0x3f5ce5fbfe3e9af3971dd833d26ba9b5c936f0be,0x1e3c07ce10973fcaebc81468af1d3f390d2a4c71,0.500000000000000000,NULL,0x,0
91,0x09a58a9687169d11789860be7979cc48b264b55f7668feef4656b759acc1a96c,5217417,1520496454,0x5a62d386f7c23fbc82ad9d53cab9e10c589cac8a,0x1e3c07ce10973fcaebc81468af1d3f390d2a4c71,0.958339740000000000,NULL,0x,0
92,0x4f60f077b373bb776e9bbb8ffc1be5e1d50752e53fb1426576f90a926a02a7cd,5217495,1520497753,0x2b5634c42055806a59e9107ed44d43c426e58258,0x1e3c07ce10973fcaebc81468af1d3f390d2a4c71,0.757663000000000000,NULL,0x,0
93,0xe8a5cf7bb87ba0079ff2c5270c791ef219cfdd95b7935d18f87b9cf5d235478f,5217538,1520498333,0x3f5ce5fbfe3e9af3971dd833d26ba9b5c936f0be,0x1e3c07ce10973fcaebc81468af1d3f390d2a4c71,0.989389520000000000,NULL,0x,0
94,0x4df983eceb06bf254510d7036a7b3a21f7d7dcb0a17e2acf75fb48edb28049b7,5217544,1520498406,0x3f5ce5fbfe3e9af3971dd833d26ba9b5c936f0be,0x1e3c07ce10973fcaebc81468af1d3f390d2a4c71,0.490000000000000000,NULL,0x,0
95,0xe7e39b5c43013cb8d879013fc191bbd528947ebc98c08aaea2b6a6b900859489,5217599,1520499213,0x3f5ce5fbfe3e9af3971dd833d26ba9b5c936f0be,0x1e3c07ce10973fcaebc81468af1d3f390d2a4c71,1.344550760000000000,NULL,0x,0
96,0xe0eacf63e21f06bdba763a39318eea0fb5d1ace003989f4af8a6274d7b248bad,5217604,1520499300,0x3697d8a1d3554c5c20de3d77f4ff52cff1496f16,0x1e3c07ce10973fcaebc81468af1d3f390d2a4c71,3.000000000000000000,NULL,0x,0
0,0x39d502d93c73373e82f76a60deaafc31a626aea34bf1db5af4fc76461fc8cd42,5217657,1520500057,0x1522900b6dafac587d499a862861c0869be6e428,0x1e3c07ce10973fcaebc81468af1d3f390d2a4c71,1.000000000000000000,NULL,NULL,0
97,0x760e954115c1a119fd3c04cb428b6450331adff0718b46af1a108effb81343cf,5217673,1520500332,0x0681d8db095565fe8a346fa0277bffde9c0edbbf,0x1e3c07ce10973fcaebc81468af1d3f390d2a4c71,1.990000000000000000,NULL,0x,0
98,0xb5b4255763638cd471016842a5268cc77ff1842424abdf4ad71e4feb52f5851d,5217685,1520500511,0x3f5ce5fbfe3e9af3971dd833d26ba9b5c936f0be,0x1e3c07ce10973fcaebc81468af1d3f390d2a4c71,1.338000000000000000,NULL,0x,0
99,0xb968f19f839401e691312174c9d3de342fe26fc73c275f80c94f05a1fd87a0b6,5217685,1520500511,0x6af01669a85282bea17422e99fdcd83f1846ff65,0x1e3c07ce10973fcaebc81468af1d3f390d2a4c71,0.530000000000000000,NULL,0x,0
100,0xa4efb986bd62222af2fd99b2d895fec5c452f9f8e0c40f288d13945ff215013d,5217685,1520500511,0xf0fe57b57d85580c7d7a6cc6d7744fe7c6fff949,0x1e3c07ce10973fcaebc81468af1d3f390d2a4c71,4.900000000000000000,NULL,0x,0
101,0x8bf3f77edad5b8c92f2d4eab7e40399c4db119ad1219ccb1db79474ed9feee76,5217704,1520500748,0x0681d8db095565fe8a346fa0277bffde9c0edbbf,0x1e3c07ce10973fcaebc81468af1d3f390d2a4c71,4.906765840000000000,NULL,0x,0
102,0xb11758e49e3554231b706c4758e2c9a5e2db5ecac6f89db2236b79b0a2a266a8,5217715,1520500939,0x3f5ce5fbfe3e9af3971dd833d26ba9b5c936f0be,0x1e3c07ce10973fcaebc81468af1d3f390d2a4c71,0.517174290000000000,NULL,0x,0
103,0xeef3d2d7420aaa12a7d77ab2be72cd84dd5efcd06c21ad50afd8cc0bfc188199,5217769,1520501752,0x0681d8db095565fe8a346fa0277bffde9c0edbbf,0x1e3c07ce10973fcaebc81468af1d3f390d2a4c71,0.831600000000000000,NULL,0x,0
104,0x0343e1c9f85b96c131171721fc3c93bb47eb6ee1e37476d8ba944d344bec0826,5217777,1520501841,0x38b9252759d577e892f6806ca26655da77899dad,0x1e3c07ce10973fcaebc81468af1d3f390d2a4c71,0.000100000000000000,NULL,0x,0
105,0xb14334c9d65685ef204a8bdfefa4b5d8b8b764c806615b6e7dea964a2c677652,5217795,1520502134,0x3f5ce5fbfe3e9af3971dd833d26ba9b5c936f0be,0x1e3c07ce10973fcaebc81468af1d3f390d2a4c71,0.528980480000000000,NULL,0x,0
106,0xfd62bbb192cd562d4b3a3479d6be1c6f98a3d1b6d5b008281882928b6065c778,5217845,1520502838,0x3f5ce5fbfe3e9af3971dd833d26ba9b5c936f0be,0x1e3c07ce10973fcaebc81468af1d3f390d2a4c71,0.929078720000000000,NULL,0x,0
107,0xd7189cad34a3443337c46e8df5871880938c5c872ba0569a040bc206393d2213,5217884,1520503377,0x3701bbb4fc60c046f434c157d30387562911d0bd,0x1e3c07ce10973fcaebc81468af1d3f390d2a4c71,4.000000000000000000,NULL,0x,0
108,0xeebb7ab2a664a4b1613294a618cd4243fed55ad400c121dc295d5be24acdcc46,5217902,1520503682,0xdeb960be282c493814dc27a0076a2274bb76106b,0x1e3c07ce10973fcaebc81468af1d3f390d2a4c71,0.600000000000000000,NULL,0x,0
109,0x05b220a2fc0d25bed259d116254d04ae12ddc719e23b6ad49c2f6106ab38c97b,5217906,1520503747,0x0681d8db095565fe8a346fa0277bffde9c0edbbf,0x1e3c07ce10973fcaebc81468af1d3f390d2a4c71,0.210000000000000000,NULL,0x,0
110,0x2d34fac817dd04fae43115c6e0294367e214444dad4e23be353f267cbad65c4c,5217913,1520503822,0x0681d8db095565fe8a346fa0277bffde9c0edbbf,0x1e3c07ce10973fcaebc81468af1d3f390d2a4c71,0.780000000000000000,NULL,0x,0
111,0x6f128bf814915839a10925159e9633642f11f7669f44bb8076035ba3067d4988,5218173,1520507845,0x5649d7a19080399ca0fb9c30851551a66ba70e46,0x1e3c07ce10973fcaebc81468af1d3f390d2a4c71,0.550000000000000000,NULL,0x,0
112,0x5f728e476dac3d77c8622efaa8348d2f5f45b65c1b50398ba75b129b2831b394,5218206,1520508315,0x3f5ce5fbfe3e9af3971dd833d26ba9b5c936f0be,0x1e3c07ce10973fcaebc81468af1d3f390d2a4c71,1.990000000000000000,NULL,0x,0
113,0x97e6ac5a31d84c1e3e5d6cb20af2aa395d8d50e5f6c579bc11c4ad65b8d3c0a8,5218231,1520508864,0x3f5ce5fbfe3e9af3971dd833d26ba9b5c936f0be,0x1e3c07ce10973fcaebc81468af1d3f390d2a4c71,2.934972370000000000,NULL,0x,0
114,0xe164c75a43f2a751193d3be9f3f3b97bbe6959ea5d9261296d8f2c0257ddf23d,5218241,1520509005,0xe9ec128163c8ec498b31c973ddf138448f3c8be3,0x1e3c07ce10973fcaebc81468af1d3f390d2a4c71,0.900000000000000000,NULL,0x,0
115,0xf13f8eb533400cdb638ddb90c806eb2298a2c71543898605dd0a07ed5e9fb851,5218312,1520509972,0x1a5a0f92b43205e6eba89cbe96a0b65319f256a6,0x1e3c07ce10973fcaebc81468af1d3f390d2a4c71,0.890000000000000000,NULL,0x,0
116,0x0a7074b9469ea8baeb5bc3ed6d0f901ba927b0b515d59d7b908e0abbc51a2147,5218348,1520510631,0x9bc57d7e159cc2561ec6060a2c50845adb5f238a,0x1e3c07ce10973fcaebc81468af1d3f390d2a4c71,5.000000000000000000,NULL,0x,0
117,0x9fca7a4d02d6a7a9c583d140c8a34dc6933b0469ac39bb509e884ed89ed8e38d,5218360,1520510820,0xfbb1b73c4f0bda4f67dca266ce6ef42f520fbb98,0x1e3c07ce10973fcaebc81468af1d3f390d2a4c71,1.000000000000000000,NULL,0x,0
118,0x5e28dc37e60e6d68b41df4bf798a93cf73f3b284643e3ca146aef8213fa0d9a2,5218383,1520511239,0xf21b5db4c76ac144fedb51dc507b65d29bd7b0d8,0x1e3c07ce10973fcaebc81468af1d3f390d2a4c71,0.999538000000000000,NULL,0x,0
119,0xc5dec72980b505fb9f245542c1a8481b9846468d2016cd22837a2b367709b9ba,5218404,1520511492,0x91b462041c8b6013a453f04c385c8b08fde8a6e6,0x1e3c07ce10973fcaebc81468af1d3f390d2a4c71,0.040000000000000000,NULL,0x,0
120,0x4fdbb65ffab7b4325e7a786eac896c114e747b4f889c36c48471d35f198addbd,5218524,1520513096,0x0681d8db095565fe8a346fa0277bffde9c0edbbf,0x1e3c07ce10973fcaebc81468af1d3f390d2a4c71,0.300000000000000000,NULL,0x,0
121,0xbf9929e444f2e8d4005acaec8ce68b3ce79cb14b6488b8d617c14e6135bdc38e,5218540,1520513346,0xeb574cd5a407fefa5610fcde6aec13d983ba527c,0x1e3c07ce10973fcaebc81468af1d3f390d2a4c71,0.540000000000000000,NULL,0x,0
122,0xf7f7b7ef360e6c58bfb04bf94c26f74c9b30aa992f49cfe7a9656198d0e868e0,5218543,1520513366,0x876eabf441b2ee5b5b0554fd502a8e0600950cfa,0x1e3c07ce10973fcaebc81468af1d3f390d2a4c71,3.997300000000000000,NULL,0x00,0
123,0x9bc84a591d85886cbb4040825f55d152c45ca628db32073ca1eb168439beb872,5218559,1520513600,0x3f5ce5fbfe3e9af3971dd833d26ba9b5c936f0be,0x1e3c07ce10973fcaebc81468af1d3f390d2a4c71,2.593790000000000000,NULL,0x,0
124,0x116b206cc582ae75f840b2a88a0874bdf63139f4793ff0b0eb7f5f94187a87d7,5218726,1520515671,0x3f5ce5fbfe3e9af3971dd833d26ba9b5c936f0be,0x1e3c07ce10973fcaebc81468af1d3f390d2a4c71,4.990000000000000000,NULL,0x,0
125,0x096476cb09264ad5091dd80abe248b4292d2a3b4b02f6914d8c1f9fc893cc352,5218727,1520515675,0x3f5ce5fbfe3e9af3971dd833d26ba9b5c936f0be,0x1e3c07ce10973fcaebc81468af1d3f390d2a4c71,0.237069200000000000,NULL,0x,0
126,0x05d018b297e0b7ece4143d75d4c9ef23ac86a046da7d807756a9272a4c7e4cc3,5218734,1520515763,0x80f3c975a323f1ebf9d5c9d11bd36af49aaecd45,0x1e3c07ce10973fcaebc81468af1d3f390d2a4c71,0.000100000000000000,NULL,0x,0
127,0x00dcf37e6ebb5e622f9009b392d7ffefc401339b43b08e50fcd6f10acc82d168,5218828,1520517079,0x0681d8db095565fe8a346fa0277bffde9c0edbbf,0x1e3c07ce10973fcaebc81468af1d3f390d2a4c71,0.500000000000000000,NULL,0x,0
128,0xaa26aeab4d2782e7d751ab0b0e1c2902b65f8e82d068d6aecfb18201a5261e05,5218835,1520517202,0x79cafbc95b5b490fb2b23ec32c8c6ab9b703222b,0x1e3c07ce10973fcaebc81468af1d3f390d2a4c71,0.982145143905372992,NULL,0x,0
129,0x9f2cf0c02f31c8d049311159ec33a04c724681561fa7d2d21858644a7cbf6b3f,5218848,1520517365,0x3f5ce5fbfe3e9af3971dd833d26ba9b5c936f0be,0x1e3c07ce10973fcaebc81468af1d3f390d2a4c71,0.290000000000000000,NULL,0x,0
130,0x2cab1bd82abfd57cf91788df7335684b08c571da4babb52b78d4716604579319,5218880,1520517847,0x3f5ce5fbfe3e9af3971dd833d26ba9b5c936f0be,0x1e3c07ce10973fcaebc81468af1d3f390d2a4c71,0.290000000000000000,NULL,0x,0
131,0x3b4386bae89d54c4e9e3e5e89c380f68db2f04e652549af5aad39c40458c0f45,5218954,1520518816,0x3f5ce5fbfe3e9af3971dd833d26ba9b5c936f0be,0x1e3c07ce10973fcaebc81468af1d3f390d2a4c71,0.390000000000000000,NULL,0x,0
132,0xd5c925e7247b617986bfb72abd34630b8a24e206edb7e7a85c2bda60667be43d,5219003,1520519529,0xeb574cd5a407fefa5610fcde6aec13d983ba527c,0x1e3c07ce10973fcaebc81468af1d3f390d2a4c71,2.180000000000000000,NULL,0x,0
133,0x8c839c843be6975cd69025f0b21b87927443f5908b645e493a953af0ab380f70,5219100,1520520931,0x617b9646297b9020419838674387517bfeff022b,0x1e3c07ce10973fcaebc81468af1d3f390d2a4c71,2.080000000000000000,NULL,0x,0
134,0x07ce421d1e6af3733df87d3023bd842f0fbbed69c6ab56d8cbe1bc07c0010c73,5219150,1520521842,0xd89dfac2472b8afc10329ed9a79039cf71072adc,0x1e3c07ce10973fcaebc81468af1d3f390d2a4c71,0.999811000000000000,NULL,0x,0
135,0x4eba74add16ddae30d97642ee9478fac8bdb19aadcb663bc7291d62344a1d913,5219180,1520522313,0xe9aa6476ba75728f8a3538a85d8df396247d6c59,0x1e3c07ce10973fcaebc81468af1d3f390d2a4c71,0.100000000000000000,NULL,0x,0
136,0x1c889d5b1b0c598e103831c63e34eb9a1513a8b9bd65246f15a6720aab949a06,5219207,1520522723,0xd551234ae421e3bcba99a0da6d736074f22192ff,0x1e3c07ce10973fcaebc81468af1d3f390d2a4c71,0.590000000000000000,NULL,0x,0
1,0x7d19118c138e76a6d82c72d9654c5f86b8f1d66477297609d3b1a2327b371fcc,5219328,1520524426,0x1522900b6dafac587d499a862861c0869be6e428,0x1e3c07ce10973fcaebc81468af1d3f390d2a4c71,0.500000000000000000,NULL,NULL,0
137,0xcbf8a8fb0afde0e5c0f9e0deea0daae3d475e89a926c3843eb148bcf3fb8d290,5219404,1520525465,0xcf20a73ef5c567585ba527555fca09503860a9fa,0x1e3c07ce10973fcaebc81468af1d3f390d2a4c71,0.660000000000000000,NULL,0x,0
138,0x083bfb88520e4e49e6b03ac65a096fc1643f9da410c2be03a4250554045fcc5d,5219492,1520526773,0x1e3c07ce10973fcaebc81468af1d3f390d2a4c71,0xdc6f6b5c4c7291618a82691a689ebb77362f67ba,100.000000000000000000,NULL,0x,0
139,0x4c3f286cc128f83dcb69f0a43a2e41348d356892d2ed2610ae3d37b8bba63b61,5219579,1520528009,0x0681d8db095565fe8a346fa0277bffde9c0edbbf,0x1e3c07ce10973fcaebc81468af1d3f390d2a4c71,0.518377300000000000,NULL,0x,0
140,0xb490bcbd474e70d73bc337bf1eb0b98dc679f7dddf3048899c851db5a331dd5d,5219644,1520528885,0x0681d8db095565fe8a346fa0277bffde9c0edbbf,0x1e3c07ce10973fcaebc81468af1d3f390d2a4c71,0.990000000000000000,NULL,0x,0
141,0x95d6ee3a080bac528c323cf44c65fe9b872974bc6e0bda965471fffdebd73fa4,5219718,1520530081,0x0681d8db095565fe8a346fa0277bffde9c0edbbf,0x1e3c07ce10973fcaebc81468af1d3f390d2a4c71,0.500000000000000000,NULL,0x,0
142,0xa39dcaa6e0ddeb5bedaf983768bc4a2f16e0e4df1308b9f075ea22fb50eb7e28,5219724,1520530171,0xb1d7dabecc579dac576d0dd992afbd8aaef2a798,0x1e3c07ce10973fcaebc81468af1d3f390d2a4c71,0.001500000000000000,NULL,0x,0
143,0x43bc969ccd9570d1dcd47f6cf1eea5110f66dacdf7978745f72ba44f01442408,5219731,1520530242,0x81e8937e042a4f37b37c752715a7965fbd633ac2,0x1e3c07ce10973fcaebc81468af1d3f390d2a4c71,0.300000000000000000,NULL,0x,0
144,0xc39d09e253d39570d61000477406450b30f188183270e36ce5d0220239448023,5219799,1520531241,0x3f5ce5fbfe3e9af3971dd833d26ba9b5c936f0be,0x1e3c07ce10973fcaebc81468af1d3f390d2a4c71,0.500000000000000000,NULL,0x,0
145,0xd235f907b9b20e7fdeab50a833963ec5e196f3fd14696a3b5d143b290181528e,5219822,1520531558,0x0681d8db095565fe8a346fa0277bffde9c0edbbf,0x1e3c07ce10973fcaebc81468af1d3f390d2a4c71,2.490000000000000000,NULL,0x,0
146,0x1934f6b0478c8fc53e1ed036745b9c46fd8d70e3ae819bbc64fe48bba51d0722,5219894,1520532641,0xb1d7dabecc579dac576d0dd992afbd8aaef2a798,0x1e3c07ce10973fcaebc81468af1d3f390d2a4c71,0.001300000000000000,NULL,0x,0
147,0x724998c0cc957c5717f369c9aa52a97a05dfeb4dff8032f90145866c7515b7d3,5220008,1520534589,0x209d2fa042b32df160741b002fe3412b30f0deb4,0x1e3c07ce10973fcaebc81468af1d3f390d2a4c71,0.060000000000000000,NULL,0x,0
148,0x5e008ea0bc42147502b24cb303466479c659710236831c220a3b2d4770c6cc8d,5220046,1520535113,0x0681d8db095565fe8a346fa0277bffde9c0edbbf,0x1e3c07ce10973fcaebc81468af1d3f390d2a4c71,0.490000000000000000,NULL,0x,0
149,0xb0510af035e5248fb716c8b6cf01fbc0381ce662d8b3d91585c097fa4d3984c2,5220115,1520536167,0x0681d8db095565fe8a346fa0277bffde9c0edbbf,0x1e3c07ce10973fcaebc81468af1d3f390d2a4c71,0.490000000000000000,NULL,0x,0
150,0xc805fc480ecf80a6669e9f49157a26761b441c2df00a7c19158344cd985b05c2,5220282,1520538671,0x7071f121c038a98f8a7d485648a27fcd48891ba8,0x1e3c07ce10973fcaebc81468af1d3f390d2a4c71,2.098620000000000000,NULL,0x,0
151,0x66af81d313f10cdea0596c28b6f20cc48c838ac3d9db2daff36b2f6e020619bf,5220293,1520538818,0x0681d8db095565fe8a346fa0277bffde9c0edbbf,0x1e3c07ce10973fcaebc81468af1d3f390d2a4c71,0.563497650000000000,NULL,0x,0
152,0x853dbba401683b785ab2101196147a492c88cbb5b0c4864f42d3acfa2efa5ff0,5220313,1520539158,0x74c1babf5da6caca141b15ee7ed1d81c83ade5a0,0x1e3c07ce10973fcaebc81468af1d3f390d2a4c71,0.000100000000000000,NULL,0x,0
153,0x2914ad66de3ca31713f40b80e904992cf4fee85bee1fd8e3090e3568088a1e4a,5220381,1520540304,0x3f5ce5fbfe3e9af3971dd833d26ba9b5c936f0be,0x1e3c07ce10973fcaebc81468af1d3f390d2a4c71,1.500000000000000000,NULL,0x,0
154,0xe85b5b356bbfdf4717fc6a8715f117179544623f3d00bfc81dcf0144d6413df1,5220461,1520541467,0x4dee942b469c50f7fa902ffa74912a9eba26a505,0x1e3c07ce10973fcaebc81468af1d3f390d2a4c71,0.500000000000000000,NULL,0x,0
155,0x02fe3850d8edaf90ebd914cfce1a064a0e023efac02fb42f85db9c84cb6fd77e,5220548,1520542737,0x3f5ce5fbfe3e9af3971dd833d26ba9b5c936f0be,0x1e3c07ce10973fcaebc81468af1d3f390d2a4c71,1.990000000000000000,NULL,0x,0
156,0xe344d128e3b6c4b81804151722a395e4d5068468e9e0b3461456f8f0ab0b665e,5220618,1520543707,0x0681d8db095565fe8a346fa0277bffde9c0edbbf,0x1e3c07ce10973fcaebc81468af1d3f390d2a4c71,0.604223980000000000,NULL,0x,0
157,0x8a6f0b071164a86e49c688bce267012ad8eae607f0b77f5e47aa3546c61f5399,5220660,1520544254,0x141f6f8ab1f628098e85dfc4e9159a4c9e72007f,0x1e3c07ce10973fcaebc81468af1d3f390d2a4c71,0.500000000000000000,NULL,0x,0
158,0xdcd2b6edc6168e45338679204e2c3696106038ccb991a238470470810e2fb59d,5220691,1520544716,0x0681d8db095565fe8a346fa0277bffde9c0edbbf,0x1e3c07ce10973fcaebc81468af1d3f390d2a4c71,0.259642080000000000,NULL,0x,0
159,0x52eb5a5ee503567215c941971cfe81dd220f6583c483486e9b0f5440cbeebb7f,5220790,1520545978,0xcc02934d98c7a7ddda53d82f3c325574bbe84ec7,0x1e3c07ce10973fcaebc81468af1d3f390d2a4c71,0.001060100000000000,NULL,0x,0
160,0xa51db9fefd14d3a845872f0d3ee8ed5d5ff8fb6384b1d24313eb199ad6445811,5221689,1520559597,0x5be780a4273eac77680b172be0cee1fdcc2b6370,0x1e3c07ce10973fcaebc81468af1d3f390d2a4c71,0.500000000000000000,NULL,0x,0
161,0x523e81cf773ee09c8b28967e3436391ecad4f84f0da2ec2d59a421b823cf92a4,5221873,1520562461,0xeb574cd5a407fefa5610fcde6aec13d983ba527c,0x1e3c07ce10973fcaebc81468af1d3f390d2a4c71,2.490000000000000000,NULL,0x,0
162,0xef8dc46adf69d913dcfda5fdc2a24e27c2967219a2ba87f5cf972b26ba53782d,5222150,1520566459,0xf1ae5d22aec6ee12e38925907bb070f4e52a9ba1,0x1e3c07ce10973fcaebc81468af1d3f390d2a4c71,1.000000000000000000,NULL,0x,0
163,0x0ac0d616a5c387a2e5eef3fd530b076fbf46c3de93a08a593f6ae5956fec8c86,5222485,1520571231,0x3f5ce5fbfe3e9af3971dd833d26ba9b5c936f0be,0x1e3c07ce10973fcaebc81468af1d3f390d2a4c71,0.378448180000000000,NULL,0x,0
164,0x8248b1bac24296674c06e87453516c5a33125a0bf782f1665fdc1a8c102fbf9a,5223204,1520581665,0xd5bfcfe9bedeb8bc5533fafd028e920f2f730c4d,0x1e3c07ce10973fcaebc81468af1d3f390d2a4c71,0.768200000000000000,NULL,0x,0
165,0xc0d75ead279d525be25d6fce915dac8c57019ae3cd8ada2a3a52b20b57c603b2,5223256,1520582660,0x1e3c07ce10973fcaebc81468af1d3f390d2a4c71,0x2c22fd50570b29fcf85d6fcc7ddb3a23fbf63fec,7.000000000000000000,NULL,0x,0
166,0x0a371355ad4adb99da84d2b21b7e5400f593b428691f4a4db5f11738eaf47bcb,5223257,1520582665,0x1e3c07ce10973fcaebc81468af1d3f390d2a4c71,0xd763efdc0774895a7a1d21ec5ec36100ef0fe80a,7.000000000000000000,NULL,0x,0
167,0x90604c0dd175684aaf49550a7ac3f0b0b8b4c92be9a35e0808617775718bc094,5223262,1520582748,0x1e3c07ce10973fcaebc81468af1d3f390d2a4c71,0xc063459d0c3d9dac164edd658dbbc01442ab3b61,7.000000000000000000,NULL,0x,0
168,0xb595258cd304f08aa72085522346690907865ea92332eca7f4c6fc8598105c22,5223262,1520582748,0x1e3c07ce10973fcaebc81468af1d3f390d2a4c71,0xd49f895aad4e158e4288a8cf4b700fb61456a997,7.000000000000000000,NULL,0x,0
169,0x5652a33e979ba44cd163e06fcad18f6e7e849ee7370f028adccd2c4f7141b31e,5223265,1520582806,0x1e3c07ce10973fcaebc81468af1d3f390d2a4c71,0x99bf54517c1ba6beaf519b8641272384ee03fe05,7.000000000000000000,NULL,0x,0
170,0x5646068ae0c2ee3e929b7c1ecd26e5e172a97d0591d1b6cb0fcf8db2435d10ab,5223271,1520582922,0x1e3c07ce10973fcaebc81468af1d3f390d2a4c71,0xc281793d1be4cc08502f10cff1f6ae560218358a,7.000000000000000000,NULL,0x,0
171,0xfb2e214e30da0ea968f9cecc44618b6244bd0376410bbe0eeb760f2b53ee0ade,5223274,1520582971,0x1e3c07ce10973fcaebc81468af1d3f390d2a4c71,0x247987ed89ac1c3dbe44f7e5252242c04609d889,7.000000000000000000,NULL,0x,0
172,0xa679aac1e67a62057d7316a177e36de319fbe249eab4180847c838c7b45bfa2b,5223281,1520583053,0x1e3c07ce10973fcaebc81468af1d3f390d2a4c71,0xb5d62bfb8db649a63c046f9f920ec5cc29409d77,7.000000000000000000,NULL,0x,0
173,0x6732bc387c1ab9363bb20f0adbb022466064363d5780df029152b70a9366a92a,5223288,1520583133,0x1e3c07ce10973fcaebc81468af1d3f390d2a4c71,0xfc8cf40690c0fc6fc3c5d6bf660590fe68426716,7.000000000000000000,NULL,0x,0
174,0xd295b74b7d0df3f86232f7f983cabe25670604bf678ee7d11707dd6cd14b3e2c,5223293,1520583180,0x1e3c07ce10973fcaebc81468af1d3f390d2a4c71,0x98268e811fba268f4f1b4aa34a7d1f2fc76d9a9a,7.000000000000000000,NULL,0x,0
175,0x01d51053f1e16c6a856fc1949fa2faef3a567315c8610fc4d964f2f066e4a2b4,5223295,1520583256,0x1e3c07ce10973fcaebc81468af1d3f390d2a4c71,0x0a0dbf59f2fdca85842b5329a1fad3d63b9e808c,7.000000000000000000,NULL,0x,0
176,0x0fe6719b0d7727900e52d691286edb505aea431f28e0219ae9ef4d7fe4071b19,5223299,1520583285,0x1e3c07ce10973fcaebc81468af1d3f390d2a4c71,0xee0e3d3be51a6a4cdd9a71be4758ee5a06d1a70f,7.000000000000000000,NULL,0x,0
177,0x1b24e0ef3bdf3b1b8c13fed3e189549f3ec2bf0ea33b880bb992d7c0ca2f9633,5223310,1520583445,0x1e3c07ce10973fcaebc81468af1d3f390d2a4c71,0x216edc1f0c614c3d1c22b8f13d7bc9e5078f48b0,7.000000000000000000,NULL,0x,0
178,0x07632b4eee2c922cfe51dba097188a08e21ba5ac256d69ea60df1ce21d9e9ae1,5223316,1520583524,0x32758bc7ef6ab576f7cbd4cd581ad7179ce03f4d,0x1e3c07ce10973fcaebc81468af1d3f390d2a4c71,0.999874000000000000,NULL,0x,0
179,0x7515a71ab0ebd7bc23be65398cc6e9d1fda56432b89c7c040ddb19a820ca17da,5223323,1520583610,0x1e3c07ce10973fcaebc81468af1d3f390d2a4c71,0xdf23b8b25d7fb7bf9ff40fc5cc24775ac6c8bb02,5.652030653905372992,NULL,0x,0
