,TxHash,BlockHeight,TimeStamp,From,To,Value,ContractAddress,Input,isError
0,0xeadcc2fd9f34438cfb50c5f8903555f43c74606c017b2b35520077c27c5d62fe,6066213,1533085109,0xfbb1b73c4f0bda4f67dca266ce6ef42f520fbb98,0x1e1041d4e5e03d90e6350f8a239d8c0e9770f036,0.194000000000000000,NULL,0x,0
1,0xf6214dbd70d5c3671f7aaa20641626080c0cff22f6bb7b05ccc0a43ec905b0b3,6067706,1533107584,0x80cafc9f36b42f78ad600a79220784f379c6a773,0x1e1041d4e5e03d90e6350f8a239d8c0e9770f036,2.120839000000000000,NULL,0x,0
2,0xee31af3967ac8f7a69d7cb59af68ce239a9475d0cfc973879b9b9084eb203703,6076421,1533235718,0x6184b2164711f6d14cfd6bad081b1f9b0aeea66d,0x1e1041d4e5e03d90e6350f8a239d8c0e9770f036,0.700000000000000000,NULL,0x,0
3,0x48da62f53229bbab3069969e7af91f478f8c68b6da17929c898a11b0707558e3,6867924,1544546660,0x1e1041d4e5e03d90e6350f8a239d8c0e9770f036,0xc411a8c983cb73eca570515bfb616b2e8e7b89b8,3.010000000000000000,NULL,0x,0
