,TxHash,BlockHeight,TimeStamp,From,To,Value,ContractAddress,Input,isError
0,0x4c696abd473ded85741720030e0a72d4279305b47e5a99bf8429fbe1305dbbc7,6085226,1533363660,0x49102fa171e565a95bda4f5918d0be05d1ccb33a,0x1e21312d1e05a13a7d4af51fff776b93d5324111,0.500000000000000000,NULL,0x,0
1,0x13ef693cc02ad2c2ea107dfe45935158f3ab9d35538071fc4078c185af5c707c,6086556,1533382427,0x8c62e56bcf5b2d10a044690fc1bb210d02c735bc,0x1e21312d1e05a13a7d4af51fff776b93d5324111,0.001394700000000000,NULL,0x,0
2,0x2c55a4b3534d55eb6b0a194acc9d17ef3bcc6cc3fad2c44616fb46405badd204,6086576,1533382706,0xda296bc6c322430de4110f3b8d8a79dfe6a9ca74,0x1e21312d1e05a13a7d4af51fff776b93d5324111,0.500000000000000000,NULL,0x,0
3,0xe18370f6c0e8e99fbba0a614125f3be1b28fab306d6b9acd2999cbfc7b3e5619,6088215,1533407040,0x0681d8db095565fe8a346fa0277bffde9c0edbbf,0x1e21312d1e05a13a7d4af51fff776b93d5324111,0.860579310000000000,NULL,0x,0
4,0x112637ceee0360703119004d966930f4609ccbcfb12487c71a0407d9fba0e8da,6088648,1533413625,0x3f5ce5fbfe3e9af3971dd833d26ba9b5c936f0be,0x1e21312d1e05a13a7d4af51fff776b93d5324111,0.990000000000000000,NULL,0x,0
5,0x627de1eae822b7736d81252d45a4898817941a2f8c8ceced100a08599c95eb93,6088743,1533414872,0xd551234ae421e3bcba99a0da6d736074f22192ff,0x1e21312d1e05a13a7d4af51fff776b93d5324111,0.604131740000000000,NULL,0x,0
6,0xe6b48a45ca196f45254503c62f43546f0c01cbec475df17b3c5b9372ef0fa47c,6094436,1533497831,0x416299aade6443e6f6e8ab67126e65a7f606eef5,0x1e21312d1e05a13a7d4af51fff776b93d5324111,0.500000000000000000,NULL,0x,0
7,0x288e31c92d73c58fc8a2123690904f970cc980b9b672680c6ea4019bc6d9212e,6152806,1534350154,0x1e21312d1e05a13a7d4af51fff776b93d5324111,0xd36e9cd1627d707c882c4da3e6300512e0f53c97,1.000000000000000000,NULL,0x,0
8,0x4f3ea0890e2e745c3af66d11431d2534c5972f6d1ddc9d8240877e94bccc07da,6152810,1534350241,0x1e21312d1e05a13a7d4af51fff776b93d5324111,0xd36e9cd1627d707c882c4da3e6300512e0f53c97,0.001000000000000000,NULL,0x,0
9,0xbe39c12cb730bdd0cae591c913bf2980c3b4b579b175f4d20c15790917abd6ea,6302647,1536533898,0x1e21312d1e05a13a7d4af51fff776b93d5324111,0x014bcf00ffb1dd10ae110ee8dfbd6931839b2e20,0.011960000000000000,NULL,0x,0
