,TxHash,BlockHeight,TimeStamp,From,To,Value,ContractAddress,Input,isError
0,0x60920a27c077822a1aea23f5ab77a0f8c96a952227cafa0087c058cfebf78d69,5862292,1530088553,0xc346f0b853e9ddebba559b891ed775d09bad812c,0x1f319dd5015b1068f102912f970d63b9947e4cb0,0.011979000000000000,NULL,0x,0
1,0xdc67bbdc848a6d72d4c99d2754ffa8f4fee2341d5546808e61f226377b923efe,5866084,1530143841,0x31918dcff488ece30a5d47c03682d78a15c6cd27,0x1f319dd5015b1068f102912f970d63b9947e4cb0,3.800000000000000000,NULL,0x,0
2,0xe11d958f22c56656a1893af846a36b2880edf5dcd8e2a11f932d2ea4c77b30ce,5866097,1530144120,0x0681d8db095565fe8a346fa0277bffde9c0edbbf,0x1f319dd5015b1068f102912f970d63b9947e4cb0,0.094482300000000000,NULL,0x,0
3,0x75fe1da7591b6df92130c2e7139f50ed80ff2c53b0f20761df1a796a5bddc2ef,5866233,1530146281,0x1dc015e757b3ff91e4e923fee26282ad38ecc8b8,0x1f319dd5015b1068f102912f970d63b9947e4cb0,0.008800000000000001,NULL,0x,0
4,0xa61a5186222ecad5ec87d607dd44fcfaa6fad5cdeaacb33c12d32155f56bdf02,5869425,1530194626,0x1f319dd5015b1068f102912f970d63b9947e4cb0,0xc8fccfb348661a861225a7636cfcee7704220dbd,0.011462110000000000,NULL,0x,0
5,0x8630707db171d3b985d9fc4198d5a68daf89c07a0c9a97b4435bbd42d58644f1,5869439,1530194809,0x1f319dd5015b1068f102912f970d63b9947e4cb0,0xcab857c64ad7c8a6768396a3ab11fd8929ed756d,0.000229260000000000,NULL,0x,0
6,0xf86ddd9d9a007da3e975d4da438d4186b7af05864d436a9832d51973fd5c3926,5881907,1530380242,0x1f319dd5015b1068f102912f970d63b9947e4cb0,0x6e22ad46c345126b466231a3facbbbd543fccca1,3.902120930000000000,NULL,0x,0
