,TxHash,BlockHeight,TimeStamp,From,To,Value,ContractAddress,Input,isError
0,0x06408056d2154c6615802c101e44f0df70b57320ff9b0d047e8ae71e0edc0835,6022347,1532445745,0xfbb1b73c4f0bda4f67dca266ce6ef42f520fbb98,0x215e7e7edefda37eb39df17b8b91da9a60d85530,0.567000000000000000,NULL,0x,0
1,0xc9a676f013d88e51a068f2ad2e02ae2fcf86793c276f244ac1144a3a4c2f49cd,6022379,1532446113,0xfbb1b73c4f0bda4f67dca266ce6ef42f520fbb98,0x215e7e7edefda37eb39df17b8b91da9a60d85530,1.864000000000000000,NULL,0x,0
2,0x2e9fc48c572f9a92948b403fc7c0ca3751f92b8e8e7d75a59be292762d8c53dc,6023422,1532461506,0x76c335e7786a9e5dd1b88ce05f1f73080506c077,0x215e7e7edefda37eb39df17b8b91da9a60d85530,2.000000000000000000,NULL,0x,0
3,0xf73e5bf5963ea132cdb1146dfbb1b069f438d3c1d711c2478ea6dc22ab30a249,6023748,1532466533,0x7eb0cbd1888092345b2a2110fc1bb48a36f9fa17,0x215e7e7edefda37eb39df17b8b91da9a60d85530,5.000000000000000000,NULL,0x,0
