,TxHash,BlockHeight,TimeStamp,From,To,Value,ContractAddress,Input,isError
0,0x6d459acce29609a1b3036dd5e83bd5f27bd1480991012653a67f10ba199b690c,5636503,1526671827,0xd24400ae8bfebb18ca49be86258a3c749cf46853,0x25c6f8e1ffa1656e6d4546932dc68b6889a8d769,158.122795039529235000,NULL,0x,0
1,0x9a47ac0af131cc49f35aa958e2952ac302bc54917f141e88c0eb6978026b0ae1,5636634,1526673481,0x3e5c3aae5be5466f7fbe262fdbff1b0d882eb0a6,0x25c6f8e1ffa1656e6d4546932dc68b6889a8d769,1.000000000000000000,NULL,0x,0
2,0x3a5504dc42121adab84cc71dd9ef299023bbfdb41f99485393c98b1ced766620,5636797,1526675785,0x25c6f8e1ffa1656e6d4546932dc68b6889a8d769,0xa97af28a50ea7611414b501f7e1bbfe0b92ccc9e,39.750000000000000000,NULL,0x,0
3,0xa268173bc0bc35d489ca5374b4456c4948a9c15fd8fc3af669656728a994266b,5636822,1526676104,0x25c6f8e1ffa1656e6d4546932dc68b6889a8d769,0x96215341d7d7b1838a4b517e20dfef3f816be321,39.750000000000000000,NULL,0x,0
4,0xef9a99e365dd444a7141de403390dfa557bc9607291a3771a7a42036c99a8930,5637284,1526682941,0x25c6f8e1ffa1656e6d4546932dc68b6889a8d769,0xbeb174455aeabfa1b5462f5978149cbe8cb0e341,39.810000000000000000,NULL,0x,0
5,0xebd45c85fe22c938e578703a637341b0dc214f6392cfb194835c92f59d3992cf,5653634,1526933134,0x25c6f8e1ffa1656e6d4546932dc68b6889a8d769,0x873604de120b59a138bea40c71bcef9e5b12c295,13.270000000000000000,NULL,0x,0
6,0xbbfa4b54ba334e12a6fbabb0c4ddc59346d8649f2e34ae833255a9f9950767d2,5653701,1526934157,0x25c6f8e1ffa1656e6d4546932dc68b6889a8d769,0x187cce1c12864068fd190e4194f23ef7f3482e83,13.270000000000000000,NULL,0x,0
7,0x07eb25a0493d9d9405bce33d54627e5de9b2f00908bcc9349aad9d7e0cf436a5,5754918,1528485184,0x25c6f8e1ffa1656e6d4546932dc68b6889a8d769,0xe5b79c78a55dd59b7f0cee01b613f505909e4a86,8.350000000000000000,NULL,0x,0
8,0xe739384882d7d432a078a69597a86da12e0b09269b278dcd07dee342c9e51770,5755063,1528487144,0x25c6f8e1ffa1656e6d4546932dc68b6889a8d769,0x74618e546afb799dfb17c47c520114b75d359489,4.910000000000000000,NULL,0x,0
