,TxHash,BlockHeight,TimeStamp,From,To,Value,ContractAddress,Input,isError
0,0x50546a2014e33bd734da910c24fc40d538d5b008a22517e16c1ba8cb4442b04d,6183114,1534793423,0xe4b5cd267eac9894af22b858558d3ca4843f635e,0x2c11e2b870472a32027500bf0facceb7200e768b,0.700000000000000000,NULL,0x,0
1,0x3243adbf1ee0d67cfc15f7792a806ee034759ed07c65647ec2ae75989c45207f,6183160,1534794167,0xfd809b9550ab288b4b61ce4ae26335cf6bcc1aa9,0x2c11e2b870472a32027500bf0facceb7200e768b,10.000000000000000000,NULL,0x,0
2,0xd373076be5501e9cd4eb1881df9af02af93b00e7aa9646d293b1845f49fcead8,6189029,1534879074,0x8392029514e6d9be31a8f80aabf66fafd8f920b1,0x2c11e2b870472a32027500bf0facceb7200e768b,1.000000000000000000,NULL,0x,0
3,0xa9bb9524e85881f6e32dbd455614eec3c19b4d5201605dd624c7f5941a63dd37,6235380,1535556391,0x2c11e2b870472a32027500bf0facceb7200e768b,0x910fd9ce0c101bbe22eace66e05f577c0176bb07,11.698950000000000000,NULL,0x,0
