,TxHash,BlockHeight,TimeStamp,From,To,Value,ContractAddress,Input,isError
0,0x3725b74f1ac458c7d20f72dda3539b4cdf65581914abad79a380524a78740562,4999406,1517310573,0x8012150b32b2de76e4d9657ce2dcdd51aa72bad8,0x2d791afb30b48a0ac39e6b416d2f46aa095b1704,0.130000000000000000,NULL,0x,0
1,0x21c167c0bfdf718b798e3ddb2449dc333a117194008d5bff4abb7e16dc494742,5006505,1517414908,0x2d791afb30b48a0ac39e6b416d2f46aa095b1704,0x85fbd7c9afac202e7e15532164ad86c6c803fa5a,0.129517000000000000,NULL,0x,0
2,0x4f56d1d9fed35e72640565cdf47a22d52090e2643d0ccc1df0f61dde4539815c,5113256,1518965967,0xb378d5f62d50e2bd9a83f630a2ed10e040e83d29,0x2d791afb30b48a0ac39e6b416d2f46aa095b1704,0.050504670000000000,NULL,0x,0
3,0xde4e17fb39364c588c293030d02ee45a4614c5c8bbe0002cebadb11dc539713e,5117437,1519026647,0x2d791afb30b48a0ac39e6b416d2f46aa095b1704,0x85fbd7c9afac202e7e15532164ad86c6c803fa5a,0.049847276429662311,NULL,0x,0
4,0xf3f584d9d5f42dfa225c36f655962b4abfe0cd19d8d8be03c289348d9c7c9a29,5130990,1519227807,0xaee6d01c3d98839fd4239b2602bf20385f4a2bab,0x2d791afb30b48a0ac39e6b416d2f46aa095b1704,0.150000000000000000,NULL,0x,0
5,0x61d43d265a3b8316728cda93fba1f0ba7ecb6ac0e1d1131b0d1ce8378c6f14c8,5131035,1519228449,0x2d791afb30b48a0ac39e6b416d2f46aa095b1704,0x85fbd7c9afac202e7e15532164ad86c6c803fa5a,0.149000000000000000,NULL,0x,0
6,0xf8474d53b4dd5746fc0e0b13762e49d24b7fa0bccae3dd53de5c234eb5ce40e5,5131127,1519229783,0xaee6d01c3d98839fd4239b2602bf20385f4a2bab,0x2d791afb30b48a0ac39e6b416d2f46aa095b1704,0.200000000000000000,NULL,0x,0
7,0xc56f1be16bfac2ac0bf8505d1a51977785ddc5737f65cbb9549ee2eb912ad7db,5131244,1519231429,0x2d791afb30b48a0ac39e6b416d2f46aa095b1704,0x85fbd7c9afac202e7e15532164ad86c6c803fa5a,0.200000000000000000,NULL,0x,0
8,0x911eb7786441469e190ba72e711f9e87ff93246f6112854205a2bb794d2a663d,5201363,1520261623,0x464d7cee26b38b5fca685c641f54d0a543837a0c,0x2d791afb30b48a0ac39e6b416d2f46aa095b1704,0.046588400000000000,NULL,0x,0
9,0xeee4127212bb766e71e89fd1cf48197199025bac5e60be22c555d150a0c86fdb,5201436,1520262658,0xbca5368e76a56ac5dfed806a734c70b03b54b972,0x2d791afb30b48a0ac39e6b416d2f46aa095b1704,0.023308800000000000,NULL,0x,0
10,0x21117de580f3c043c2d7881cd1f5fdde0db966953d5e3f587983fa408849bb2a,5202052,1520271640,0x2d791afb30b48a0ac39e6b416d2f46aa095b1704,0x58b17812c9f4f6a80ee5440a22bdf6a206ebc7e8,0.069622593570337689,NULL,0x,0
11,0xaeb6885243b4237ddd6672e82b7439846b55484c2d431b5353744bf4ea699f83,5218774,1520516349,0x8be5b1a171b910a6883c95d0d1162abe194ea03b,0x2d791afb30b48a0ac39e6b416d2f46aa095b1704,0.138824360000000000,NULL,0x,0
12,0xebf3e5b32df989369f2decb8fefb2c06cff98c33a68c0b16e5ef36c55a0e03b4,5223461,1520585668,0x2d791afb30b48a0ac39e6b416d2f46aa095b1704,0x85fbd7c9afac202e7e15532164ad86c6c803fa5a,0.138341360000000000,NULL,0x,0
13,0x1852f0e0e2afab6ab7896f4f85bcc4098955fdc86ab62cc00fa3248bc971e4d0,5223519,1520586647,0x85fbd7c9afac202e7e15532164ad86c6c803fa5a,0x2d791afb30b48a0ac39e6b416d2f46aa095b1704,0.137858361474596859,NULL,0x,0
14,0x0d55164ab15f1914c46b3ab06094b66212aeec3fb4822e37cc2846224beef804,5224078,1520594471,0xb503678c2b4a69524f09e88b4d434070d6a371e7,0x2d791afb30b48a0ac39e6b416d2f46aa095b1704,0.100000000000000000,NULL,0x,0
15,0x6c1fe03750212f5205b8932118c869d83d5b86a15a8a6e0e6426085da3c3609b,5242089,1520858704,0x2d791afb30b48a0ac39e6b416d2f46aa095b1704,0x9aae384cc32bca95e99b5bd5341a513f03705674,0.237375361474596859,NULL,0x,0
16,0x1eb1332f6897c00f8054a59cf528f654710bea62fddc7f00fa507b8677c7117d,5453617,1523921391,0x580435df41b74335c7db5251ec4fd3f3bf45c32f,0x2d791afb30b48a0ac39e6b416d2f46aa095b1704,0.200000000000000000,NULL,0x,0
17,0x51b6329ad6ede644f836b82b9658a6b7effdd7c14c9024bb55ccaefb8599762a,5471040,1524180232,0x2d791afb30b48a0ac39e6b416d2f46aa095b1704,0x1014082a574625ab1407c9cbffccb203de630ab5,0.199559000000000000,NULL,0x,0
18,0x392bb2781ac0614af669903171cccf285beaf6da98fd48616e20db58eb0d9c00,5719478,1527941972,0x9352fbd21c46cc2ebe2834ec72d4984354bf1efb,0x2d791afb30b48a0ac39e6b416d2f46aa095b1704,200.000000000000000000,NULL,0x,0
19,0x8eff640b4882c44ed9e395b3e9036496a5c5ea722bd96d84c7a3e4504ccbf0f4,5720106,1527951523,0x2d791afb30b48a0ac39e6b416d2f46aa095b1704,0x9aae384cc32bca95e99b5bd5341a513f03705674,188.000000000000000000,NULL,0x,0
20,0xe24faea6637ddfa01d48b4d785afdb594dd376cc91d3e7bd2be2aa294920630a,5720194,1527952776,0x2d791afb30b48a0ac39e6b416d2f46aa095b1704,0x8c56c8007ffe16ce86c5c397cd7d8e4c4b0c97bf,2.000000000000000000,NULL,0x,0
21,0x517d23438877ca5ab7004c718cf3a14d6680d4165447cb4a6fe2f213b75b7f7a,5720213,1527953137,0x2d791afb30b48a0ac39e6b416d2f46aa095b1704,0x560103140543704632b31ecfa38bc05ee5397caa,4.000000000000000000,NULL,0x,0
22,0x6a0778fbb949acea7608644db09435a8a6da16ba199d1f170735b7edadb713e2,5720296,1527954430,0x2d791afb30b48a0ac39e6b416d2f46aa095b1704,0xb61ea15d0e498a42103a4e99c5dfa31f2e3796da,2.000000000000000000,NULL,0x,0
23,0xc58d67551a36a05abd6c898ce038de4a3bb6e81823ac84db91960c0e123178dc,5720409,1527955939,0x2d791afb30b48a0ac39e6b416d2f46aa095b1704,0xb533e182f8561efbdac986ff113e4b000ba8283a,2.000000000000000000,NULL,0x,0
24,0xeafd76cffc8a72ce3923c99263fc0e45b6f908a60e784e46061e2f78dee6b501,5720424,1527956205,0x9aae384cc32bca95e99b5bd5341a513f03705674,0x2d791afb30b48a0ac39e6b416d2f46aa095b1704,0.200000000000000000,NULL,0x,0
25,0xd19238a19ba5bf7334a45d83fb7705b8d834fa44065b0b7c3140c5d190858949,5721509,1527973026,0x2d791afb30b48a0ac39e6b416d2f46aa095b1704,0xd91eafde2188ceb4a315621b918790eafa01e750,0.003848620000000000,NULL,0x,0
26,0xe958c7a9aca470a46f2a9521ce7e16c50b2d996e288ac258e68429fd82b6dfdb,5721584,1527974045,0x2d791afb30b48a0ac39e6b416d2f46aa095b1704,0xabc8c408931318bc593021b0c178401402edd6b2,1.473667280000000000,NULL,0x,0
27,0x865a18bee603aa202fd6e046510168e3ee4d7ec113e94afb5b0d7e17229d887f,5721629,1527974633,0x2d791afb30b48a0ac39e6b416d2f46aa095b1704,0x06862821dbf63c3990e182dd0f5264f2bd08bbcb,0.718746100000000000,NULL,0x,0
28,0xd4b3fda9bb274eb54ef313e0d453ef2ee028c9f912cee1288c72bf36b7c9638e,5790601,1529027009,0xb533e182f8561efbdac986ff113e4b000ba8283a,0x2d791afb30b48a0ac39e6b416d2f46aa095b1704,0.250000000000000000,NULL,0x,0
29,0x9060fad0376a111c5bf8660021b5c508e6916dd9ad0f81b3b799e1dd52c053a2,5821452,1529481643,0x2d791afb30b48a0ac39e6b416d2f46aa095b1704,0x095de39201db880fbb246b9ddc671e1ae8933ae5,0.249559000000000000,NULL,0x,0
30,0x6a3597384012af8a854242d347ebd32973bb6fbc47ccfe6f19ac14ec7c468b9b,6237414,1535585375,0x52e5ac164c2829bbf8219c77773ec611d1a370d7,0x2d791afb30b48a0ac39e6b416d2f46aa095b1704,0.489874000000000000,NULL,0x,0
31,0xe1bc3870a52ed775fd834c30ec71c040f0f97fcbf506c44897dc6d1d667cf58a,6261410,1535934393,0x2d791afb30b48a0ac39e6b416d2f46aa095b1704,0x7f17b598a67b2a48ef721c590a77a4a6650c5e16,0.489433000000000000,NULL,0x,0
