,TxHash,BlockHeight,TimeStamp,From,To,Value,ContractAddress,Input,isError
0,0xc65afbd22a64b5274546acbaa6520f6d090cd35feb484a43b9e9eb4e78de890a,5840198,1529758719,0x87a7f34d8de299157fd5390cc1a401a045bf01fa,0x2d56f8514aeee22109e0699f8b0bfef304d5ac87,0.001000000000000000,NULL,0x,0
1,0x1cf2809af4247389b8914a7c6273654f7dd6897d1fb42e0d25ce506f13951842,5849701,1529897692,0x5bb9d5833551352049ce138cf0bef203e0b2542e,0x2d56f8514aeee22109e0699f8b0bfef304d5ac87,0.001920000000000000,NULL,0x,0
2,0x9cfa61473e660b91ee893fe9c8ba03ae8b639e2fa0bc79af0206fa0d32e36403,5859921,1530053275,0x2d56f8514aeee22109e0699f8b0bfef304d5ac87,0x72fad72208bf6b87059cff36ce8e50a49ad52264,0.000240000000000000,NULL,0x,0
3,0xaab60a43f43982004bfc40d322f384e84374b7f3435a5d26d15464250ed2f46b,5859968,1530054057,0x2d56f8514aeee22109e0699f8b0bfef304d5ac87,0x2bdc4c4f5d67970466ee26bc8e404aa0f3622a41,0.000200000000000000,NULL,0x,0
4,0x55359bd2cbf9fb08fb611b4bc1f9d8349ee4805a5d26b9d105e78dcfac0a2e8d,5859981,1530054215,0x2d56f8514aeee22109e0699f8b0bfef304d5ac87,0x450b67fd775b1c626dcc043260b3a8cfb0e85318,0.000240000000000000,NULL,0x,0
5,0x02745831693e50f302fe2f2eb0cf2754f3ad20d2d8680cf057f1c6e36ea65276,5859990,1530054348,0x2d56f8514aeee22109e0699f8b0bfef304d5ac87,0xcb8930764effbe88b99f24adc1abebf07eeaff4d,0.000240000000000000,NULL,0x,0
6,0x73a3fe9e3b1cdb3c2505d0bf8a4b8a0f97b19ec3498a17e33e6d49a7d017618d,5860069,1530055290,0x2d56f8514aeee22109e0699f8b0bfef304d5ac87,0xefea402d9feb9afc8ea440d189ceaa3cb2b9eb9b,0.000300000000000000,NULL,0x,0
7,0x604fa8b04777dfb11ac176693c0c7654113420fe6eb248a9a6f5a614b762286b,5860120,1530055957,0x2d56f8514aeee22109e0699f8b0bfef304d5ac87,0x119cb83973cfee4bf6a9fdbfa0f8b088c3c4eea0,0.000240000000000000,NULL,0x,0
8,0x49968c4344ffd7c8204fddee3fb20bf19594efefc6397802cfc0ea3ea65d3955,5860167,1530056484,0x2d56f8514aeee22109e0699f8b0bfef304d5ac87,0x63815f1d9d88bfb2e96a94ad3afd16fc95194e44,0.000200000000000000,NULL,0x,0
9,0xcf129890481f8f94d6197f2a64abd0fa828154b929bcb27f5e402ac9e24abe80,5860202,1530056906,0x2d56f8514aeee22109e0699f8b0bfef304d5ac87,0x17036922ef5f85c0b623b84d648e16e01dcbbc7f,0.000100000000000000,NULL,0x,0
10,0xaef0adf839088571d7f435f0e2386e300ee6da6fd206415dad458b536fdc585b,5860216,1530057160,0x2d56f8514aeee22109e0699f8b0bfef304d5ac87,0xeb43de07338eb5adf2f79dd536f09641f9dc5e75,0.000155000000000000,NULL,0x,0
11,0x00eb5b1bce020198da97c67ab5a3726f4a3741549f1e0d4ffff9f4308a007cff,5860242,1530057562,0x2d56f8514aeee22109e0699f8b0bfef304d5ac87,0x4f08932186ab86fad489e957409771e74484bfbe,0.000144000000000000,NULL,0x,0
12,0x415dd5a674b4675bc2109f57d80b8e474ed6caeb29817a6551aa47367f446806,6187704,1534859984,0x13098fdefba2129b8873bcff5c9ce2de1cf7f32f,0x2d56f8514aeee22109e0699f8b0bfef304d5ac87,0.000549860900000000,NULL,0x,0
13,0xe6098da2c2029955b3dbb4cdcdab583299303b0070360a9b1878153abbd59f2c,6306981,1536596085,0x2d56f8514aeee22109e0699f8b0bfef304d5ac87,0xf34839b310097fcb4cf3a302dda8cc9b57501083,0E-18,NULL,0x,0
14,0x9cad3a234ac9c9972a05c73afc0293fb154dfbdf95e1722de161216e8916c8d6,6458544,1538750687,0x25cc8ed4a362249c4e6730488abb22eb42047042,0x2d56f8514aeee22109e0699f8b0bfef304d5ac87,0.000259373000000000,NULL,0x,0
15,0x95122dbf483ba91d6d0559bcd8caec402f6a387cab4be7fbf5dcbd388c6415ae,6579525,1540451573,0xd89fbb9bd509a8c2b3be27e58459155b118b66b2,0x2d56f8514aeee22109e0699f8b0bfef304d5ac87,0.000263500000000000,NULL,0x,0
16,0xa5d0697d7027a10e69c7a5e2439facff1b794dc4872b7c9042a2e3b3bafda774,6694382,1542077044,0x76ab8405b80f3f68636c7a7c39587cb85f006647,0x2d56f8514aeee22109e0699f8b0bfef304d5ac87,0.001159367000000000,NULL,0x,0
