,TxHash,BlockHeight,TimeStamp,From,To,Value,ContractAddress,Input,isError
0,0x8795b6b9758d6916e37b3d70910bbd98d59aa76f75e4e2ca0e2892a6e5287d2d,5468470,1524142364,0xcac9d237b78af0c7cfab1f5b76174f2af857f151,0x2e462fdef8cde7db82aa3f7c627731be94f7c9c4,0.001311700000000000,NULL,0x,0
1,0x685626d385f87046b9de50f278535a61e3ae86651a76e6374a0186de609ac40b,5468474,1524142416,0x048c11f89ac73f633c85c969e3fda4c9745d97ef,0x2e462fdef8cde7db82aa3f7c627731be94f7c9c4,0.500000000000000000,NULL,0x,0
2,0x9c1934164be2b26b3c8ad27220c47d61e683dc1dca69056841f89e7126ecfbf9,5468710,1524145963,0xe692955065910f517dca477336071132260bc321,0x2e462fdef8cde7db82aa3f7c627731be94f7c9c4,0.165909210000000000,NULL,0x,0
3,0x63a4ac25e4ab7903814d4302ed5712aaad74ddf2b580fee216b277992efdafc4,5469120,1524152070,0xe692955065910f517dca477336071132260bc321,0x2e462fdef8cde7db82aa3f7c627731be94f7c9c4,0.500000000000000000,NULL,0x,0
4,0xa60666b689d8e8abb20a00c287378ab9a7ff40fda464bb5e14753323eff43b55,5469265,1524154379,0xea267a4158889dd8e5ce73e6b1125c20af5d2a95,0x2e462fdef8cde7db82aa3f7c627731be94f7c9c4,0.004000000000000000,NULL,0x,0
5,0x425f45d9a70494ca742dda675ab799059b444be5e10f897a82b3ad26d78cdaa2,5469411,1524156652,0xc548ebae6e2aabd94e5a68a96f028aff20988902,0x2e462fdef8cde7db82aa3f7c627731be94f7c9c4,0.001801480000000000,NULL,0x,0
6,0x7244c34400fe9fcf6629f8cf999b3d67ca1653fd7531fef1e3bce116d4229079,5469420,1524156806,0x1ec419657575590205a43e618e272fddb8811f23,0x2e462fdef8cde7db82aa3f7c627731be94f7c9c4,1.017022500000000000,NULL,0x,0
7,0x1079e7bd884de7a05e0ed762a4ebd100e80685009d5320a269271ddb51d3e143,5469511,1524158207,0x2f193bc5f8a3834014707ecd1851a86997fbf59a,0x2e462fdef8cde7db82aa3f7c627731be94f7c9c4,3.500000000000000000,NULL,0x,0
8,0x1996a786c5f6b2dab2fe5e0437a46b4397eca5fdfa23c0e2b8e1e11773213130,5469556,1524158824,0x5035519156cfc54211a045de6cdbda597d0c695a,0x2e462fdef8cde7db82aa3f7c627731be94f7c9c4,0.500000000000000000,NULL,0x,0
9,0xfddc344394a22bad02d7058c6e6f97b67b645cbfe8c828549391a2019e3d14ee,5469598,1524159506,0xd551234ae421e3bcba99a0da6d736074f22192ff,0x2e462fdef8cde7db82aa3f7c627731be94f7c9c4,0.500000000000000000,NULL,0x,0
10,0x19b38d9ad34dce5dd097ba1bfe3d77bee68135c7d5b941ee57c4aa939e0d6ba0,5469894,1524163846,0x84435d9f0fcf9e742fb914b9b7a2a7e07403beb9,0x2e462fdef8cde7db82aa3f7c627731be94f7c9c4,0.540444020000000000,NULL,0x,0
11,0x6fc9880841fd2bbaf9a2ff971d380fa71cc147a4dd3cb9e60af2569d60d3f773,5469980,1524165038,0x2a13ac0bda5f1e39288ee63239c14c41c139016e,0x2e462fdef8cde7db82aa3f7c627731be94f7c9c4,0.100000000000000000,NULL,0x,0
12,0x037b71ded74673521ac43a3abdff9bbc18895df9c2cec0570be73b3b2da7d070,5470311,1524169922,0xa623f49e959905bce83796b5da040114015dbe77,0x2e462fdef8cde7db82aa3f7c627731be94f7c9c4,0.989000000000000000,NULL,0x,0
13,0x7dfa001356338819efe0b1bf749115060292eb22a1c3fe55e239271af34e60c2,5470359,1524170503,0x8b337544f5f3ea80711cb632b4973ca1747a482d,0x2e462fdef8cde7db82aa3f7c627731be94f7c9c4,0.999934900000000000,NULL,0x,0
14,0x2e4daac031b970ad7741ee0bb067db5f5f875db64368772ae5678a27d0853e5c,5470627,1524174174,0x2b5634c42055806a59e9107ed44d43c426e58258,0x2e462fdef8cde7db82aa3f7c627731be94f7c9c4,0.500000000000000000,NULL,0x,0
15,0xb1b8ada3d5e64fe4c6df3df663e44f85a3ff436b4d71f51ff50483f618126858,5470917,1524178350,0x4b77aba06524cbb1721c01a1ff197efecc6225e9,0x2e462fdef8cde7db82aa3f7c627731be94f7c9c4,0.500000000000000000,NULL,0x,0
16,0x7ad402310dba7c14e88f2d4bedbd7b0acdfa09162013e5f75863ce65ed3eb826,5470939,1524178587,0xd551234ae421e3bcba99a0da6d736074f22192ff,0x2e462fdef8cde7db82aa3f7c627731be94f7c9c4,3.740000000000000000,NULL,0x,0
17,0x7882a2c1089a0dcc3b6ce065f589f3d87c0fc8e70c319d1e909f282923f5f455,5471010,1524179830,0x7f0d60c93a99564475dde94ac7ace94cccba3a96,0x2e462fdef8cde7db82aa3f7c627731be94f7c9c4,0.500000000000000000,NULL,0x,0
0,0xcab37794e5e31df1c34b6697d06bf8b93f73d65fb09ea86d71aa40721f441e4e,5471608,1524188297,0xd4f5bf184bebfd53ac276ec6e091d051d0ed459e,0x2e462fdef8cde7db82aa3f7c627731be94f7c9c4,0.530000000000000000,NULL,NULL,0
18,0x82c515829b4fdbe4f9037307af32e879b109b44ae35fe48ef12d97d23916f1df,5471754,1524190751,0x3f5ce5fbfe3e9af3971dd833d26ba9b5c936f0be,0x2e462fdef8cde7db82aa3f7c627731be94f7c9c4,3.124062790000000000,NULL,0x,0
19,0x14b11a8cccde47c927efe05928be8e6e46c25b6904570cf44a0d328ef116be81,5473559,1524218663,0xa13ea8f72355933ef0f5f1357d78d37128fdfc89,0x2e462fdef8cde7db82aa3f7c627731be94f7c9c4,4.900000000000000000,NULL,0x,0
20,0x25a338a1c4c60522cddaeae6eba887305fa40794ae4e8b02dcd4ad297eb9fdcf,5473682,1524220480,0x5429fc7b81ffd7f6f1aee873de110cbc5ea39c35,0x2e462fdef8cde7db82aa3f7c627731be94f7c9c4,2.380000000000000000,NULL,0x,0
21,0x095ebbf86cead59f53d7c14f494c787f29e3b5bc5bb50d8b92e0d2adbb65b639,5473781,1524222258,0x147bcf43c5cf0fa59cf5d26b666abc1dd66105ab,0x2e462fdef8cde7db82aa3f7c627731be94f7c9c4,0.500000000000000000,NULL,0x,0
22,0xabc524ee523eb09ea9799d9cdc382fee84f369719e0ab075db1ad53bd8e10876,5474098,1524227026,0x8e5fa4f70f55e9b7f8a83de2036bb0b811cbf5ac,0x2e462fdef8cde7db82aa3f7c627731be94f7c9c4,0.500000000000000000,NULL,0x,0
23,0x023f7a155c8b623b23787c83c5a94be105db636c930dedbcf4cac8e8afc2b1d6,5474960,1524239722,0x0681d8db095565fe8a346fa0277bffde9c0edbbf,0x2e462fdef8cde7db82aa3f7c627731be94f7c9c4,0.658668340000000000,NULL,0x,0
24,0x89900a14a65154e7ffb6d1a15f7138c1090f9148014fdfec202637baf9f8109a,5475852,1524252903,0xc40c287a77d0001d38e0d7ac70cdb94e441ee436,0x2e462fdef8cde7db82aa3f7c627731be94f7c9c4,0.517742840000000000,NULL,0x,0
25,0x36beb40e227374237593b20983ac2db6377a56ac604a9a5d0ded2a192704c3a9,5478153,1524286899,0x0e3ddf0c10a1d4c5e1e7d8fc06f151f57e13556c,0x2e462fdef8cde7db82aa3f7c627731be94f7c9c4,0.500000000000000000,NULL,0x,0
26,0xc2454a069b4ff7941b9222c0c02a70f31006e589a0f5e7da39133a6c0770d028,5719172,1527937195,0x2e462fdef8cde7db82aa3f7c627731be94f7c9c4,0x2ce34014a0f8ecbe0076135e5a509d84130dcfb5,1.000000000000000000,NULL,0x,0
27,0xf06898eba788c7ccea10869e2b721c88098317bfbc22a8b2e37cc0c8633732ba,5719188,1527937511,0x2e462fdef8cde7db82aa3f7c627731be94f7c9c4,0x2ce34014a0f8ecbe0076135e5a509d84130dcfb5,11.000000000000000000,NULL,0x,0
28,0x1545295915199335165fae398d539d1c8456d39aefa44e0b212e0571fa13ee05,5719361,1527940122,0x2e462fdef8cde7db82aa3f7c627731be94f7c9c4,0x2ce34014a0f8ecbe0076135e5a509d84130dcfb5,2.000000000000000000,NULL,0x,0
29,0x64bf90a765f573130fd5314af528c64dfdb6e162c7145f4c98620b66558bacce,5731141,1528121017,0x2e462fdef8cde7db82aa3f7c627731be94f7c9c4,0xc2e395605eaa69e110ea42d3bc9275ace117c9bf,0.500000000000000000,NULL,0x,0
30,0xa2758b53e1c0a3bcdb4206bec7685a1e94173ef4c42766b3cbcec3ed94f159e7,5731168,1528121381,0x2e462fdef8cde7db82aa3f7c627731be94f7c9c4,0xc2e395605eaa69e110ea42d3bc9275ace117c9bf,1.000000000000000000,NULL,0x,0
31,0x1a0e75e70deed655543e714a354989cae2e0665a76e9fa3b21033a3658eacbfb,5743213,1528306267,0x2e462fdef8cde7db82aa3f7c627731be94f7c9c4,0x1d5f76e48538749aeada63a4945170d68dfe802f,0.660000000000000000,NULL,0x,0
32,0x79fb6f8fe414a1a093c84ae6f7f93f0c343f221d2f48337464aa94a3cc6bebcd,5743269,1528306979,0x2e462fdef8cde7db82aa3f7c627731be94f7c9c4,0xf0a54d8f2d71e85af259368983573b6dc680bee9,12.003870780000000000,NULL,0x,0
