,TxHash,BlockHeight,TimeStamp,From,To,Value,ContractAddress,Input,isError
0,0xa3f7e90842d5717a801bb478bb7264fe98f58401c3c81b31c799d94c1bd1b74d,5506553,1524709016,0xb66c76e3c00b859c2a7a415118897f04837568ad,0x2ede4eb0fe6ca583b5cf9fdc5c100ecea119da7d,0.623162996000000000,NULL,0x,0
1,0x8506e1fd767c86d752213e49a9bc9319b8e9eef5b9cc3d3f0fce3b82d1c7d2f3,5506573,1524709366,0xc6584985754e4ed4fdcccdb6778601468a067bf8,0x2ede4eb0fe6ca583b5cf9fdc5c100ecea119da7d,0.289787878081800000,NULL,0x,0
2,0x853569c4241f0e49d596b49f883421dafdad6d4706ef1bd1ed874e1c47f09762,5506584,1524709533,0xead15485a45359024b5d1600f3d56f702d8d605b,0x2ede4eb0fe6ca583b5cf9fdc5c100ecea119da7d,0.192686584559723968,NULL,0x,0
3,0x8270480b1c7173e24ed9e977d59e53319fec09a8163d52c5bafe5a678763a059,5506613,1524709918,0x51196a8d4298680e2fca6dd0665ecdf745a6b353,0x2ede4eb0fe6ca583b5cf9fdc5c100ecea119da7d,0.062063910259556885,NULL,0x,0
4,0x12b062de780aec471c6bbcff0385f874f003abaf7945078f59941c033eeb656c,5506718,1524711212,0x94cb6123d5b1835a58d2834e82bf623e29aa7da0,0x2ede4eb0fe6ca583b5cf9fdc5c100ecea119da7d,0.023696995000000000,NULL,0x,0
5,0x2e4da3b579d31004ccc37fd3fd29a0479206f651b09b25751a2f25f336265291,5506858,1524713163,0x2ede4eb0fe6ca583b5cf9fdc5c100ecea119da7d,0x21705c86f336f32bf181cc23607562fdc876ea55,0.005000000000000000,NULL,0x,0
6,0x501c88acd097a087486cb0ccb0f395b59217afc4f828571175bad83438a29472,5508148,1524732093,0xb46535015378288c1fa28e9a527704305b9b1f09,0x2ede4eb0fe6ca583b5cf9fdc5c100ecea119da7d,0.100028821000000000,NULL,0x,0
7,0x07d2f475f5e182a65c91eabeaa091fff07038ca0d7ef94d994d1c45afb4b42e0,5508190,1524732553,0x0582114ab44ac0b457a101f92fa52808a750e75d,0x2ede4eb0fe6ca583b5cf9fdc5c100ecea119da7d,0.102869940064814814,NULL,0x,0
8,0x559056695bb20698284c9793dc9fcd7eaea97077a610c5dfb8c590425ba67104,5508234,1524733191,0xb812576d64b99d3868b61d604c5b4521527eda72,0x2ede4eb0fe6ca583b5cf9fdc5c100ecea119da7d,0.351351818490000000,NULL,0x,0
9,0x0d9ae7c8ecd68edb3e8e1c36a35ea12c6b832255074a76d2f7564efe02786167,5508346,1524734796,0x4a88e72379f2e5bb97c829c3eb1acf47afbdc41f,0x2ede4eb0fe6ca583b5cf9fdc5c100ecea119da7d,0.047018791000000000,NULL,0x,0
10,0x88e9c35db972c01fb3ef662f96c1b5ded1a246d66a6e46f086714c8cd24f8fe6,5508460,1524736416,0xc629fb213db101c04344c807fab020e868fca3fb,0x2ede4eb0fe6ca583b5cf9fdc5c100ecea119da7d,0.493215392462303200,NULL,0x,0
11,0x4bc64a4323ad42a4a5d80e86858d059d91d6e2fe03fcb54d8463ae8a9d5c5947,5508599,1524738463,0xd51d17d7e8d5dde5848861f038976947d98369c0,0x2ede4eb0fe6ca583b5cf9fdc5c100ecea119da7d,2.794119501000000000,NULL,0x,0
12,0x7c017daa072c9c20c82f8e8e40ec2ce71241406a072415a49ee7f2d54e83d529,5508783,1524741267,0x2ede4eb0fe6ca583b5cf9fdc5c100ecea119da7d,0x44e251ecaafb4421a8b462f6a9f21c00eee69859,0.006000000000000000,NULL,0x,0
13,0x429ee704894372ffcccbb1f05f6de4b6df8ec5a711f9cea34b128269d28f3815,5511626,1524783806,0x2ede4eb0fe6ca583b5cf9fdc5c100ecea119da7d,0x86fa049857e0209aa7d9e616f7eb3b3b78ecfdb0,0E-18,NULL,0xa9059cbb000000000000000000000000874c7a1537aa6cc52b44f371cb33de0357271c7400000000000000000000000000000000000000000000004e49f8c763d9562800,0
14,0x96f2cc5bbd9a628f37dbdb0fe30c365806feed4c98a3626e89e5abeb8a1d539f,5511982,1524788686,0x2ede4eb0fe6ca583b5cf9fdc5c100ecea119da7d,0x874c7a1537aa6cc52b44f371cb33de0357271c74,5.022768207918198867,NULL,0x,0
15,0x2213bfde0ba24e9ed3969db6bc562053c087c165ff5d3a0060c500db57676391,5512290,1524793473,0x0ddef81c6ad60324eb2ff0c21dfd7d7310de7ec7,0x2ede4eb0fe6ca583b5cf9fdc5c100ecea119da7d,1.678924439000000000,NULL,0x,0
16,0xc068f090f6cf8c9ee27fc558f586229b2c4db2b1ae4cb6ac954938f2a17c53ce,5512419,1524795557,0x2ede4eb0fe6ca583b5cf9fdc5c100ecea119da7d,0x874c7a1537aa6cc52b44f371cb33de0357271c74,1.717664439000000000,NULL,0x,0
17,0x15074ffa4cfe2924442c4bcb420d26c631410cf70ba97b6425c1f49f65f6f945,5512490,1524796734,0x00444dc88c43ca9553ee2b522890e1a2ed97c2c7,0x2ede4eb0fe6ca583b5cf9fdc5c100ecea119da7d,0.209535100000000000,NULL,0x,0
18,0x3920d9958925e4a777b495707d534d79ff1584441166393b652d57f5e27f3084,5512518,1524797225,0xd83640fdbfe7eddf881f11d5faf7943794ba5b89,0x2ede4eb0fe6ca583b5cf9fdc5c100ecea119da7d,0.175876680000000000,NULL,0x,0
19,0x20bbbff235f2f1a9bbf6ccd2c27cc3f6146cb01f99d528e9201813e9c7299ab3,5512762,1524801031,0x9ca5b0dd5bcc0eb80bd8f195e9de02580310b384,0x2ede4eb0fe6ca583b5cf9fdc5c100ecea119da7d,10.100815261113777777,NULL,0x,0
20,0xcc2ad6cee662aaeded63582fcfa3b8578362a691f8bd4ec9567d35ba52284327,5512811,1524801727,0x2b6e675b01c3d774a00af3d3584412251e689443,0x2ede4eb0fe6ca583b5cf9fdc5c100ecea119da7d,0.173617604741120725,NULL,0x,0
21,0x61f77ea12389c18c4aff4245b2281d7acd95987d287a741aa8a530eae6f75255,5513554,1524813369,0xe8523c04b08a4ecde69ec9b11f8ab3a13847813e,0x2ede4eb0fe6ca583b5cf9fdc5c100ecea119da7d,0.492769335000000000,NULL,0x,0
22,0x7a81a5c20b272f4119b49d20ae9c9395657176f55f4437d60925417d3edda381,5513584,1524813828,0x619756f77da74effff965deb493602468a7c13f3,0x2ede4eb0fe6ca583b5cf9fdc5c100ecea119da7d,0.136591078607363186,NULL,0x,0
23,0xdfd2e91acccf134aaa30293e4eb04837dfaa2672860884e54ff07c21e330388e,5513769,1524816712,0x2ede4eb0fe6ca583b5cf9fdc5c100ecea119da7d,0x874c7a1537aa6cc52b44f371cb33de0357271c74,11.187945059462261688,NULL,0x,0
24,0x07ed2754ac2ab90c579a5e85d4b7b4a2c85bc5c0aa4c991b3e4f01457abcda89,5514048,1524820755,0x2ede4eb0fe6ca583b5cf9fdc5c100ecea119da7d,0x86fa049857e0209aa7d9e616f7eb3b3b78ecfdb0,0E-18,NULL,0xa9059cbb000000000000000000000000874c7a1537aa6cc52b44f371cb33de0357271c7400000000000000000000000000000000000000000000001c051d9e8f2827222f,0
25,0x5c1eafc9715dcba4db7fc5022610219a93b2b84d828fd25332a55abc3db65b96,5514065,1524821056,0x2ede4eb0fe6ca583b5cf9fdc5c100ecea119da7d,0xea38eaa3c86c8f9b751533ba2e562deb9acded40,0E-18,NULL,0xa9059cbb000000000000000000000000874c7a1537aa6cc52b44f371cb33de0357271c740000000000000000000000000000000000000000000002ed75d16ef9c1b48000,0
26,0xa32ea2505f771419fa6bef0183c7924dfa262f2b5b47f85f91bdc36e62f7cce2,5518178,1524882143,0x8f10ba83662fa594b2dae41a3d96c1204bfb8271,0x2ede4eb0fe6ca583b5cf9fdc5c100ecea119da7d,0.079613412000000000,NULL,0x,0
27,0x22c32a2d7f52727e7f64e8f16c99ae3af78366a50addedaa69002a126e8412b5,5518263,1524883445,0x2ede4eb0fe6ca583b5cf9fdc5c100ecea119da7d,0x4f805bf6843b6dbd10f9066f27c0cd10fdb444ac,0.005000000000000000,NULL,0x,0
28,0xced6d0beee291fc15a968b9b8ce0e12ae93067a456e074695c7068737e5f192c,5518281,1524883877,0x2ede4eb0fe6ca583b5cf9fdc5c100ecea119da7d,0x4f805bf6843b6dbd10f9066f27c0cd10fdb444ac,0.005000000000000000,NULL,0x,0
29,0x86b86a40ba577e7f1128df9437aa396840b2e04622ab3ebdaf4000548f169c4d,5518291,1524884018,0x2ede4eb0fe6ca583b5cf9fdc5c100ecea119da7d,0x4f805bf6843b6dbd10f9066f27c0cd10fdb444ac,0.005000000000000000,NULL,0x,0
30,0x43e9e4dc45aedfac010902cc428f51b84951449b856de004180059375aeb994d,5518311,1524884345,0x2ede4eb0fe6ca583b5cf9fdc5c100ecea119da7d,0x4f805bf6843b6dbd10f9066f27c0cd10fdb444ac,0.002000000000000000,NULL,0x,0
31,0x2df64b6aff051520bf4f9252c39b589e5cf6dc6f869833b2a3994a401578ec1b,5519556,1524903190,0x2ede4eb0fe6ca583b5cf9fdc5c100ecea119da7d,0x7e9e431a0b8c4d532c745b1043c7fa29a48d4fba,0E-18,NULL,0x095ea7b30000000000000000000000002a0c0dbecc7e4d658f48e01e3fa353f44050c208000000000000000000000000000000000000000000002a9eccf86fad95a5e8a3,0
32,0x4f9333042b361594e0a759878d86a38021e0f23c0ac14cb5b2cd0b31e2109d53,5519558,1524903223,0x2ede4eb0fe6ca583b5cf9fdc5c100ecea119da7d,0x2a0c0dbecc7e4d658f48e01e3fa353f44050c208,0E-18,NULL,0x338b5dea0000000000000000000000007e9e431a0b8c4d532c745b1043c7fa29a48d4fba000000000000000000000000000000000000000000002a9eccf86fad95a5e8a3,0
33,0x25fc180f8aeeb9e736117bd4d604466debcb4b57a5779c5ebe43292733d6abbb,5524857,1524982278,0x2ede4eb0fe6ca583b5cf9fdc5c100ecea119da7d,0x622dffcc4e83c64ba959530a5a5580687a57581b,0E-18,NULL,0xa9059cbb00000000000000000000000035f1e94a1e58bad0ced8b50ff8ded91c2939d6fe000000000000000000000000000000000000000000011bc18ba997b94d800000,0
34,0x95ab96925a814d53cb19e9d20584aeae8eeafc9dd9631bc9357a54befabc9ceb,5530096,1525060918,0x2ede4eb0fe6ca583b5cf9fdc5c100ecea119da7d,0x2a0c0dbecc7e4d658f48e01e3fa353f44050c208,0.137056822000000000,NULL,0xd0e30db0,0
0,0x4be6e21cfd38bce9e01a84d65b5c2d139dd7205e04e086ddfbfd36ffa021ded5,5530125,1525061421,0x2a0c0dbecc7e4d658f48e01e3fa353f44050c208,0x2ede4eb0fe6ca583b5cf9fdc5c100ecea119da7d,29.983129420417252555,NULL,NULL,0
35,0xad72a99f8ffb17c354c4f0779303ee04517c69fc022944f224a771f125d667e7,5530184,1525062130,0x2ede4eb0fe6ca583b5cf9fdc5c100ecea119da7d,0x874c7a1537aa6cc52b44f371cb33de0357271c74,29.990480420417252555,NULL,0x,0
1,0x3e579de2f0d85a3479b84e13cbf88c8cb79a66d3cb8d6f7d1c48d2e069f45917,5541879,1525239544,0x2a0c0dbecc7e4d658f48e01e3fa353f44050c208,0x2ede4eb0fe6ca583b5cf9fdc5c100ecea119da7d,21.076991462447759190,NULL,NULL,0
36,0x577d637c63bf20ea651a0c4d8cfb6d0856a0c1565960a05117ca8b9b25153c80,5541945,1525240567,0x2ede4eb0fe6ca583b5cf9fdc5c100ecea119da7d,0x874c7a1537aa6cc52b44f371cb33de0357271c74,21.072130462447759190,NULL,0x,0
37,0xa51dd432f6363df1ea76528a5824623121bed0b2bca3dc8e01be33fad2973d94,5563264,1525564985,0x2ede4eb0fe6ca583b5cf9fdc5c100ecea119da7d,0xa15c7ebe1f07caf6bff097d8a589fb8ac49ae5b3,0E-18,NULL,0xa9059cbb0000000000000000000000005b2ac9a1bf1b754ed582cfb5806c7ae3ce2d33b10000000000000000000000000000000000000000000132d4b3e287d58a13a84a,0
38,0x0d56b0d8fb5ec1aca4124a2c988e4adc49313da395a9af52c4fca4babb8eba62,5563304,1525565587,0x6e455f78334ceaffddaaec8851e3db18abfaf3da,0x2ede4eb0fe6ca583b5cf9fdc5c100ecea119da7d,0.024646400000000000,NULL,0x,0
39,0x7683801482548c3e1b8a49869063fec78cc4a918ac0b3b0c879cbe2fa79266ff,5563315,1525565772,0x2ede4eb0fe6ca583b5cf9fdc5c100ecea119da7d,0xdd974d5c2e2928dea5f71b9825b8b646686bd200,0E-18,NULL,0xa9059cbb000000000000000000000000874c7a1537aa6cc52b44f371cb33de0357271c7400000000000000000000000000000000000000000000002ad44ce086e25ec000,0
40,0x28d1a73a5065ce41436946b49f7274d473b9a4f24159b3f7b90e0968e533c87b,5563616,1525570227,0x2ede4eb0fe6ca583b5cf9fdc5c100ecea119da7d,0xd7732e3783b0047aa251928960063f863ad022d8,0E-18,NULL,0x095ea7b30000000000000000000000008da0d80f5007ef1e431dd2127178d224e32c2ef4ffffffffffffffffffffffffffffffffffffffffffffffffffffffffffffffff,0
41,0x8382079f5d8343d7ddd2a03362e594ea3384b17e552de5c99553081d344d2e6d,5563620,1525570306,0x2ede4eb0fe6ca583b5cf9fdc5c100ecea119da7d,0xf230b790e05390fc8295f4d3f60332c93bed42e2,0E-18,NULL,0xa9059cbb000000000000000000000000874c7a1537aa6cc52b44f371cb33de0357271c7400000000000000000000000000000000000000000000000000000003a05b87d8,0
42,0xbc61067375482c5710042d3556ceb96fe2f57d31cc814409d78e85a3abd92cff,5563806,1525573468,0x2ede4eb0fe6ca583b5cf9fdc5c100ecea119da7d,0x12480e24eb5bec1a9d4369cab6a80cad3c0a377a,0E-18,NULL,0xa9059cbb000000000000000000000000874c7a1537aa6cc52b44f371cb33de0357271c740000000000000000000000000000000000000000000000000000000000020cdc,0
43,0x6577544491f029d58938147ca3ffae65b064f0853705fa13a36975245fd10385,5563834,1525573843,0x2ede4eb0fe6ca583b5cf9fdc5c100ecea119da7d,0x70a72833d6bf7f508c8224ce59ea1ef3d0ea3a38,0E-18,NULL,0xa9059cbb00000000000000000000000035f1e94a1e58bad0ced8b50ff8ded91c2939d6fe0000000000000000000000000000000000000000000000edaea07af02cd82000,0
44,0xa29b676ce1a7c6e7e551c2bdc7d9385de1442b7a4eadd6f45c4974314eb665ec,5563982,1525576127,0x2ede4eb0fe6ca583b5cf9fdc5c100ecea119da7d,0x4cc19356f2d37338b9802aa8e8fc58b0373296e7,0E-18,NULL,0xa9059cbb0000000000000000000000005b2ac9a1bf1b754ed582cfb5806c7ae3ce2d33b100000000000000000000000000000000000000000000105dbf8ad24bb8648000,0
45,0xf48627154b125caeec49271fea5ba1089c02d7ef7c031ae61de73fce8c8d63bc,5563995,1525576292,0x2ede4eb0fe6ca583b5cf9fdc5c100ecea119da7d,0x37e8789bb9996cac9156cd5f5fd32599e6b91289,0E-18,NULL,0xa9059cbb00000000000000000000000077de102a440dfa760cbfd48353c0ed46e797319c0000000000000000000000000000000000000000000000e3aeb5737240a00000,0
46,0xf622ef6f7df26c3bc3151d41007fbd2fed695b46649bc93b1e3f21c5d35f96d8,5564078,1525577649,0x2ede4eb0fe6ca583b5cf9fdc5c100ecea119da7d,0xcbeaec699431857fdb4d37addbbdc20e132d4903,0E-18,NULL,0xa9059cbb000000000000000000000000874c7a1537aa6cc52b44f371cb33de0357271c740000000000000000000000000000000000000000000000c0a02ff6843b5f5400,0
2,0x5b323520d696b67fc650437832be323f579b67697ac9187a951eb94bab0b4720,5566370,1525612288,0xc02aaa39b223fe8d0a0e5c4f27ead9083c756cc2,0x2ede4eb0fe6ca583b5cf9fdc5c100ecea119da7d,4.405400000000000000,NULL,NULL,0
47,0x5b323520d696b67fc650437832be323f579b67697ac9187a951eb94bab0b4720,5566370,1525612288,0x2ede4eb0fe6ca583b5cf9fdc5c100ecea119da7d,0xc02aaa39b223fe8d0a0e5c4f27ead9083c756cc2,0E-18,NULL,0x2e1a7d4d0000000000000000000000000000000000000000000000003d231ff58d818000,0
48,0xd7b1bcac726442f5bef4c463b2e41e0affe1c8e69831d2c79fbd19dc292ca7b0,5566579,1525615362,0x2ede4eb0fe6ca583b5cf9fdc5c100ecea119da7d,0x874c7a1537aa6cc52b44f371cb33de0357271c74,4.400000000000000000,NULL,0x,0
49,0x45e48b8bf05da2cf0aea310252c53b63c433211eaf5ce69c3cf8743fad77f280,5632649,1526612048,0x2ede4eb0fe6ca583b5cf9fdc5c100ecea119da7d,0xef2463099360a085f1f10b076ed72ef625497a06,0E-18,NULL,0x095ea7b30000000000000000000000008da0d80f5007ef1e431dd2127178d224e32c2ef4ffffffffffffffffffffffffffffffffffffffffffffffffffffffffffffffff,0
3,0x71f57e0b91ccc8b9ffd2e46aa3ad9f455721c9059b8f02a92fbe50f9d7eef009,5670445,1527192213,0xc02aaa39b223fe8d0a0e5c4f27ead9083c756cc2,0x2ede4eb0fe6ca583b5cf9fdc5c100ecea119da7d,0.276200000000000000,NULL,NULL,0
50,0x71f57e0b91ccc8b9ffd2e46aa3ad9f455721c9059b8f02a92fbe50f9d7eef009,5670445,1527192213,0x2ede4eb0fe6ca583b5cf9fdc5c100ecea119da7d,0xc02aaa39b223fe8d0a0e5c4f27ead9083c756cc2,0E-18,NULL,0x2e1a7d4d00000000000000000000000000000000000000000000000003d5426fc6f68000,0
51,0xe69d403fb8cbcb74cbaa0d87e35431dd3eb90b15069155ed8cf7253966784bfd,5670470,1527192672,0x2ede4eb0fe6ca583b5cf9fdc5c100ecea119da7d,0x4f048e74c5bd1791ce6782648bf0414503bd6fb1,0.284047250000000000,NULL,0x,0
52,0x4bbb596f875002a9e6c5fd8c9d4dba5cf4dda2daa877618052588852cdcc31eb,5734391,1528169848,0xfd236d4290be597b9c9c91efc8f3a4c53825bcb4,0x2ede4eb0fe6ca583b5cf9fdc5c100ecea119da7d,0.022903420000000000,NULL,0x,0
53,0x33d56c567354213d140b28dbb5ff45cc357e5940bdc11dfcd564854e760bb892,5734465,1528170921,0x2ede4eb0fe6ca583b5cf9fdc5c100ecea119da7d,0xef2463099360a085f1f10b076ed72ef625497a06,0E-18,NULL,0x095ea7b30000000000000000000000002a0c0dbecc7e4d658f48e01e3fa353f44050c20800000000000000000000000000000000000000000000006194049f30f7200000,0
54,0xb1f613d50b84307bce68aa7886c5362a514b25fd1e3457eeead579a20425928b,5734467,1528170933,0x2ede4eb0fe6ca583b5cf9fdc5c100ecea119da7d,0x2a0c0dbecc7e4d658f48e01e3fa353f44050c208,0E-18,NULL,0x338b5dea000000000000000000000000ef2463099360a085f1f10b076ed72ef625497a0600000000000000000000000000000000000000000000006194049f30f7200000,0
55,0x5b2756b8785df1c5a03b5a57988e170d736e241d11f39fc1abc87816a324670e,5734479,1528171140,0x2ede4eb0fe6ca583b5cf9fdc5c100ecea119da7d,0x24ddff6d8b8a42d835af3b440de91f3386554aa4,0E-18,NULL,0x095ea7b30000000000000000000000002a0c0dbecc7e4d658f48e01e3fa353f44050c20800000000000000000000000000000000000000000000006d9b38bb9ee2cc0000,0
56,0x70d08470837705b413bcd4536041b514bc3449a4dce05b7ae47940821129cd06,5734480,1528171148,0x2ede4eb0fe6ca583b5cf9fdc5c100ecea119da7d,0x2a0c0dbecc7e4d658f48e01e3fa353f44050c208,0E-18,NULL,0x338b5dea00000000000000000000000024ddff6d8b8a42d835af3b440de91f3386554aa400000000000000000000000000000000000000000000006d9b38bb9ee2cc0000,0
4,0x7cd6021e9b15027f9098b5c90981f1dc20c6e3daa8cc5aeeaaa6638844ef6c6f,5734880,1528177434,0x2a0c0dbecc7e4d658f48e01e3fa353f44050c208,0x2ede4eb0fe6ca583b5cf9fdc5c100ecea119da7d,0.783941490364888687,NULL,NULL,0
57,0xdc4fef8a4807b2f12a2f6544ebe4133928e7235744671b4d635563eafa7d98c5,5734932,1528178214,0x2ede4eb0fe6ca583b5cf9fdc5c100ecea119da7d,0x767fed0babb94b6044d8e0ded36548c7b22a36ab,0.795485590364888687,NULL,0x,0
