,TxHash,BlockHeight,TimeStamp,From,To,Value,ContractAddress,Input,isError
0,0xa12087ba87ff1cbdd5094bbac095c9b03732eb2e5d4f9ed1f314e3c18db9ff2d,5041855,1517931566,0xf6047ad2e1ad7b8e04aa606ff7afa53479eeb9da,0x2e3a5deb080fcabc9ebefd5c871989ac507c94be,0.001000000000000000,NULL,0x,0
1,0xd03a581a96b8e969506a2f6a7bc504928706ebaad26e05d6f1ffe4fd0bb426c8,5046478,1517998621,0xf6047ad2e1ad7b8e04aa606ff7afa53479eeb9da,0x2e3a5deb080fcabc9ebefd5c871989ac507c94be,0.001000000000000000,NULL,0x,0
2,0x07fb2173543345d28a251ecff5a99cc985c5104ec6fcffd64e86bf89d11fd705,5053015,1518093711,0x6c5f5438b90199c0af169abd7aac5e0bad657f55,0x2e3a5deb080fcabc9ebefd5c871989ac507c94be,2.000000000000000000,NULL,0x,0
3,0x0db27d139926558aeae7bfd4f1b83764d9d645bdccc8925fbfdc7555f8045f81,5058705,1518175221,0x2a6a9aa70e741fc86a85736d78a836047ba27d6d,0x2e3a5deb080fcabc9ebefd5c871989ac507c94be,1.000000000000000000,NULL,0x,0
4,0x036637d5be23a15f3257527163e7c2215d2d27de963d9d3c7ea345c0095f2d27,5059953,1518193387,0x59ae4f1a494930910d5f1a826ee557aa2c97a575,0x2e3a5deb080fcabc9ebefd5c871989ac507c94be,3.000000000000000000,NULL,0x,0
5,0x582612ca54151a8645616445f6a804eefd8b9dfb785873f818c720212abbf933,5066409,1518286910,0xbabd98ff052621a625f84471808242382ccc61b5,0x2e3a5deb080fcabc9ebefd5c871989ac507c94be,1.000000000000000000,NULL,0x,0
6,0x5fba55b952535ae3138c9178a253df582c59d77be46078822ca396565bee638c,5140576,1519368311,0x6c99f459a1b7b916006a4f43a8d45a0d3681e381,0x2e3a5deb080fcabc9ebefd5c871989ac507c94be,1.000000000000000000,NULL,0x,0
7,0x58a6618bfe318c4eb00e88359faaf01f80e4555bcd82f41ca10d22fb30c5218e,5142412,1519395071,0x49c24f12bc1619e739daa77386dbdf6d42899a14,0x2e3a5deb080fcabc9ebefd5c871989ac507c94be,3.000000000000000000,NULL,0x,0
8,0x2bb5f0bacc9e05494b557e5db0a1751334eb23ec1f2e5cc31cb67bcc6f42113b,5148232,1519481024,0x8a55c9bd8c40058ec4448e4cc29d3bc62ba16041,0x2e3a5deb080fcabc9ebefd5c871989ac507c94be,2.000000000000000000,NULL,0x,0
9,0xc64883443b0699c399cbaf0d0f30e09b498f7f22a32dbc95db1d95a426236c43,5155100,1519581834,0x1e9d8188a5f3fff6c8b29a22253830f714f6ef78,0x2e3a5deb080fcabc9ebefd5c871989ac507c94be,3.001000000000000000,NULL,0x,0
10,0x0b75787f586831fe31865d697dc2cdcd07fa1a11c95c9da98fe196140006ff5d,5248801,1520957194,0xf6047ad2e1ad7b8e04aa606ff7afa53479eeb9da,0x2e3a5deb080fcabc9ebefd5c871989ac507c94be,1.000000000000000000,NULL,0x,0
11,0x1aff7547924584d49ac55984303373e9a9e62462d1861467cbfe1ecffbdb3100,5319666,1521988591,0xf0446d4eee296282135dbf57ee8b58a6814cafb8,0x2e3a5deb080fcabc9ebefd5c871989ac507c94be,4.000000000000000000,NULL,0x,0
12,0xa5b49dab8520b626764b90406a4fe9ef400cabe4ee884e0f73a18d808c793424,5319677,1521988876,0x2e3a5deb080fcabc9ebefd5c871989ac507c94be,0xe765825804182d16f2dfba8fc216f9abade567cb,21.000000000000000000,NULL,0x,0
13,0x8c0d39e9c8341ab499e27349f181c2eb9350eb21ad1735553822b54f69382ef8,5750910,1528424592,0x2e3a5deb080fcabc9ebefd5c871989ac507c94be,0xb5dbc6d3cf380079df3b27135664b6bcf45d1869,0E-18,NULL,0xa9059cbb00000000000000000000000049c24f12bc1619e739daa77386dbdf6d42899a14000000000000000000000000000000000000000000000000000000c393e6d000,0
14,0xc1d09f518584e087a4990efd743ded59a36dcf239c4748f2e794847b730f1b95,5750925,1528424745,0x2e3a5deb080fcabc9ebefd5c871989ac507c94be,0xb5dbc6d3cf380079df3b27135664b6bcf45d1869,0E-18,NULL,0xa9059cbb00000000000000000000000059ae4f1a494930910d5f1a826ee557aa2c97a575000000000000000000000000000000000000000000000000000000c393e6d000,0
15,0xe69e8151545338f9c2f1766bcbc60fe1659e4de84351a52b23187ee55beb06b8,5751197,1528428983,0x2e3a5deb080fcabc9ebefd5c871989ac507c94be,0xb5dbc6d3cf380079df3b27135664b6bcf45d1869,0E-18,NULL,0xa9059cbb0000000000000000000000006c99f459a1b7b916006a4f43a8d45a0d3681e38100000000000000000000000000000000000000000000000000000041314cf000,0
16,0x10f840cb24179cf6995faf59fbd04bb7a0e9dadacecb7f3eb87ed4cc3575aed5,5751340,1528431028,0x2e3a5deb080fcabc9ebefd5c871989ac507c94be,0xb5dbc6d3cf380079df3b27135664b6bcf45d1869,0E-18,NULL,0xa9059cbb000000000000000000000000babd98ff052621a625f84471808242382ccc61b500000000000000000000000000000000000000000000000000000041314cf000,0
17,0x2cecee16d657fb1ab7806223a755ec2158babb69c57aa600071ec0b54d939948,5773462,1528769260,0x6698ff905637f6719c267372e897c9da13bd0657,0x2e3a5deb080fcabc9ebefd5c871989ac507c94be,0.020000000000000000,NULL,0x,0
18,0x4112cf8049d138926741ff430f69e109083dc6933c27b139400cd27c85b78ae7,5773481,1528769551,0x2e3a5deb080fcabc9ebefd5c871989ac507c94be,0xb5dbc6d3cf380079df3b27135664b6bcf45d1869,0E-18,NULL,0xa9059cbb0000000000000000000000008a55c9bd8c40058ec4448e4cc29d3bc62ba16041000000000000000000000000000000000000000000000000000000826299e000,0
19,0x34fe652843fb3b28f13d6440fab26d0c8603c15a796582bfa1f5cb1e1ff76f56,5773564,1528770724,0x2e3a5deb080fcabc9ebefd5c871989ac507c94be,0xb5dbc6d3cf380079df3b27135664b6bcf45d1869,0E-18,NULL,0xa9059cbb000000000000000000000000f6047ad2e1ad7b8e04aa606ff7afa53479eeb9da000000000000000000000000000000000000000000000000000000414f1a5500,0
20,0x5132e460005c1ba647da39a168f2b7205939521280d5f13ceb6f33576f705242,5820464,1529466861,0x2e3a5deb080fcabc9ebefd5c871989ac507c94be,0xb5dbc6d3cf380079df3b27135664b6bcf45d1869,0E-18,NULL,0xa9059cbb0000000000000000000000001e9d8188a5f3fff6c8b29a22253830f714f6ef78000000000000000000000000000000000000000000000000000000c39fd29200,0
21,0x8c3d01c5a19f15319c6629a558518d98be035a4143fe412b23ec1dbe58919202,5820480,1529467221,0x2e3a5deb080fcabc9ebefd5c871989ac507c94be,0xb5dbc6d3cf380079df3b27135664b6bcf45d1869,0E-18,NULL,0xa9059cbb000000000000000000000000e5d9e1bd252fbb8e08e2c602e2ce10c15fc3594e00000000000000000000000000000000000000000000000000000104c533c000,0
22,0xf762d041701397aa14db3546c60c91dfef78409071e2e67e0a8a924b6af356b5,5864509,1530121438,0x2e3a5deb080fcabc9ebefd5c871989ac507c94be,0xb5dbc6d3cf380079df3b27135664b6bcf45d1869,0E-18,NULL,0xa9059cbb0000000000000000000000002a6a9aa70e741fc86a85736d78a836047ba27d6d00000000000000000000000000000000000000000000000000000041314cf000,0
23,0xf1b033f0523427129e054df151ca0a4c101cd99687231065b498867dcc837f28,5884858,1530423958,0x2e3a5deb080fcabc9ebefd5c871989ac507c94be,0xb5dbc6d3cf380079df3b27135664b6bcf45d1869,0E-18,NULL,0xa9059cbb0000000000000000000000006c5f5438b90199c0af169abd7aac5e0bad657f55000000000000000000000000000000000000000000000000000000826299e000,0
24,0x968f6396e942d858e04e99bb0462d852d8368d15524e966f70cfc1ba165d93c4,5886914,1530454450,0x2e3a5deb080fcabc9ebefd5c871989ac507c94be,0xb5dbc6d3cf380079df3b27135664b6bcf45d1869,0E-18,NULL,0xa9059cbb000000000000000000000000a01d68b75ea0cab045177b64b79e69b8ea56cfbc00000000000000000000000000000000000000000000000000000041314cf000,0
25,0x9758c6407caf2d764ae7c569015743aa8e39c31ac6ceb3f9cf1054278596fb9a,5908130,1530767225,0x2e3a5deb080fcabc9ebefd5c871989ac507c94be,0xd30f3fc429c602fe013ebdb3c1cafb87e3bc0b61,0.012000000000000000,NULL,0x,0
