,TxHash,BlockHeight,TimeStamp,From,To,Value,ContractAddress,Input,isError
0,0x6b944b5231fe6089bed47a27bd23dac3a704e268082630bfc1c1ec312927bb50,6203834,1535096068,0x2d9096ba8bd791ac1624167bcdd0a957da37b181,0x303581c37b0c4ad5493573f8e61ccea287448be6,0.250000000000000000,NULL,0x,0
1,0xcd380096ebc6447c1b6bbedf388424e8eb6e64e75d2622fe2beaafafbf79213c,6203956,1535097990,0x2d9096ba8bd791ac1624167bcdd0a957da37b181,0x303581c37b0c4ad5493573f8e61ccea287448be6,0.250000000000000000,NULL,0x,0
2,0x7e2a654d7adde79f0249383627456bf16eb6f025e5534dd4f0bdc6e265b4ec77,6204961,1535112202,0x303581c37b0c4ad5493573f8e61ccea287448be6,0xc3b5568bbff35bd22a34b84df39d8a21ebff1d93,0.480161710000000000,NULL,0x,0
3,0x41faa35f1f3943e5f512b25140fad9349a13c7a35f361c994ce8c6fce5d63c01,6242254,1535656658,0x303581c37b0c4ad5493573f8e61ccea287448be6,0x7b5eacc63c4a5c96e6d856dcb9b4f82b41ddfa21,0.019416400000000000,NULL,0x,0
