,TxHash,BlockHeight,TimeStamp,From,To,Value,ContractAddress,Input,isError
0,0x552c133886faff4fdab437ffb7702a9aa2a386fb47ec3896eb29e073833e6ee2,6088802,1533415716,0x03cf61deb8c05fbb5bba421b79f89cb0efd007cd,0x335e40277f127c620560faf1cfa001e5899864ad,1.000000000000000000,NULL,0x,0
1,0x1ffa9e5aeb3908f80a77f9712f132222b4a920b694c7536b7cec273d2e808180,6095330,1533510570,0x564286362092d8e7936f0549571a803b203aaced,0x335e40277f127c620560faf1cfa001e5899864ad,0.506334000000000000,NULL,0x,0
2,0xfa734695c9adf140cef8a80b0beff58ae91418fb2e7389fe97057faf4687e94f,6100973,1533592879,0x9ab09425d8f1558fa2d10ce5c4e5b283623c5401,0x335e40277f127c620560faf1cfa001e5899864ad,0.099280010000000000,NULL,0x,0
3,0x2da87351b520002c0e07638912eedb31d20d6e17b3955073dd591d2932ea4e4a,6122366,1533905328,0x4b5320b0aafe8363685f267ed3257d9d32b9c96d,0x335e40277f127c620560faf1cfa001e5899864ad,0.005291378580499506,NULL,0x,0
4,0x90632f063377ec9c74fa4d05a4cadc8724fa4dd12d2a1ed8be31e4c6c6c84df5,6247383,1535730456,0x335e40277f127c620560faf1cfa001e5899864ad,0xcba1e79e47dd511b87dcc69b279953543d453fc5,1.610044388580499506,NULL,0x,0
