,TxHash,BlockHeight,TimeStamp,From,To,Value,ContractAddress,Input,isError
0,0xc2bb05da581d9d73ee6e14660c6834a30faa08acb089e7466452b7159c6c7155,5105138,1518849093,0x4fa18007cb1417c38bf04e5eabc16403e5b37a41,0x358ef89b4d37f16002cc4a853b321daeee423519,0.500000000000000000,NULL,0x,0
1,0x8e4da7e8de2fadaa8ca9cd57284b65601f8c6aa0bc6881073cebfbd524409c7b,5105160,1518849502,0x43dd57e8e8f2b3ab6b0907bbfc93ebeb85ddf932,0x358ef89b4d37f16002cc4a853b321daeee423519,0.400000000000000000,NULL,0x,0
2,0x28bc230398c998512f77bbbfef7e73eb2635c14ae946f9392c6b86695351ecd0,5105324,1518852021,0xd551234ae421e3bcba99a0da6d736074f22192ff,0x358ef89b4d37f16002cc4a853b321daeee423519,0.497869300000000000,NULL,0x,0
3,0xb0c4d3c28ebe2616d197e5fe1bc7d69e8f58b488f97040f9524697d531a68344,5105551,1518855278,0xc49e50112fe7454abd8d2063743939302bd5095a,0x358ef89b4d37f16002cc4a853b321daeee423519,0.500000000000000000,NULL,0x,0
4,0x94ad9ce6058b3e53ae0bab5f4f6c348d9857f23530ce0266a3a8ad3f84807a13,5105568,1518855589,0x65e2c5175e2e618f48e70343b14c31b280e42d90,0x358ef89b4d37f16002cc4a853b321daeee423519,0.700000000000000000,NULL,0x,0
5,0xf4561309412bb399f2a368bc99345a8e863979c20e123121ae3f890f763b85aa,5105832,1518859453,0xd551234ae421e3bcba99a0da6d736074f22192ff,0x358ef89b4d37f16002cc4a853b321daeee423519,0.500000000000000000,NULL,0x,0
6,0x8b4ce6949043bf2215e1143b9f27d1143a77a5675f00efac2d8f45dc6a2b5fe4,5106055,1518862383,0x6295785b3cd0293ff98fc0bb490dacc2e9b69fd8,0x358ef89b4d37f16002cc4a853b321daeee423519,0.300000000000000000,NULL,0x,0
7,0xe2b08d5443e104df314d7fbbae6662a8018830e30a5ec0ad396e67b248b8da68,5106147,1518863561,0x8f4b8eab29fb572931eb3fc0c16b15d7effb9145,0x358ef89b4d37f16002cc4a853b321daeee423519,0.300000000000000000,NULL,0x,0
8,0xbd2e0238870a927ceed1bf7ee1b3e6dba087305caac05aaf7561e054474a84fc,5106217,1518864461,0x0681d8db095565fe8a346fa0277bffde9c0edbbf,0x358ef89b4d37f16002cc4a853b321daeee423519,0.600000000000000000,NULL,0x,0
9,0x21e705e53c534fbf1cfbb12e0bbe255930bf2992b43849b4c0010e1685a5e52b,5106668,1518870791,0xedafb74e4623ae9aa031d9cad7c71a23f142e37d,0x358ef89b4d37f16002cc4a853b321daeee423519,0.500000000000000000,NULL,0x,0
10,0x2eccec98d99f5e48c924b64ae272a5605715b2f12e3e88636288909be98ca5ec,5106681,1518870910,0xedafb74e4623ae9aa031d9cad7c71a23f142e37d,0x358ef89b4d37f16002cc4a853b321daeee423519,0.600000000000000000,NULL,0x,0
11,0x3f16707bae077f3a442ce22262c2c4432194cf0a375f66fedfc049fb6fc624e1,5106817,1518872925,0x8c0b155a63fc9cb2f43045718f5d1214a3be2b0c,0x358ef89b4d37f16002cc4a853b321daeee423519,0.500000000000000000,NULL,0x,0
12,0x7c9e8fa63cb8175c7d02303a0e298bdf8b756fb7b865b4a25c0c4b8bf1e90544,5106872,1518873616,0x0ffe4d7e1bacd9d8ac42c197c209ec37f859c514,0x358ef89b4d37f16002cc4a853b321daeee423519,0.500000000000000000,NULL,0x,0
13,0xbed8fea242f5a061fe81cbf0f98c00f844dead4404c4c9af342b1b67371817b4,5106874,1518873636,0x487866073241e3fcee480c63919bc05b84b78833,0x358ef89b4d37f16002cc4a853b321daeee423519,0.400000000000000000,NULL,0x,0
14,0x941b13ddfaf7154f5a5cfd022816570aeeb31ba6f3e6ff40fdcc361e51b59982,5106889,1518873896,0x94963e4273555d71c65c4b4582102eac457d9848,0x358ef89b4d37f16002cc4a853b321daeee423519,0.300000000000000000,NULL,0x,0
15,0xbdc26caeda06df9d3b44abba8ee8bac626fbb3ea02a0740c4e111d8513248170,5106907,1518874066,0x0681d8db095565fe8a346fa0277bffde9c0edbbf,0x358ef89b4d37f16002cc4a853b321daeee423519,0.690000000000000000,NULL,0x,0
16,0xb0880087fbf744a68baef0d52cef3fbb53494854f32b2ac44bb873b16d41bc20,5106917,1518874193,0x7ed1e469fcb3ee19c0366d829e291451be638e59,0x358ef89b4d37f16002cc4a853b321daeee423519,0.100000000000000000,NULL,0x,0
17,0xe23a1e9b5974e3a2ba17a0a4afdd43d72d84ffa7fec1c2fdc54fbef0be00e5bd,5106930,1518874357,0xc3d9c17d7f6988c0fe7ebe929c47efccbd92be13,0x358ef89b4d37f16002cc4a853b321daeee423519,0.500000000000000000,NULL,0x,0
18,0x38743d01b0e605240479594aaea9783f705febb5844dd21ece5da4a9e4cca432,5106937,1518874475,0xb01cb49fe0d6d6e47edf3a072d15dfe73155331c,0x358ef89b4d37f16002cc4a853b321daeee423519,0.500000000000000000,NULL,0x,0
19,0xab6c418d4bfc1d72127fe148a51c2df4f0474146bb6f43455dc8b6380e90d4c3,5106941,1518874582,0x33de12b5cf336692c6b7cfd3aaf779425067f21c,0x358ef89b4d37f16002cc4a853b321daeee423519,0.500000000000000000,NULL,0x,0
20,0xbfea146ae807b6e6978dc99e3ede44a38fc3eadc7ee6951f6682eec0d0ae9912,5106942,1518874592,0x6a2eba6363c2266f9df2b5c52a85c06fcd1612e0,0x358ef89b4d37f16002cc4a853b321daeee423519,0.270000000000000000,NULL,0x,0
21,0xe504bdd9accd7d54e8c6409e0be868779983fc98b5cf4664c15481bb8db7dd9e,5106943,1518874626,0x3d95c352cdad0ca622000be44673e2c501627f71,0x358ef89b4d37f16002cc4a853b321daeee423519,0.400000000000000000,NULL,0x,0
22,0x25feca3220e36bc2bfa42bc9e3738674c6caca914a8d9ebcfd971820d2cf7500,5106944,1518874645,0xd8379d1f0c9d4f860ff6dbd824fadde91d9250d6,0x358ef89b4d37f16002cc4a853b321daeee423519,0.300000000000000000,NULL,0x,0
23,0xc1c1de31cb69889a0e8d9ffb55b92d1b2b9cfc9820e2dbf8688b4c1c6a38ef62,5106955,1518874881,0x55182b5be660f8b6a7029644518681af374d76ea,0x358ef89b4d37f16002cc4a853b321daeee423519,0.500000000000000000,NULL,0x,0
24,0xf67f31eb7b69aafdce003318cdc593b3d35636a7ec8cf6f90ab7f150696292ca,5106991,1518875485,0xdcf880ba3487a4e95259d79994226b1e4f8d9458,0x358ef89b4d37f16002cc4a853b321daeee423519,0.400000000000000000,NULL,0x,0
25,0xe092fc4a216e8c647af64a0795d6508160023efdd4a0b97bb84a3fb0d9a2c2ce,5107005,1518875672,0x1c9e2088673a8364d7db9fb25ed8479bde8126ca,0x358ef89b4d37f16002cc4a853b321daeee423519,0.700000000000000000,NULL,0x,0
26,0x4f55c4e862e5c559f983b537748548224c1e1fd01b81d2c652cb61c2df331811,5107084,1518876900,0x67abfc36aa001f62ab2d1aea18df2f26ceb4f000,0x358ef89b4d37f16002cc4a853b321daeee423519,0.700000000000000000,NULL,0x,0
27,0xddfc92da22940ff053d3ac8328b3570d46197330bdcde97b0a7082ce3e7f9f4e,5107150,1518877820,0x16dc29833d8e52d9bcb774c4f201cb6b91f1fbdc,0x358ef89b4d37f16002cc4a853b321daeee423519,0.700000000000000000,NULL,0x,0
28,0x7064ccfef59e4d866c51902d0ec629ed135f7b9ead4ead3cfb134520cc282d59,5107167,1518878075,0x030f398f71f876e583aeaa6f31dd03a343b8ecd7,0x358ef89b4d37f16002cc4a853b321daeee423519,0.400000000000000000,NULL,0x,0
29,0x2c5c7a2960918750209d3d8da8d0bb3e2ee858ade2b8753877c6a9a10d1b797f,5107199,1518878549,0x167553fa954218ae32d55889052fa82cf2d00fd5,0x358ef89b4d37f16002cc4a853b321daeee423519,0.700000000000000000,NULL,0x,0
30,0xd3a176129beadc091e44d03e1200d25869500553924e5832d7584d16069399d8,5107200,1518878553,0xd24400ae8bfebb18ca49be86258a3c749cf46853,0x358ef89b4d37f16002cc4a853b321daeee423519,0.500000000000000000,NULL,0x,0
31,0x12ed38d86ab5ea6c433b34bad08433be6f39e8ba0a12d0d44e118960e45e3f1b,5107215,1518878771,0xaecc3cb203397a4ccff6b62771efb6f86069ae6f,0x358ef89b4d37f16002cc4a853b321daeee423519,0.500000000000000000,NULL,0x,0
33,0x4c08feeccafee79abbfbbf80552e7db4077ffbe403b6ee7c2e7f4d6556a01256,5107269,1518879592,0x654fdadf86ce51726e852ae067bd4f56194743bd,0x358ef89b4d37f16002cc4a853b321daeee423519,0.699580000000000000,NULL,0x,0
32,0xfda01895ec2e6792af9d5dc87d5c6c6e12b38ee0715e7248c874d7266ec010aa,5107269,1518879592,0xd6aa4c1bab2a8c0845b23450f2849fa132bcc49b,0x358ef89b4d37f16002cc4a853b321daeee423519,0.300000000000000000,NULL,0x,0
34,0xcd02db3d882d3b048ad4efe8a055de4a1a008ca7407925e71e42f9b1040c8603,5107270,1518879596,0x3f5ce5fbfe3e9af3971dd833d26ba9b5c936f0be,0x358ef89b4d37f16002cc4a853b321daeee423519,0.517750990000000000,NULL,0x,0
35,0x7389d6d0023b414b278af616e5ea8b7809353701d8a9af5bc34ba78db6ce27aa,5107275,1518879655,0xf0da802c76dd7404e3b8b1344f4b934677f695ea,0x358ef89b4d37f16002cc4a853b321daeee423519,0.650000000000000000,NULL,0x,0
36,0xe4184c1019b585078aab842bc6f6fa6bbbadfdadee12686e16f7081a7f4534df,5107276,1518879684,0x267be1c1d684f78cb4f6a176c4911b741e4ffdc0,0x358ef89b4d37f16002cc4a853b321daeee423519,0.300000000000000000,NULL,0x,0
37,0x8f591670bc6585dd2d63a7a9ad754a5b4557c0a85b8dae6f7a023e4357e09106,5107339,1518880735,0xa6c3b1865535b8adb0bc6ab66e525471f6f8f57e,0x358ef89b4d37f16002cc4a853b321daeee423519,0.600000000000000000,NULL,0x,0
38,0x719381a18da39db0d5a5d355aa3b969a1cdc0a4af4ce3ae987c6849e827f36c5,5107351,1518880988,0x89c98872778ca92f1a3d832518f572f5c94c7e30,0x358ef89b4d37f16002cc4a853b321daeee423519,0.700000000000000000,NULL,0x,0
39,0x813b95375129845778a247f830962e77b8a3a7a04b8ca4b839a56c62370d446c,5107363,1518881219,0xfb2db0bd9ea7d0ddb84a70e977a63c2046764965,0x358ef89b4d37f16002cc4a853b321daeee423519,0.700000000000000000,NULL,0x,0
40,0x157523f00cc494bccda17e42360e3196cd157aed295fdc3fbf68ec85437c0962,5107472,1518883101,0x22b84d5ffea8b801c0422afe752377a64aa738c2,0x358ef89b4d37f16002cc4a853b321daeee423519,0.600000000000000000,NULL,0x,0
41,0x660d53290f84f6f36078cf62061d063262803827a79881b335422c58244d131f,5107611,1518885077,0x661eadb499767c7acb35deadd42e222b4955f996,0x358ef89b4d37f16002cc4a853b321daeee423519,0.700000000000000000,NULL,0x,0
42,0x029afb2f6f832cda3ab35a2561342f8f5d575578d05ad6144e9873c9a19ec251,5107668,1518885865,0x51836a753e344257b361519e948ffcaf5fb8d521,0x358ef89b4d37f16002cc4a853b321daeee423519,0.500000000000000000,NULL,0x,0
43,0xb95f849a82765ba192aa8770ac72ecc013ce90f42afaa3f5867be32ecaf0de6b,5107704,1518886345,0xc7e820338b319c3f736a585a4e9b9ec6f7b051fc,0x358ef89b4d37f16002cc4a853b321daeee423519,0.300000000000000000,NULL,0x,0
0,0xbe93112fba847840af6b28811af038f316823bcb550cdbd9e8078694065f11c2,5107777,1518887449,0x1522900b6dafac587d499a862861c0869be6e428,0x358ef89b4d37f16002cc4a853b321daeee423519,0.700000000000000000,NULL,NULL,0
44,0x1d322b6d16dfdfc01900be531bce8c7e9b04b45c00e985c0536d19cc6aed5ab8,5107854,1518888421,0xb8c0227537803a47b4b08721172a494001150f28,0x358ef89b4d37f16002cc4a853b321daeee423519,0.300000000000000000,NULL,0x,0
45,0x31fddd4af9979087ec171ca4815018268321977f94e5a53cb5e57ab735e8fc0b,5107882,1518888884,0x560ffe5f7d25e41237262578fb683c68a26a92dc,0x358ef89b4d37f16002cc4a853b321daeee423519,0.500000000000000000,NULL,0x,0
46,0x88ba92f67343504352673e301db5b661cdea9becf8a360bc534b557b438627ea,5107890,1518888946,0x55772ec91f52b084d752ff9daaa41af713febb28,0x358ef89b4d37f16002cc4a853b321daeee423519,0.700000000000000000,NULL,0x,0
47,0x29058680f06be832e40e8eb0b24aa88cbc0860a01c09a2668ab6a66ebb5fc0d2,5108070,1518891244,0xcc29590c1e3cb917b2ec0810fbafcb47a5228217,0x358ef89b4d37f16002cc4a853b321daeee423519,0.670545510000000000,NULL,0x,0
48,0x0b66d180a8f47f9642a26e621c4468425df201e9e9dd272695347184037d3064,5108109,1518891854,0x8cb35c6fd342cb9b0eab09d0795d4b0ad82f0d9c,0x358ef89b4d37f16002cc4a853b321daeee423519,0.700000000000000000,NULL,0x,0
49,0x2534e46e2b950dd7b28c68bd286281538c17745e51934d1016cbbdaf70f78d1b,5108200,1518893164,0x563c5fb8981eba6dc52de2ce1d8572b2c534cd65,0x358ef89b4d37f16002cc4a853b321daeee423519,0.500000000000000000,NULL,0x,0
50,0xa10ba48a21a0dcf19d1b81071fbd22520ca7df165bba4c94406dbbd4d14493a3,5108351,1518895338,0xa379f52c797167cc54ce7600525d88146f8d63c0,0x358ef89b4d37f16002cc4a853b321daeee423519,0.300000000000000000,NULL,0x,0
51,0xcbdb86303d5467ab6229043587b1341cf426d712277e8f09694d4653406e1e3b,5108385,1518895742,0xff5f5bda94a3d3a9394f5ec905c04b3cf1a2aa55,0x358ef89b4d37f16002cc4a853b321daeee423519,0.700000000000000000,NULL,0x,0
52,0x58439032008564cd117c2889a5f7658bb827cfb24d5995cfd4529b840eae049e,5108421,1518896280,0xc50c27238aac65faa8bfe270b839aadcdffdf957,0x358ef89b4d37f16002cc4a853b321daeee423519,0.100000000000000000,NULL,0x,0
53,0x06c3e91de38ae1584077859039a30dfe6a0d550bc34ee271046d95a99ba10327,5108571,1518898392,0xa36f5ae68b122b7deecd370ad676fbd5158260fb,0x358ef89b4d37f16002cc4a853b321daeee423519,0.030000000000000000,NULL,0x,0
54,0x70cf042f40011d756a85a12430c6373adceb6cd526e5874d25a019442370c73a,5108624,1518899352,0x5f07c027e8db1381ff1ed56092fc4cb647437ad5,0x358ef89b4d37f16002cc4a853b321daeee423519,0.300000000000000000,NULL,0x,0
55,0x5aac1e3eb6b794374b76645e0bee22550f7a44e65c6c1143ea0a59a7d823be5c,5108761,1518901540,0x0aa4c4c716a969abeafaa22a255a09386ec2b765,0x358ef89b4d37f16002cc4a853b321daeee423519,0.301000000000000000,NULL,0x,0
56,0xfd40a7053e49bd9bb238893cf54c720679e20debde893c4c0ab4742d8eae7dd1,5108828,1518902533,0x63546d6f31cca251a7bd25fe80c5e4ac65a30c05,0x358ef89b4d37f16002cc4a853b321daeee423519,0.700000000000000000,NULL,0x,0
57,0x57f2ce62e8aa3ff3ef4081389b6b3dcccb48bbf0b8f0934b7e86ce97affec16a,5109112,1518906798,0x51836a753e344257b361519e948ffcaf5fb8d521,0x358ef89b4d37f16002cc4a853b321daeee423519,0.600000000000000000,NULL,0x,0
58,0xd1cadfa60087a6a15a996de1aa0f5c0ad75154914c618e8c4dfa7d453302606d,5109121,1518906974,0x96293f68219cb786dd873e1d0af86bddb162f9dc,0x358ef89b4d37f16002cc4a853b321daeee423519,0.300000000000000000,NULL,0x,0
59,0x4c6a8901c94c1e1ea6b4baecd09dccdaf62559f889539c460bce3483fd20e363,5109228,1518908413,0x3b0684ca37f223eaf09432d64b5d1c8724a42e88,0x358ef89b4d37f16002cc4a853b321daeee423519,0.700000000000000000,NULL,0x,0
60,0x7ac82fa7e3b8de3540170ebaa40dac5227285c063332e58db0695b26061590a4,5109558,1518912773,0x358ef89b4d37f16002cc4a853b321daeee423519,0x448ea13af25ef20413c559f0dad0188e91a9785c,30.125884800000000000,NULL,0x,0
61,0x8ca36c34cc6e32438b562fe79625188825356104337a66bbb2e0b0c292c7c9dc,5109609,1518913556,0xf981b389fb7aa51e55f2d83e87bb306f78f0b048,0x358ef89b4d37f16002cc4a853b321daeee423519,0.300000000000000000,NULL,0x,0
62,0xd725032602942fcf19a5ed537ff0bbfcb3cdb19b37f5bc2c417d05c3e255119f,5109754,1518915559,0x76bfac2f0e92fced203474e12e4f368eb8efc46f,0x358ef89b4d37f16002cc4a853b321daeee423519,0.700000000000000000,NULL,0x,0
63,0xf3aeacaba6433fbb0a59ec7575725bdd1881708f5c47f306b4f22c1468c778fd,5109844,1518916755,0x0681d8db095565fe8a346fa0277bffde9c0edbbf,0x358ef89b4d37f16002cc4a853b321daeee423519,0.310000000000000000,NULL,0x,0
64,0xecf43ee203c7af2042c3a8527bdcbc31082a9594709dacdb2eaecc4b42e73708,5110232,1518922539,0x6bde33ce949bf1c900d9b95b9c8301021445e8ed,0x358ef89b4d37f16002cc4a853b321daeee423519,0.500000000000000000,NULL,0x,0
65,0xfa303a1c6c7df18affe617d6dfa26ff324252fcbf2aead4a6a25cc98be70c82d,5110267,1518923015,0x04d4228ffc207ca5045ca55988ec69910ca34fa2,0x358ef89b4d37f16002cc4a853b321daeee423519,0.700000000000000000,NULL,0x,0
66,0xb53bb3930b376a113d62626e9a071be0ed675693c2a1a68d0e7b5e1c9ba07ce7,5110314,1518923672,0x463ae55b15a4181490f12857aa90dcd45a7b4810,0x358ef89b4d37f16002cc4a853b321daeee423519,0.700000000000000000,NULL,0x,0
67,0x562e0eb8c6acb6f86ee97032048493ff9570a450d309cf126f3e1a2bb8fb75d3,5110430,1518925321,0xa95350d70b18fa29f6b5eb8d627ceeeee499340d,0x358ef89b4d37f16002cc4a853b321daeee423519,0.300000000000000000,NULL,0x,0
68,0xa962ce0fb574d31c2aeec170c3057a8591efe5bcc987fc4b22e71f704b024016,5110823,1518930937,0x4136ec8f4e8076503172591f26367d8f20217d77,0x358ef89b4d37f16002cc4a853b321daeee423519,0.450000000000000000,NULL,0x,0
69,0x8729f5c4efcd8b3af0f8bfa312a277ace0e251d4d10881f9f91b0561a21efec5,5110840,1518931329,0xc886faf2b2ea9bddc36c7a9df5c7b3a809cc31c0,0x358ef89b4d37f16002cc4a853b321daeee423519,0.700000000000000000,NULL,0x,0
70,0x8748e12cb4facc59768ebec46fd8568294e0e33d8216f4e356507e5d165bcb6a,5110873,1518931822,0x3e5c0c92652b3511d02b3041686d16dfcf527889,0x358ef89b4d37f16002cc4a853b321daeee423519,0.700000000000000000,NULL,0x,0
71,0x3399bec35d777e66165d59ea52b84cd6445deec98eaa9b7087aed2c15e54ca8e,5110965,1518933271,0xa0bb4ba19f578a63fa3f67adaf7bbca15ccadc45,0x358ef89b4d37f16002cc4a853b321daeee423519,0.309000000000000000,NULL,0x,0
72,0x9ed121224a8e4e5d7e351324005522ebd6f7f178845341f09dd048f1899b2077,5111011,1518933906,0x0681d8db095565fe8a346fa0277bffde9c0edbbf,0x358ef89b4d37f16002cc4a853b321daeee423519,0.300000000000000000,NULL,0x,0
73,0x0538cba29f77a6b71c5706fa96a8f5ed8c770feb697cf73c85f2be795cc05a99,5111070,1518934747,0xe89943ec20d856f064a87349a00ef6ab00aed042,0x358ef89b4d37f16002cc4a853b321daeee423519,0.420000000000000000,NULL,0x,0
74,0xb7b3d20fbe2bf3e1f61711b619cbea65d85e3a596b9072412cbcba284c74717d,5111138,1518935571,0x896559d17d5d8be8d6776e83acc46b9f47f2929c,0x358ef89b4d37f16002cc4a853b321daeee423519,0.039213058653577618,NULL,0x,0
75,0xfde1b76e1e01a3cc490c67de7f6187eeac4d37c5a5337655825400c56ea05264,5111235,1518936947,0x51836a753e344257b361519e948ffcaf5fb8d521,0x358ef89b4d37f16002cc4a853b321daeee423519,0.690397970000000000,NULL,0x,0
76,0xeb1942b995cd4919dc369ab98c5ab23ec1dcf8ed8de8e9be049e320fbfa55acc,5111319,1518938237,0x1eec573d03ec0f4b84dd7c5a68d12662c50fe725,0x358ef89b4d37f16002cc4a853b321daeee423519,0.500000000000000000,NULL,0x,0
77,0xa4623a377440c61979332ef6d66a4467815cec1a2c376316f5823a9bb39c3368,5111333,1518938424,0xcf94b9da3542acdf057b03009d46d267f370275b,0x358ef89b4d37f16002cc4a853b321daeee423519,0.710000000000000000,NULL,0x,0
78,0x9aec06894f7c97aab4cce45f2adf2bec5c83cde00f9177a73fb7c2b2d4237b8a,5111619,1518942760,0xbf82a18253ee44efe9149cb9785a0b8470660c7d,0x358ef89b4d37f16002cc4a853b321daeee423519,0.000700000000000000,NULL,0x,0
79,0xbcb0b9c3749dec4edb78b8c45d0a218c2f5cb29327961fa1815c7d3d1b3f4818,5111755,1518944572,0x31aa4e970cedca5aded6c920c3eebbd830ed2c5a,0x358ef89b4d37f16002cc4a853b321daeee423519,0.300000000000000000,NULL,0x,0
80,0x13ba2885566a7d078da6e2a9b55acb89bbfacf023553f0643ec07866c6d88f1a,5111758,1518944594,0x4c123360f384d1e651210a0c0eaca8454dd1c9df,0x358ef89b4d37f16002cc4a853b321daeee423519,0.070000000000000000,NULL,0x,0
81,0x93743e716c79e923572b0ec14cac9bdf0ce7c3ca4db552dcb9126c55f292005d,5111833,1518945457,0x77be230bd0694e408ef644cab6fa6c3281e380d6,0x358ef89b4d37f16002cc4a853b321daeee423519,0.700000000000000000,NULL,0x,0
82,0xbd4da596c53812699e02f33412cc5cd47dbd615a9c3826dac123f004c9822d96,5111910,1518946659,0xcb7b10b27c3f156a9a064b6fce3f0cd0edcb8d20,0x358ef89b4d37f16002cc4a853b321daeee423519,0.300000000000000000,NULL,0x,0
83,0x97a0a32a3dfbc2a05f7f97e01e40ea45b7ab42793164d878d9453d3b9d2f97eb,5112003,1518947988,0xd551234ae421e3bcba99a0da6d736074f22192ff,0x358ef89b4d37f16002cc4a853b321daeee423519,0.311925300000000000,NULL,0x,0
84,0x45c4374a6e3188d599347db08fb3d46f81582686e158331fa133d4eadeed2af2,5113221,1518965334,0x7fb2c8da0c5d2d4965f5bbf1390621c29a961c89,0x358ef89b4d37f16002cc4a853b321daeee423519,0.700000000000000000,NULL,0x,0
85,0xe5a1f86d78add4ae7cb19a4f9060e46023f81e9689c60ca2506ddcd1ee1c3529,5113346,1518967351,0xa6643a74c272c33ecf13fa5a3d3b74c28f6eed13,0x358ef89b4d37f16002cc4a853b321daeee423519,0.050000000000000000,NULL,0x,0
86,0x1438df765c6dfd9136e3ddc4bae2e9a7e1931716715d0e4a1b50e0672a49289b,5118999,1519049616,0x358ef89b4d37f16002cc4a853b321daeee423519,0x448ea13af25ef20413c559f0dad0188e91a9785c,10.760375328653577618,NULL,0x,0
