,TxHash,BlockHeight,TimeStamp,From,To,Value,ContractAddress,Input,isError
0,0x7ab7540fe41fb930f898a7ac1a3edf3f5920c2db6a6b28860d269c53120ab229,5528173,1525031893,0xeb0460f25c0b94efcbd2487b80125d65c76ef228,0x3614e0bba4679c95daa45201821cd212f9164205,0.990000000000000000,NULL,0x,0
1,0x93e16eb265852b33c64a02ddca8e6d7347f68fd8b575ed0395c7ce8e3102f248,5556387,1525461668,0x2b5634c42055806a59e9107ed44d43c426e58258,0x3614e0bba4679c95daa45201821cd212f9164205,0.500000000000000000,NULL,0x,0
2,0x49f0f6273edd8d8037e83f2783c0a51a00bae054a615c5a3944c190cc438355a,5556874,1525469029,0x757d8dfcdd9d4d450b2066508672eaa39fd7ec1a,0x3614e0bba4679c95daa45201821cd212f9164205,1.100000000000000000,NULL,0x,0
3,0x237c069b2d473c77c5a9ee148fd3d9ebb3cfb55c1dea60258c122f275f88affc,5559792,1525512871,0x3614e0bba4679c95daa45201821cd212f9164205,0x583d5e223078658a9103af32599a2355e34ec6c4,2.589160000000000000,NULL,0x,0
