,TxHash,BlockHeight,TimeStamp,From,To,Value,ContractAddress,Input,isError
0,0xe803b30b510ea712371e2caa9b26dffe8dd3b0386ca743b87fef5fd75a8c11e8,5325860,1522076620,0x0975ca9f986eee35f5cbba2d672ad9bc8d2a0844,0x3b5744c7f340e0d2dcf7a072a4c963b9a43c982b,0.002470000000000000,NULL,0x,0
1,0x2e43c308d39630f56d567b66f63d3a5616daa6d848190456fc1cca7790e516d4,5326846,1522091041,0x94ae20d4d13735f1555b30f900b40713ae658803,0x3b5744c7f340e0d2dcf7a072a4c963b9a43c982b,0.036693000000000000,NULL,0x,0
2,0x3e5d6eaa881beeb4318ac59fd9a479af9029b612e91f55c8e69d816892da874e,5337608,1522248590,0x524c6be8c3cc6ab2922c68f8b7493b0e74db9b8f,0x3b5744c7f340e0d2dcf7a072a4c963b9a43c982b,0.031604970000000000,NULL,0x,0
3,0xd3181130b9fb79b3d9e54ccc7d358e0a3d89d2beea4edd1aa562182bdde09f81,5379238,1522847463,0x1fd6267f0d86f62d88172b998390afee2a1f54b6,0x3b5744c7f340e0d2dcf7a072a4c963b9a43c982b,0.144730000000000000,NULL,0x0000000000000000000000000000000000000000,0
4,0xf922441d41bbf6ef25bcea0b9efe4eceda1f7f2df8fb0daaf65e2801130415ce,5380294,1522862910,0xf79620754ca3c8149a2b2070299aa9f83625cf1e,0x3b5744c7f340e0d2dcf7a072a4c963b9a43c982b,0.031480000000000000,NULL,0x,0
5,0xe2a7861064ade81d00d4e0324b6e75ddff23c5cf13d325563433f67cb58ee958,5381064,1522873907,0x99d2e685d095943b86d67c577a81640e45519e9c,0x3b5744c7f340e0d2dcf7a072a4c963b9a43c982b,0.051000000000000000,NULL,0x,0
6,0x50b3585389e516a30b4529a6d44d6dae28b8abc6b0adf6169e0a5706f9714abb,5383482,1522909011,0x1fd6267f0d86f62d88172b998390afee2a1f54b6,0x3b5744c7f340e0d2dcf7a072a4c963b9a43c982b,0.100630000000000000,NULL,0x0000000000000000000000000000000000000000,0
7,0x2dae766963f18d53f685eb27f591a1dd6e117d97030de75af90d192864413805,5383841,1522914069,0x63ce9f57e2e4b41d3451dec20ddb89143fd755bb,0x3b5744c7f340e0d2dcf7a072a4c963b9a43c982b,0.003160000000000000,NULL,0x,0
8,0xa79e86be6b27cfc43d60ff9a69e763e8a3b7237179aeaa9f1c3594994186b206,5384152,1522918407,0x235bb1d97a11cab8b81d07ae0e9e79b526f82c54,0x3b5744c7f340e0d2dcf7a072a4c963b9a43c982b,0.109809000000000000,NULL,0x,0
9,0xcc9690948b1e305941b74e6ed8cf2fed05dd19d85ed4b6ebdb22fa6bac2ecf9c,5384977,1522930392,0x7ed1e469fcb3ee19c0366d829e291451be638e59,0x3b5744c7f340e0d2dcf7a072a4c963b9a43c982b,0.040950000000000000,NULL,0x,0
10,0x4536bf76b964890023371e9e92c667d97bee89b0125a0f425e705f487c21e8da,5385091,1522932073,0x1fd6267f0d86f62d88172b998390afee2a1f54b6,0x3b5744c7f340e0d2dcf7a072a4c963b9a43c982b,0.095715770000000000,NULL,0x0000000000000000000000000000000000000000,0
11,0xe732bb55c8eebd0c9294bc37dc7e944c1e1c85816ae8145825f6edfcdb97d7db,5385270,1522934570,0x1fd6267f0d86f62d88172b998390afee2a1f54b6,0x3b5744c7f340e0d2dcf7a072a4c963b9a43c982b,0.092300000000000000,NULL,0x0000000000000000000000000000000000000000,0
12,0x27038592dace0edf655dba9da6a5382662ebc893cf2bf08fa4ba168f2f74d7ab,5385410,1522936402,0xf5bec430576ff1b82e44ddb5a1c93f6f9d0884f3,0x3b5744c7f340e0d2dcf7a072a4c963b9a43c982b,0.035040000000000000,NULL,0x,0
13,0xc88c2cd22cac98131dc97c3a2bac331b10b1439909e59e4d57c29db9453758d7,5385705,1522941289,0x83671f7ea0a982a374e439a4d7cab82096154ee0,0x3b5744c7f340e0d2dcf7a072a4c963b9a43c982b,0.040790000000000000,NULL,0x,0
14,0xa5514a3ef04dba0c806c3725efbde211ed2808680aab5b2e2fb081247e3a864e,5385722,1522941597,0x49ce828846541ce4f698765c4b052848ac9b8dd4,0x3b5744c7f340e0d2dcf7a072a4c963b9a43c982b,5.499920000000000000,NULL,0x,0
15,0x947ee4ceeb05f71223571eba27a384569f101c14b01c3aa7ffd0d3a77c98acab,5385760,1522942105,0xb3aaaae47070264f3595c5032ee94b620a583a39,0x3b5744c7f340e0d2dcf7a072a4c963b9a43c982b,0.096380390000000000,NULL,0x,0
16,0xfcb725360cf2ada8930dedccbbae0aa8e43fcde95b9caf3a84d05e7f6964bbec,5385876,1522943894,0xd30b251577f28b36507569064ad5a6fcba828453,0x3b5744c7f340e0d2dcf7a072a4c963b9a43c982b,0.315360000000000000,NULL,0x,0
17,0x60404c3e7905e3285548f4c71e2faf6436e310561a8b7f1e28b5016246a8b4e0,5386234,1522949139,0x0975ca9f986eee35f5cbba2d672ad9bc8d2a0844,0x3b5744c7f340e0d2dcf7a072a4c963b9a43c982b,0.028530000000000000,NULL,0x,0
18,0xde9eb91a5cd7263e970b0a7127af3826502a56ccf06fa208aea9025bc1b3b592,5386278,1522949836,0x6dee64c89af84f3b7225a3707a71d49d8e1250af,0x3b5744c7f340e0d2dcf7a072a4c963b9a43c982b,0.032600000000000000,NULL,0x,0
19,0x167a92a5f37024181abc9f34440c63c3f45f871049d5c81bc71ae4587a565c16,5386635,1522954888,0xedec6439ccaca7dc9917a8e54df70b76621d65e3,0x3b5744c7f340e0d2dcf7a072a4c963b9a43c982b,0.158810000000000000,NULL,0x,0
20,0xa39a8e2275481c063e6968eebb0a627c319472c4f9e7c97be672ae70a241710f,5388090,1522974540,0x7ed1e469fcb3ee19c0366d829e291451be638e59,0x3b5744c7f340e0d2dcf7a072a4c963b9a43c982b,0.018780000000000000,NULL,0x,0
21,0x4ffa60506ddc3509f3c721dc33c2d8633f9166d85ff8de976045f394a21db5a2,5389173,1522989603,0xa09bb7afd552a38784a64c8f1e2dcd0ffe21ffaa,0x3b5744c7f340e0d2dcf7a072a4c963b9a43c982b,0.248546130000000000,NULL,0x,0
22,0xe68e30638940eee5b400deda40b92b3f2677048cd10d1977c287e63d164388ed,5389333,1522992095,0x642f2650680f27753ee9f8b10c33abe825d938b1,0x3b5744c7f340e0d2dcf7a072a4c963b9a43c982b,0.031540000000000000,NULL,0x,0
23,0x50a9aedb713ba8bffba7095aa3a8371c4663357ac394f1c98e81fb56a8106e12,5389932,1523000655,0x0975ca9f986eee35f5cbba2d672ad9bc8d2a0844,0x3b5744c7f340e0d2dcf7a072a4c963b9a43c982b,0.235224770000000000,NULL,0x,0
24,0xcde751209b490b90eeac7af5df1ed6b9f8776fc660b4f7401fcc11c5cf2f94a5,5391111,1523018032,0x1fd6267f0d86f62d88172b998390afee2a1f54b6,0x3b5744c7f340e0d2dcf7a072a4c963b9a43c982b,0.123650000000000000,NULL,0x0000000000000000000000000000000000000000,0
25,0x526d847794d0a8360374966fdfbc79173bbb56e09e6432dda86a9ef38fd371fd,5391160,1523018860,0xa2475376a32d68172c5a2e75a15ec344b0e1688b,0x3b5744c7f340e0d2dcf7a072a4c963b9a43c982b,0.688136670000000000,NULL,0x,0
26,0x802b7edf7d87c494c787aab462bae16ffac3b3f188bb14b12be1f134036a4cf1,5409582,1523282645,0xe4aff89d7ea01c43f24726e59b5da5c1d54b494f,0x3b5744c7f340e0d2dcf7a072a4c963b9a43c982b,0.267120000000000000,NULL,0x,0
27,0x5602f301acf1787672db3fc053ec78ba7d1d0a181be8446159dcdd7c998ea6b4,5410341,1523293654,0xd07f6cc29fbe74abc7f40d2e9836816a37881e3c,0x3b5744c7f340e0d2dcf7a072a4c963b9a43c982b,0.018605000000000000,NULL,0x,0
28,0xee42083d9bb839821b19910ebc53c5b9381dcb7322b116734a0f7bcc095f40d7,5419376,1523421823,0x2714c6cace3d215d575ebce5bdd069f7e93792ca,0x3b5744c7f340e0d2dcf7a072a4c963b9a43c982b,0.037159000000000000,NULL,0x,0
29,0x0fe387b0e9c765a20452df40bd00f585ad7968eb2afa52cf0c475e8abb1c0946,5421416,1523451440,0x1fd6267f0d86f62d88172b998390afee2a1f54b6,0x3b5744c7f340e0d2dcf7a072a4c963b9a43c982b,0.098260000000000000,NULL,0x0000000000000000000000000000000000000000,0
30,0x3c2a9caedafb9fe8f89782c9f11dd50905988027510b92947bebb9e8918cff24,5432654,1523615318,0x9d8af0082da7fbff1a6ed2b3164edba1f5113646,0x3b5744c7f340e0d2dcf7a072a4c963b9a43c982b,0.899270000000000000,NULL,0x,0
31,0xefa736fe70cccdf3396f0c54226789bfe900aa2507e98fa5209866ead7108b1e,5434407,1523641274,0x5baeac0a0417a05733884852aa068b706967e790,0x3b5744c7f340e0d2dcf7a072a4c963b9a43c982b,0.021936810000000000,NULL,0x,0
32,0x647e6f59dc35cb06a5ef17e3fb9d3c1b424c280f44a405f0253792e0ba3a0d5a,5452209,1523901687,0x6beea0c7d0c6ca3db28d41d8f04758d10864e65e,0x3b5744c7f340e0d2dcf7a072a4c963b9a43c982b,0.160395918000000000,NULL,0x,0
33,0x4ae7da46ccf487b9619dbb99544e15499de5f39ade78b04d3fdc10833e383ca1,5452726,1523909070,0xb9e8d96919c1dba8e403e85cc34001322e0a8e32,0x3b5744c7f340e0d2dcf7a072a4c963b9a43c982b,0.200081000000000000,NULL,0x,0
34,0x92864ed50ad48fcc20fd40ab00424070ffd0a1dfe566cabef9b120feb53f2e1c,5455861,1523954235,0x055be64f9308511f6cd1575c7571ea86fb837499,0x3b5744c7f340e0d2dcf7a072a4c963b9a43c982b,0.044350000000000000,NULL,0x,0
35,0x380d41ad8edae263d208989839a7f1c3a4fd3c6a2804425c0a1bef6e401ee0f0,5467315,1524124745,0xf5bec430576ff1b82e44ddb5a1c93f6f9d0884f3,0x3b5744c7f340e0d2dcf7a072a4c963b9a43c982b,0.049434000000000000,NULL,0x,0
36,0x0e8780f2b11098b9a3f8cf8937d5fb5d280f5a0b493d4b8af38d35410c1080c7,5478037,1524285107,0x74fd14c3d8a61501a830d847d7a04a15b4de3568,0x3b5744c7f340e0d2dcf7a072a4c963b9a43c982b,0.053070000000000000,NULL,0x,0
37,0x128eba5f3b4bc6f136a9ba8292b0013a05e44f47437947c51c3eb87f3c986e0f,5480788,1524325616,0x1fd6267f0d86f62d88172b998390afee2a1f54b6,0x3b5744c7f340e0d2dcf7a072a4c963b9a43c982b,0.179830000000000000,NULL,0x0000000000000000000000000000000000000000,0
38,0x52a6f769976f3924479ecafac9bf3c611fd5879c208e1209afccac26fb129ebb,5590018,1525966893,0x3b5744c7f340e0d2dcf7a072a4c963b9a43c982b,0xa8bb6755d9c732ca4e35a5f22ae471c59b194a45,0.300000000000000000,NULL,0x,0
39,0x4757fd4a09f1b950b3493ba8c81110ae20fff115125db15f0d5cd6c035542986,5640302,1526729898,0x3b5744c7f340e0d2dcf7a072a4c963b9a43c982b,0x49461c6fbc11fdf0712ea04193510d383dabf433,0.500000000000000000,NULL,0x,0
40,0x5719b5a3d30f2b938608497bdab70f8957494cd494573c81c0a8368c7808ab76,5663252,1527081953,0x3b5744c7f340e0d2dcf7a072a4c963b9a43c982b,0x5caadcb78735e5846ad427891c43ebd7c7430980,1.000000000000000000,NULL,0x,1
41,0x4751cffddc1c8defe8349139e1564f1b823edb46671b5bba8709c0ceae7d63ac,5676012,1527277674,0xc837f51a0efa33f8eca03570e3d01a4b2cf97ffd,0x3b5744c7f340e0d2dcf7a072a4c963b9a43c982b,0.181520000000000000,NULL,0x,0
42,0x0687311a000e25ee28e417903ae636b9b11d3d40e9fd4957cc738fca5ed5fe68,5743514,1528310750,0x3b5744c7f340e0d2dcf7a072a4c963b9a43c982b,0xa27d38754f003e3d5ccc5c733582c29b78371a49,0.200000000000000000,NULL,0x,0
43,0x1cc36a110c95f06a5caa988f0803d58d905d0abd163fd3a9084efccc97f46f77,5752320,1528446115,0x3b5744c7f340e0d2dcf7a072a4c963b9a43c982b,0xfa262492b8ccb62b1c37a9a07852f1f2e20a4ff1,0.500000000000000000,NULL,0x,0
44,0xee940bf14c96e1a442cc0e01191d0e1240eebafb441d31de39bf13914d5e37de,5759722,1528558799,0x3b5744c7f340e0d2dcf7a072a4c963b9a43c982b,0x8c8b4f01941464ef4c94034e31d3a4d1cf46a1ab,1.000000000000000000,NULL,0x,0
45,0x1e81cecf0910abc373da1062851347f0f01f9ef1256f83e0132d38e1bcb8fb87,5759904,1528561549,0x3b5744c7f340e0d2dcf7a072a4c963b9a43c982b,0xaad85990fa8841bfcc15d7f30708f21f0adc89af,3.000000000000000000,NULL,0x,0
46,0x6278ce42ef2b8afaf9e53cbe132f1edb7bb282c5c9cf49d59cc79e44496fe826,5771831,1528744237,0x3b5744c7f340e0d2dcf7a072a4c963b9a43c982b,0xb888c05ce50c8e62376db12559a6034a6bcacafb,0.300000000000000000,NULL,0x,0
47,0xd1a7cf984abb861021769500e5eeedbbfcfdc7b2b7786b346d130150a971eaee,5779911,1528867097,0xea674fdde714fd979de3edf0f56aa9716b898ec8,0x3b5744c7f340e0d2dcf7a072a4c963b9a43c982b,0.120226752169466612,NULL,0x,0
48,0x63f4931cb266d6e671daa8bb00ed00586ee3bcb92bc507f551f8a84285cfbcb9,5781007,1528883633,0x3b5744c7f340e0d2dcf7a072a4c963b9a43c982b,0xf75b05a7aa0d21426d23d8a8feccb2f2bc8aaee7,0.170000000000000000,NULL,0x,0
49,0x3801f0d8f32cd6834aba562ca1d58dc2c72a46a6625bb4bfb7df0a2eeeb90ed7,5787125,1528975304,0x3b5744c7f340e0d2dcf7a072a4c963b9a43c982b,0x3890816ad4298b35b5c14fe4a7c291be2afaeee8,1.000000000000000000,NULL,0x,0
50,0xf863222885f21e361ff7cfa64b769f6110636c60713e782c4811a2b47adfa78e,5787131,1528975353,0xea674fdde714fd979de3edf0f56aa9716b898ec8,0x3b5744c7f340e0d2dcf7a072a4c963b9a43c982b,0.080164711723856879,NULL,0x,0
51,0x20100fb787a33eca797aeafa6b94325fd4f45899bb6fbbc3d2d1b14dcd4feb6f,5793674,1529072936,0xea674fdde714fd979de3edf0f56aa9716b898ec8,0x3b5744c7f340e0d2dcf7a072a4c963b9a43c982b,0.080001727751831533,NULL,0x,0
52,0xfd1798861d28c46d428e970a5555dd5476e14e48e91fb6468078d3929162c32a,5801806,1529192934,0xea674fdde714fd979de3edf0f56aa9716b898ec8,0x3b5744c7f340e0d2dcf7a072a4c963b9a43c982b,0.080323477182824226,NULL,0x,0
53,0x6a1e85065683a23c123372b2a5ef5d0575f847e7e53973dc958ccbc29538972e,5805066,1529240768,0x3b5744c7f340e0d2dcf7a072a4c963b9a43c982b,0x475930e7deb4690fb3f5a952ddcfa0c7fd09d9e4,0.180000000000000000,NULL,0x,0
54,0x187c085845004e347c74a7d013ee2c51dba420659c883b05cc7fff957d79bc7f,5805618,1529249035,0x3b5744c7f340e0d2dcf7a072a4c963b9a43c982b,0x596388a698ef600fce75ca32da6cab44d227e91b,0.100000000000000000,NULL,0x,0
55,0x4be7f34e98605092f703f9067e05fb50334a9567622b336593a5a863657ea227,5811130,1529329073,0x3b5744c7f340e0d2dcf7a072a4c963b9a43c982b,0x8ba01028f4dc6fc20711351eda89f010cf30b7b2,0.900000000000000000,NULL,0x,0
56,0x81c8de64c1769d7a7f67b32b72ee954bd0a851c2def7b3de908a4d7c4cca9330,5812777,1529353634,0xea674fdde714fd979de3edf0f56aa9716b898ec8,0x3b5744c7f340e0d2dcf7a072a4c963b9a43c982b,0.080013061272592688,NULL,0x,0
57,0x03e3592fa1a342fe59a975e1f3269079dc81b12440b2511b1fe181ed5fac1f22,5820007,1529459950,0xea674fdde714fd979de3edf0f56aa9716b898ec8,0x3b5744c7f340e0d2dcf7a072a4c963b9a43c982b,0.080096423944671052,NULL,0x,0
58,0x09a86b87228c1b658c3b3abb95da6b17b6cf493c3197536815fc1b0bfedccba7,5822493,1529497687,0x3b5744c7f340e0d2dcf7a072a4c963b9a43c982b,0x2bfb0d8b2602ac04fccf7e0d0e1a45060725e692,0.004000000000000000,NULL,0x,0
59,0x0e147ed0238bac8a7fd251c3d7c2c00f71341eff73678374cee843ef44eca97d,5822744,1529501455,0x3b5744c7f340e0d2dcf7a072a4c963b9a43c982b,0x8692df955b07a43f877e8e5366f6c168fedf040e,0.400000000000000000,NULL,0x,0
60,0x05964312371e6c2528890d86f75d35d3051d6cb2cd5d859c36ca06484f925f75,5824418,1529526067,0x3b5744c7f340e0d2dcf7a072a4c963b9a43c982b,0x4b6a9f6a3bcf3fa752f40c08cdfed749961a7a78,0.500000000000000000,NULL,0x,0
61,0xd65d5eb79c841c909ee3d5dbf4615890e636bd7c6689d71cc55522cfc1ca0a8a,5827021,1529563677,0xea674fdde714fd979de3edf0f56aa9716b898ec8,0x3b5744c7f340e0d2dcf7a072a4c963b9a43c982b,0.080139862960503236,NULL,0x,0
62,0x2211e19f715b3649c058f58b959efe826ea8896d8d890b373c722af763556891,5832008,1529637440,0xf5bec430576ff1b82e44ddb5a1c93f6f9d0884f3,0x3b5744c7f340e0d2dcf7a072a4c963b9a43c982b,0.173420000000000000,NULL,0x,0
63,0x68f2f97230b72032cd197ace29718f6c5a7dee544bcc6cd0f09ee382e4acd222,5834234,1529671119,0xea674fdde714fd979de3edf0f56aa9716b898ec8,0x3b5744c7f340e0d2dcf7a072a4c963b9a43c982b,0.080074981471679756,NULL,0x,0
64,0x0881d0b2aa395ef9cea55df641b4128e04ea2c95e07b9c179ed83e665fc6522b,5840579,1529764414,0x3b5744c7f340e0d2dcf7a072a4c963b9a43c982b,0x149759d6e86db8742606fa8b68125233c8d1529f,0.083630130000000000,NULL,0x,0
65,0xba85c345ab0f3281200196f976bd3686d24b2bbd4ae24b6bc55583c1b39ecce2,5846031,1529843764,0xea674fdde714fd979de3edf0f56aa9716b898ec8,0x3b5744c7f340e0d2dcf7a072a4c963b9a43c982b,0.080108659569673255,NULL,0x,0
66,0x83c397693e26e2875b1b2379b0e7cf788643f1b30ffaf3684207d57544d25507,5846131,1529845386,0x3b5744c7f340e0d2dcf7a072a4c963b9a43c982b,0xefd37d423eb7b52edb5d74a65fef366b06f62d56,0.090000000000000000,NULL,0x,0
67,0x7a0cc93d9674e96df5ca9279d151c6c827e89c8c4e336d6b4c52b5017caf5490,5851161,1529920827,0x3b5744c7f340e0d2dcf7a072a4c963b9a43c982b,0x97d0dc25d4233f6cf48276e3c38c3c2b0c46af08,1.080000000000000000,NULL,0x,0
68,0x5aac44b700cdf9f1e19cfc26cd0ec9f25a13df4a93f806aa68cf185205c8d8ec,5851912,1529932121,0x3b5744c7f340e0d2dcf7a072a4c963b9a43c982b,0xb31f78faa8527913462fdc06e539725ee1dc0e41,0.104919110000000000,NULL,0x,0
69,0xdec63b5e6454171eb59f7017e5e9e3173a01d7e00f622f799b2a5cfde8f78e86,5852826,1529945481,0xea674fdde714fd979de3edf0f56aa9716b898ec8,0x3b5744c7f340e0d2dcf7a072a4c963b9a43c982b,0.080026166195140136,NULL,0x,0
70,0x136dec03b597419b007d1b8c7f539e48d111cc83b1349256df5b856408639e40,5859173,1530041727,0x3b5744c7f340e0d2dcf7a072a4c963b9a43c982b,0x2bfb0d8b2602ac04fccf7e0d0e1a45060725e692,0.005550000000000000,NULL,0x,0
71,0xffaaa0eb0569163433b01ea79af73d38a3e5e373d5b8859d04dd3f10ec43fdb2,5859594,1530048383,0xea674fdde714fd979de3edf0f56aa9716b898ec8,0x3b5744c7f340e0d2dcf7a072a4c963b9a43c982b,0.080066904086809109,NULL,0x,0
72,0x3f35e1756555c54194c02c2452fb51144c70fba59929b13a438f2eed21a5bcf6,5862388,1530089972,0x3b5744c7f340e0d2dcf7a072a4c963b9a43c982b,0x700cab1dff0b8951a34bb5e44930ed87c1a5d17a,0.170000000000000000,NULL,0x,0
73,0x117bca8ba9a2d043aa4b04a78eb478f34e242555e111bbc29c0713527ada68d4,5863865,1530111723,0x3b5744c7f340e0d2dcf7a072a4c963b9a43c982b,0x9c7ca76003a85aa4ab4ff622130c8d680022d3ea,0.200000000000000000,NULL,0x,0
74,0x83d8813a0b1691e7f9215af2ca6cbcfd01719341a5c7c518447a9d038353efe6,5866639,1530152930,0xea674fdde714fd979de3edf0f56aa9716b898ec8,0x3b5744c7f340e0d2dcf7a072a4c963b9a43c982b,0.080318206763028602,NULL,0x,0
75,0x721de06b77a1e5211b9a9baf1766645fd9ee5a13c6b6827d3467f82c1c4f114e,5874350,1530268411,0xea674fdde714fd979de3edf0f56aa9716b898ec8,0x3b5744c7f340e0d2dcf7a072a4c963b9a43c982b,0.080051322843525357,NULL,0x,0
76,0xa057570e2eab77df586adfcec81eeb89371bbeb24dd3617472c470c413e4e2e9,5874823,1530275469,0x3b5744c7f340e0d2dcf7a072a4c963b9a43c982b,0x05c62c1a775a40656c043b5185f735b32ed0649a,0.099000000000000000,NULL,0x,0
77,0x6d974e62d438dda192471d3df73093d7f0663b4925d2add7e628b44609ccd179,5881548,1530374915,0x3b5744c7f340e0d2dcf7a072a4c963b9a43c982b,0x71819a042e604ba76ffd54cc1776f4fd3d18704f,0.090000000000000000,NULL,0x,0
78,0x647d5f728bd97647582f313714e00e735d7837648044deedeabfe10cc1b91a11,5883890,1530409321,0xea674fdde714fd979de3edf0f56aa9716b898ec8,0x3b5744c7f340e0d2dcf7a072a4c963b9a43c982b,0.080100400390051880,NULL,0x,0
79,0xb8d864441ffab97561a37dfdeb63b74cc2a7f3df034f47795d119d6361b537e3,5893154,1530545208,0x3b5744c7f340e0d2dcf7a072a4c963b9a43c982b,0xb77a8c895d259b2d76af0372aebf0bb33b2ff575,0.080000000000000000,NULL,0x,0
80,0x43673d9dae11ad50c8efc3450042055e7ebf8c95adccd1bee0b4489a47fa67f3,5893650,1530552672,0xea674fdde714fd979de3edf0f56aa9716b898ec8,0x3b5744c7f340e0d2dcf7a072a4c963b9a43c982b,0.080254658693351613,NULL,0x,0
81,0xe3f25b2d39765ca46e0d6b0f7c03f01d77ec2b07488ae90f67d5bb0e2cdd341d,5899946,1530645856,0xea674fdde714fd979de3edf0f56aa9716b898ec8,0x3b5744c7f340e0d2dcf7a072a4c963b9a43c982b,0.080056070385947285,NULL,0x,0
82,0xb65dd9b6bd5f9ad59d2f636631ce351d65aa893c69244f8bb7345cd48642a4f0,5903469,1530697647,0x3b5744c7f340e0d2dcf7a072a4c963b9a43c982b,0x2bfb0d8b2602ac04fccf7e0d0e1a45060725e692,0.008000000000000000,NULL,0x,0
83,0x7ce6410ed605419d5e3b09434763a9c054c4161846e4941d10a1b39baa2c32c6,5904663,1530715938,0x3b5744c7f340e0d2dcf7a072a4c963b9a43c982b,0xabaf1f1079a5f19da71bf1fb00875a3fc5437cdb,0.160000000000000000,NULL,0x,0
84,0x7e023cc0e518997e47986e38b32637becfc980018a17262609e7df971344a81b,5906685,1530745388,0xea674fdde714fd979de3edf0f56aa9716b898ec8,0x3b5744c7f340e0d2dcf7a072a4c963b9a43c982b,0.080222873082190859,NULL,0x,0
85,0x14c93f748ea99509dd4702a17166e3d0c218904932e25c34c709157cf752c6da,5913331,1530844528,0xea674fdde714fd979de3edf0f56aa9716b898ec8,0x3b5744c7f340e0d2dcf7a072a4c963b9a43c982b,0.080291865828479854,NULL,0x,0
86,0x4211ff14e2f27aeff1cb03a563bdfb5d24525cda68298a9acfdaa7146de41b90,5920529,1530950951,0xea674fdde714fd979de3edf0f56aa9716b898ec8,0x3b5744c7f340e0d2dcf7a072a4c963b9a43c982b,0.080111406437603501,NULL,0x,0
87,0xd682b2f3251c4456604774d9279f03de97dc536c7d36e9828b1ab49667400498,5927331,1531052877,0xea674fdde714fd979de3edf0f56aa9716b898ec8,0x3b5744c7f340e0d2dcf7a072a4c963b9a43c982b,0.080382270163105471,NULL,0x,0
88,0xd01e81d80b7e33ceed4adc70c89b83ed50280a1a6d72145087506053029e52b2,5933284,1531141583,0x3b5744c7f340e0d2dcf7a072a4c963b9a43c982b,0xf9f7f4d0cbe95dd463142da6434ef37a40915ac0,0.130000000000000000,NULL,0x,0
89,0x739f96e221e565a236b5363103c2f1cdd9254b1a5928840e0bc911ee18a24fc6,5934339,1531157849,0xea674fdde714fd979de3edf0f56aa9716b898ec8,0x3b5744c7f340e0d2dcf7a072a4c963b9a43c982b,0.080014992784180039,NULL,0x,0
90,0x4333fac2ad4b95a13983a8ec85bd555b1c13429bad47f6ffcaaa3a9a7a3bb654,5942028,1531271781,0xea674fdde714fd979de3edf0f56aa9716b898ec8,0x3b5744c7f340e0d2dcf7a072a4c963b9a43c982b,0.080041197699933077,NULL,0x,0
91,0x202d7fa5172d747e222b7bc5ca3dcb90382885eabb68ae3a1491bcdd9c806e4d,5944069,1531302640,0x3b5744c7f340e0d2dcf7a072a4c963b9a43c982b,0x97d0dc25d4233f6cf48276e3c38c3c2b0c46af08,0.450000000000000000,NULL,0x,0
92,0x24d76b696182ff01fd1ca047749e634b71906f15ab5d003aa5f6d1a1e6a48a63,5951383,1531407801,0xea674fdde714fd979de3edf0f56aa9716b898ec8,0x3b5744c7f340e0d2dcf7a072a4c963b9a43c982b,0.080022711671482864,NULL,0x,0
93,0x06f0b9667d85149034f64a12608f5a19e56db65d190faeb787b14ba7cdd9098a,5951792,1531413475,0x3b5744c7f340e0d2dcf7a072a4c963b9a43c982b,0xa27d38754f003e3d5ccc5c733582c29b78371a49,0.350000000000000000,NULL,0x,0
94,0x58cd5aeeea2baa53bbde254541d1a7d632dc4b33bae276c36ca5aac1492e5c99,5957540,1531496954,0x3b5744c7f340e0d2dcf7a072a4c963b9a43c982b,0x5caadcb78735e5846ad427891c43ebd7c7430980,0.035000000000000000,NULL,0x,0
95,0x6d0ffcaa50686ccee49628158437e97cf4e64c242a2dadcc9a2a96170e781738,5960503,1531539169,0xea674fdde714fd979de3edf0f56aa9716b898ec8,0x3b5744c7f340e0d2dcf7a072a4c963b9a43c982b,0.080218678727418600,NULL,0x,0
96,0xa7efbbd3ecd2d3c2e7c405b546cc8ecba4097854f95c915adc7d41704543f7f8,5963411,1531580769,0x3b5744c7f340e0d2dcf7a072a4c963b9a43c982b,0x1899f38c8f492dc6da3be7970ca5137ba11e0a02,0.100000000000000000,NULL,0x,0
97,0x53ac844276adbb62bebfa4317b4d425671adad3f53e36a8ed0688983fa084f3c,5968836,1531658651,0xea674fdde714fd979de3edf0f56aa9716b898ec8,0x3b5744c7f340e0d2dcf7a072a4c963b9a43c982b,0.080288321046039114,NULL,0x,0
98,0x3783b0950bd73b3771bd70487b559e1035f8cb5f0527ce259e58b0292bcb3415,5978033,1531793539,0xea674fdde714fd979de3edf0f56aa9716b898ec8,0x3b5744c7f340e0d2dcf7a072a4c963b9a43c982b,0.080101577697054419,NULL,0x,0
99,0xe11a0081fa000dd981494b74ee3d4ff75b6a0251c4aa0ba2b09578e9febc3046,5980248,1531825888,0x3b5744c7f340e0d2dcf7a072a4c963b9a43c982b,0x885067f1341b5d5567a6da70c802b736f49ab362,0.250000000000000000,NULL,0x,0
100,0x46a26017df923df4164694e8c4851ef67b1f5440a1e4a6cd419739bf0fecabde,5987825,1531938821,0xea674fdde714fd979de3edf0f56aa9716b898ec8,0x3b5744c7f340e0d2dcf7a072a4c963b9a43c982b,0.080023008999133723,NULL,0x,0
101,0x9e5c22edfe39113dc4eeb0e2bf0d07570b042b5af53950b956e3d32da46489d3,5991598,1531995294,0x3b5744c7f340e0d2dcf7a072a4c963b9a43c982b,0x2bfb0d8b2602ac04fccf7e0d0e1a45060725e692,0.010000000000000000,NULL,0x,0
102,0x41f944eab6cbfa304ed38d74b66a73012df4d6b54b90361136b327fed04a0ac1,5992346,1532005845,0x3b5744c7f340e0d2dcf7a072a4c963b9a43c982b,0xee035a5a452866dab392c640790e5ded2b594a0d,0.300000000000000000,NULL,0x,0
103,0x6e19849c675e2f162bbfd7a95f33d2020b9ef30441099d9733688009c06c9327,5996878,1532072941,0xea674fdde714fd979de3edf0f56aa9716b898ec8,0x3b5744c7f340e0d2dcf7a072a4c963b9a43c982b,0.080113983786625504,NULL,0x,0
104,0x322cb9cf06f70cda7fc783986ca48be1ddb2785c94fda6a7cd4fa72ea4c18203,6002761,1532159773,0x3b5744c7f340e0d2dcf7a072a4c963b9a43c982b,0x6c885d8af1a9d34b690f177845c3e571888e0e85,0.090000000000000000,NULL,0x,0
105,0x101bfdd24bcceaeaf9f1bc5c63add5243b62c3e5d8c768ee50915c6562a006d6,6005270,1532196231,0xea674fdde714fd979de3edf0f56aa9716b898ec8,0x3b5744c7f340e0d2dcf7a072a4c963b9a43c982b,0.080118158436004625,NULL,0x,0
106,0x5a6308ef4c98a8bc061c932bd865c3be23913cd89113006b67ca72e679afd913,6009205,1532253284,0x3b5744c7f340e0d2dcf7a072a4c963b9a43c982b,0xdd616a299f7d02a064c665fc98f34af617ce6045,0.080000000000000000,NULL,0x,0
107,0xaf9e17a67e8e6ebfcfe2f6ff888485140026b8eef692bd733774b780373acaba,6012170,1532295671,0xea674fdde714fd979de3edf0f56aa9716b898ec8,0x3b5744c7f340e0d2dcf7a072a4c963b9a43c982b,0.080218610446810010,NULL,0x,0
108,0xdb14cf53b3d5be2b3c1ce42c0e2604d2b91808b4586c3e3671d6497796ec484c,6015026,1532337125,0x3b5744c7f340e0d2dcf7a072a4c963b9a43c982b,0x3ca1c5e1677246715e8397b294ee350c6f6ae28d,0.080000000000000000,NULL,0x,0
109,0x196ad2e673fbb7a85890f8cd198ec744d4c72b29fc9c21bcccd8224da7128ade,6020981,1532426070,0xea674fdde714fd979de3edf0f56aa9716b898ec8,0x3b5744c7f340e0d2dcf7a072a4c963b9a43c982b,0.080362447289677296,NULL,0x,0
110,0x32006d969761a72a00db129e0fb51536f2b0376ad00d85ff7e592dd2add9d3ff,6021209,1532429465,0x3b5744c7f340e0d2dcf7a072a4c963b9a43c982b,0xf9f7f4d0cbe95dd463142da6434ef37a40915ac0,0.080000000000000000,NULL,0x,0
111,0x7eb0ee07198d4e63b73dd34587bd12d0abad202267f679cfb006ee7f5cf87b89,6030520,1532566054,0xea674fdde714fd979de3edf0f56aa9716b898ec8,0x3b5744c7f340e0d2dcf7a072a4c963b9a43c982b,0.080079028405588280,NULL,0x,0
112,0x122d1e31aa18b89f65ea3414dba8d5ee7588a6e71b697f8a93626a97631a5115,6032591,1532596454,0x3b5744c7f340e0d2dcf7a072a4c963b9a43c982b,0xf9f7f4d0cbe95dd463142da6434ef37a40915ac0,0.084000000000000000,NULL,0x,0
113,0x3f7cedf704486f4d7d17d28bdeeb168c7233ac6ad5e8c24a1946fb9645806f70,6039192,1532694066,0xea674fdde714fd979de3edf0f56aa9716b898ec8,0x3b5744c7f340e0d2dcf7a072a4c963b9a43c982b,0.079295426767641392,NULL,0x,0
114,0x2c1c9c2395a5d7d64f7ef6aa4b5e7c6c7136facfa90150eca5ce75f118c2d404,6039203,1532694231,0x3b5744c7f340e0d2dcf7a072a4c963b9a43c982b,0x429a44a7e039f1bcf7228704cfb64e6477e7a288,0.080000000000000000,NULL,0x,0
115,0x58813f15e77c3ffc93fbf917cd3a9fe20f4ba1494498e6da5672ddd5d325ae57,6047204,1532810312,0xea674fdde714fd979de3edf0f56aa9716b898ec8,0x3b5744c7f340e0d2dcf7a072a4c963b9a43c982b,0.070106950824262580,NULL,0x,0
116,0xec79bc1a8015c5627b3c04eed13be573e876a1c2774510d94fd923218aa919b8,6051534,1532871871,0x3b5744c7f340e0d2dcf7a072a4c963b9a43c982b,0xbeb16a543af0f3e0e63f4071b610e7ebffe17cba,0.073000000000000000,NULL,0x,0
117,0xced13163baf514985416d67efe406365230313f9c9cd25d0957214ea0aff730b,6054671,1532917015,0xea674fdde714fd979de3edf0f56aa9716b898ec8,0x3b5744c7f340e0d2dcf7a072a4c963b9a43c982b,0.070002268236053387,NULL,0x,0
118,0x13b22e93f95825a5cd689114abf76037abac14adf144fcf4bf249dfa998fa5b5,6061942,1533023247,0xea674fdde714fd979de3edf0f56aa9716b898ec8,0x3b5744c7f340e0d2dcf7a072a4c963b9a43c982b,0.070104061861689179,NULL,0x,0
119,0xccb117ff847d65cd46feb64f4a64d2da20804fb8e7b54710f2a78d59c659567b,6062715,1533034820,0x3b5744c7f340e0d2dcf7a072a4c963b9a43c982b,0x7ebfe7bf6443f2102102bdbd5ab3d9bba7b7c6ee,0.140000000000000000,NULL,0x,0
120,0x44a821603ff226249815e379aeaa17e7129cb4d6791aa28685a8b5cbf403734f,6069503,1533134231,0xea674fdde714fd979de3edf0f56aa9716b898ec8,0x3b5744c7f340e0d2dcf7a072a4c963b9a43c982b,0.070285602071883997,NULL,0x,0
121,0x515b42b136af58afb602494028c2b92661646c7f949a2c47f0ee1c76df2212b4,6070160,1533143576,0x3b5744c7f340e0d2dcf7a072a4c963b9a43c982b,0xbeb16a543af0f3e0e63f4071b610e7ebffe17cba,0.070934580667810990,NULL,0x,0
122,0x397a405c9d29eec756e4d41c172b372dbfd96543c3a89bc2f4157f8fcb45bcfd,6076635,1533238733,0xea674fdde714fd979de3edf0f56aa9716b898ec8,0x3b5744c7f340e0d2dcf7a072a4c963b9a43c982b,0.070214170389059250,NULL,0x,0
123,0x71699c1d8d318c22194cc32defaab7ce972dada98d3f1e6abb945d247c2ac6bb,6080728,1533299079,0x3b5744c7f340e0d2dcf7a072a4c963b9a43c982b,0x94ae20d4d13735f1555b30f900b40713ae658803,0.070051070389059250,NULL,0x,0
124,0x84ef5e348ac6682e65883c3d40477eaea51acc2134fafcef346080b37fd40da3,6084479,1533352967,0xea674fdde714fd979de3edf0f56aa9716b898ec8,0x3b5744c7f340e0d2dcf7a072a4c963b9a43c982b,0.070157977210115241,NULL,0x,0
125,0x63e4d9da0a88fb1326ccd8dda0c06fb05718aa488bbfdc55e22d3bdf223c4c4f,6091846,1533459990,0xea674fdde714fd979de3edf0f56aa9716b898ec8,0x3b5744c7f340e0d2dcf7a072a4c963b9a43c982b,0.070265362362259161,NULL,0x,0
126,0xe4dfb4289105c9411d63bcbafc7fc02d48766d716cdd49ae3df2b50355b69656,6091999,1533462282,0x3b5744c7f340e0d2dcf7a072a4c963b9a43c982b,0x0ac87afd3bd4ea1c0333d36c16a6686da6de71c1,0.140000000000000000,NULL,0x,0
127,0x26ed5d95081f6eb3f1fd5529122a05dde67e4294fab43ff1c4669bf7dbbcb301,6099106,1533565852,0xea674fdde714fd979de3edf0f56aa9716b898ec8,0x3b5744c7f340e0d2dcf7a072a4c963b9a43c982b,0.070080569354952423,NULL,0x,0
128,0x645171cf0ef335f8ec6faf37827bb9db7103ad451dacbdc1eeb14ce72e118a55,6104203,1533640390,0x3b5744c7f340e0d2dcf7a072a4c963b9a43c982b,0x71819a042e604ba76ffd54cc1776f4fd3d18704f,0.070000000000000000,NULL,0x,0
129,0x34911af4b6a941ae1ff8f951145d8a98521e10ae8fb0083b7f9082b788a90ae7,6106094,1533667873,0xea674fdde714fd979de3edf0f56aa9716b898ec8,0x3b5744c7f340e0d2dcf7a072a4c963b9a43c982b,0.070114414968448795,NULL,0x,0
130,0x24161739c0c49a1e3e2d32f074c541119d304ad2f132544e18f54e50b6148427,6113397,1533774440,0xea674fdde714fd979de3edf0f56aa9716b898ec8,0x3b5744c7f340e0d2dcf7a072a4c963b9a43c982b,0.070261789993348880,NULL,0x,0
131,0xe71edc13983ffdc5be8a2e0206b512a405befb718c498f89dcaf510a4a8135ee,6116417,1533818757,0x3b5744c7f340e0d2dcf7a072a4c963b9a43c982b,0x71819a042e604ba76ffd54cc1776f4fd3d18704f,0.135110413889124500,NULL,0x,0
132,0x39f3053dcf607a29aac8f5bb5063d9d6f92446ee295a03e0ba79e6b4ee62b423,6120175,1533873169,0xea674fdde714fd979de3edf0f56aa9716b898ec8,0x3b5744c7f340e0d2dcf7a072a4c963b9a43c982b,0.070196592924209743,NULL,0x,0
133,0x71a319167418184b2920921e83dbe41515eb0e99d2d0d6a6238f20e5ed7f2c26,6131285,1534034701,0xea674fdde714fd979de3edf0f56aa9716b898ec8,0x3b5744c7f340e0d2dcf7a072a4c963b9a43c982b,0.070078179057584961,NULL,0x,0
134,0x178a7b76ae3388e1748d78e3160082c838a61a9e31e3d91fd60258f9a0c82145,6133674,1534070891,0x3b5744c7f340e0d2dcf7a072a4c963b9a43c982b,0x2bfb0d8b2602ac04fccf7e0d0e1a45060725e692,0.004900000000000000,NULL,0x,0
135,0x02bdd2806c9468396fb450e4013acbcaf4c7058460e790f86a7190b404212929,6140749,1534174853,0xea674fdde714fd979de3edf0f56aa9716b898ec8,0x3b5744c7f340e0d2dcf7a072a4c963b9a43c982b,0.070085737483298826,NULL,0x,0
136,0xb6f79ab7bbab205f196a6c645771a8698e2f0ab656d83caf175c3a67a92e6e79,6145641,1534245893,0x3b5744c7f340e0d2dcf7a072a4c963b9a43c982b,0x5700a44aaf77c76fad4f05d780258ef44c1790e1,0.200000000000000000,NULL,0x,0
137,0xfcfb6ddb577c6f52f1969f2d68cc1c1dd94c0acf7c4a49fa4737fba97da19958,6146693,1534260796,0xea674fdde714fd979de3edf0f56aa9716b898ec8,0x3b5744c7f340e0d2dcf7a072a4c963b9a43c982b,0.070076291425178078,NULL,0x,0
138,0x04f15140b72b9c1e90d6684a293c6e86102f8f3f9178c71a33e7cc3ed42eebcc,6152531,1534346016,0xea674fdde714fd979de3edf0f56aa9716b898ec8,0x3b5744c7f340e0d2dcf7a072a4c963b9a43c982b,0.070095314947396438,NULL,0x,0
139,0x0a5469cb35b801e9fad80444ebdf28cc450e7f0dfb0666bd43102bd4ad87871b,6161388,1534474851,0x3b5744c7f340e0d2dcf7a072a4c963b9a43c982b,0xcabe84588b4336ff297ed987d3434f9b87e1854e,0.144060815837668046,NULL,0x,0
140,0x6c99cf91187c41c43d069436eb9d0f2974e068302c3e0d5645523048c708df8d,6161983,1534483446,0xea674fdde714fd979de3edf0f56aa9716b898ec8,0x3b5744c7f340e0d2dcf7a072a4c963b9a43c982b,0.070100354094375576,NULL,0x,0
141,0xe4f6c1a9f9880ede3d5a3bd1881443332369666beee6018e3a82c979dd985e44,6168976,1534587086,0x3b5744c7f340e0d2dcf7a072a4c963b9a43c982b,0x71819a042e604ba76ffd54cc1776f4fd3d18704f,0.070000000000000000,NULL,0x,0
142,0x4a5ba51b919e7dd6e574f36da73f8588bee0bca203d9fe6b3828234f9448d972,6181994,1534777476,0xea674fdde714fd979de3edf0f56aa9716b898ec8,0x3b5744c7f340e0d2dcf7a072a4c963b9a43c982b,0.070305463122825968,NULL,0x,0
143,0x91e7c7b8b28012a7bea537944cba54a71e50adc23be2833eae81b46d272e2bd7,6186659,1534844620,0x3b5744c7f340e0d2dcf7a072a4c963b9a43c982b,0x6123401b47c70059be75464e5f58f2a17509f875,0.070000000000000000,NULL,0x,0
144,0x629ad04e16402274c607e41aa9742dec236f7dc73d66e85f07d3f0fbfde3198d,6190808,1534904601,0xea674fdde714fd979de3edf0f56aa9716b898ec8,0x3b5744c7f340e0d2dcf7a072a4c963b9a43c982b,0.070131654456632270,NULL,0x,0
145,0x978e444a0e04ae34ce65e4937ab5fa6e9c927de7fb6702df11c3da2396a38067,6196838,1534992321,0xea674fdde714fd979de3edf0f56aa9716b898ec8,0x3b5744c7f340e0d2dcf7a072a4c963b9a43c982b,0.070306116253385977,NULL,0x,0
146,0x6adbe710fc4d4987bedb64ba8081048c6f64823cb62b60929f214aeec761d4ce,6199403,1535030824,0x3b5744c7f340e0d2dcf7a072a4c963b9a43c982b,0x71819a042e604ba76ffd54cc1776f4fd3d18704f,0.140000000000000000,NULL,0x,0
147,0x917fdcbf2ce00d2cd1b143c71ead70f084c5161f9fb14738dc960564d8752b2e,6202667,1535078991,0xea674fdde714fd979de3edf0f56aa9716b898ec8,0x3b5744c7f340e0d2dcf7a072a4c963b9a43c982b,0.070308781812537105,NULL,0x,0
148,0x92228e05a8c85bfb4908432053b881da90bbe87c59afe37c509c90a3a08ee712,6208627,1535165188,0xea674fdde714fd979de3edf0f56aa9716b898ec8,0x3b5744c7f340e0d2dcf7a072a4c963b9a43c982b,0.070160596254280416,NULL,0x,0
149,0xc87c251c1776007cdb3fd5b98240457eb7af31aab603a0f70ac2ac3f09fd16ee,6210987,1535200116,0x3b5744c7f340e0d2dcf7a072a4c963b9a43c982b,0xb6889356ee224b7670c51e6b3f0e7b4fc9d6be86,0.140000000000000000,NULL,0x,0
150,0x37c3144ddafebcfa767cb9297fcb028503b3d80c1aaf41b2e3779ff0f90ee555,6214816,1535255422,0xea674fdde714fd979de3edf0f56aa9716b898ec8,0x3b5744c7f340e0d2dcf7a072a4c963b9a43c982b,0.070145410823059270,NULL,0x,0
151,0xb11ec07390202303d50a12d56a63ca326ea3d550f87494bfbaa3b7c4f6e51985,6220863,1535343642,0xea674fdde714fd979de3edf0f56aa9716b898ec8,0x3b5744c7f340e0d2dcf7a072a4c963b9a43c982b,0.070201517319538663,NULL,0x,0
152,0x75fc08bd3ea05d9e886e12093d807d045b8eb53588a43eaf3878c309171c0bfe,6222374,1535365837,0x3b5744c7f340e0d2dcf7a072a4c963b9a43c982b,0x7cd5b67415ccd3631fa4b7691c9ad63b9035d60f,0.140000000000000000,NULL,0x,0
153,0xf395287cd0763a6c258aae5cd15b6546746837efcf25a25300525c386d37a4b8,6224461,1535396153,0x3b5744c7f340e0d2dcf7a072a4c963b9a43c982b,0x2bfb0d8b2602ac04fccf7e0d0e1a45060725e692,0.004000000000000000,NULL,0x,0
154,0xca8a83e91fc26217b9b672078db15831b6c580a778d145f344ec85a6f94da71b,6227128,1535435037,0xea674fdde714fd979de3edf0f56aa9716b898ec8,0x3b5744c7f340e0d2dcf7a072a4c963b9a43c982b,0.070123815171806717,NULL,0x,0
155,0x31f98ed8afd881152dfebb051f92493e119a98cacd3b55328e8834da6b5ff204,6233178,1535523488,0xea674fdde714fd979de3edf0f56aa9716b898ec8,0x3b5744c7f340e0d2dcf7a072a4c963b9a43c982b,0.070031125495775444,NULL,0x,0
156,0x1e2dd3d93c7bac0a35293f22598ca9bce12a684a5193b9c3b17a7469cb8ac93b,6233741,1535531908,0x3b5744c7f340e0d2dcf7a072a4c963b9a43c982b,0x64a3a35d07b193db4b61999aa0a00fe0c44ed1a4,0.140000000000000000,NULL,0x,0
157,0x099c12038acdb46220c93936ed31d6d6d0371702e9eb70b966a28f6108e91d2a,6239205,1535611117,0xea674fdde714fd979de3edf0f56aa9716b898ec8,0x3b5744c7f340e0d2dcf7a072a4c963b9a43c982b,0.070217989586470042,NULL,0x,0
158,0x4dc00eef10cdb24b9f188161568a1cc3d70fb8532055178a2b57a40d0f852894,6245156,1535697900,0xea674fdde714fd979de3edf0f56aa9716b898ec8,0x3b5744c7f340e0d2dcf7a072a4c963b9a43c982b,0.070054780144047853,NULL,0x,0
159,0xe00ea5b4e80b80ae284f19079de36764cbf4d93d2d2d6f5e0b47cff3a1b0a102,6251897,1535797220,0x3b5744c7f340e0d2dcf7a072a4c963b9a43c982b,0x3952baef1c5debde33289a11795a87832d7260e1,0.142215004534735301,NULL,0x,0
160,0x41b810f19e6368d8f36334e517c205a9f6a6cb2856c65a2261201ab87253df0d,6252870,1535811204,0xea674fdde714fd979de3edf0f56aa9716b898ec8,0x3b5744c7f340e0d2dcf7a072a4c963b9a43c982b,0.070107534785688828,NULL,0x,0
161,0x8728cfadeb3d82cf06abe3b4972ba934b60c312fc337a9cf38b18f24df1156c1,6253051,1535813928,0x3b5744c7f340e0d2dcf7a072a4c963b9a43c982b,0x78839283c362bb4cb2fa2611765e1cd5775dcbbe,0.070078734785688828,NULL,0x,0
162,0xe0fdf78eee44ec464c5daaa7a4f937075a4f4c93d2a31b721d4cf20e3d6c9c08,6258756,1535896803,0xea674fdde714fd979de3edf0f56aa9716b898ec8,0x3b5744c7f340e0d2dcf7a072a4c963b9a43c982b,0.070106617320587865,NULL,0x,0
163,0xd0364ce651e8f851487cfdb2428303b0cf9cdc53514f4c7321d96a31e5ffea0d,6259324,1535904884,0x3b5744c7f340e0d2dcf7a072a4c963b9a43c982b,0xbeb16a543af0f3e0e63f4071b610e7ebffe17cba,0.060000000000000000,NULL,0x,0
164,0xe0b4f069f0c7ee707e45b943528ff0dcb8407fdc4e825c353000f0daaeabb272,6264925,1535986089,0xea674fdde714fd979de3edf0f56aa9716b898ec8,0x3b5744c7f340e0d2dcf7a072a4c963b9a43c982b,0.070184149629414772,NULL,0x,0
165,0xda4cb5c1a2673509037875985379ee347eac2c7b1cca0fb9c6f2234503010adb,6271200,1536077738,0x3b5744c7f340e0d2dcf7a072a4c963b9a43c982b,0x13b9ae3d6d09775a1cfda514becb9f69fce1ab0b,0.080113166950002637,NULL,0x,0
166,0xfd2ba9fc0433176fc670e7fb983407e7d3463db75fa7b716455b278f94da3ec3,6271851,1536086740,0xea674fdde714fd979de3edf0f56aa9716b898ec8,0x3b5744c7f340e0d2dcf7a072a4c963b9a43c982b,0.070103069348777611,NULL,0x,0
167,0x2cd25ddcdb3b4c0f586abb5f046e29f44a74ab168f923322056e2b8243bbd70a,6276807,1536158532,0x3b5744c7f340e0d2dcf7a072a4c963b9a43c982b,0x2bfb0d8b2602ac04fccf7e0d0e1a45060725e692,0.010000000000000000,NULL,0x,0
168,0x1a0e43b825db2c6be1f82b29ed62b807e407f5bc9294b62e633f83dff1d506a5,6278087,1536176441,0xea674fdde714fd979de3edf0f56aa9716b898ec8,0x3b5744c7f340e0d2dcf7a072a4c963b9a43c982b,0.070053605784085887,NULL,0x,0
169,0x088d88614960febb8654cb6e327fc91e34c27d2aa65a4a36db5f7953b4ea19d3,6283609,1536256138,0x3b5744c7f340e0d2dcf7a072a4c963b9a43c982b,0x71819a042e604ba76ffd54cc1776f4fd3d18704f,0.090000000000000000,NULL,0x,0
170,0x21bcfca7af76d44eb6a2a8097b4288a8c089e3848482eda72e8daff5d3da82ef,6284544,1536269812,0xea674fdde714fd979de3edf0f56aa9716b898ec8,0x3b5744c7f340e0d2dcf7a072a4c963b9a43c982b,0.070085122525533780,NULL,0x,0
171,0xf2409c623fd516ddd8c4b5aeec1fec442c3603035fe32205a44276094fc4af33,6290939,1536362870,0xea674fdde714fd979de3edf0f56aa9716b898ec8,0x3b5744c7f340e0d2dcf7a072a4c963b9a43c982b,0.070018766738431540,NULL,0x,0
172,0x188dad4fa34249fafbc7b94d1aa8e8101c11017a9fe5df5aa671f47f09842117,6297559,1536459368,0xea674fdde714fd979de3edf0f56aa9716b898ec8,0x3b5744c7f340e0d2dcf7a072a4c963b9a43c982b,0.070236163962181001,NULL,0x,0
173,0xe7ff2f3fb2cb2ab960060e3fdf4ffacc91a7de9c888bb6b25a3ad4cb3f780065,6303216,1536542185,0xea674fdde714fd979de3edf0f56aa9716b898ec8,0x3b5744c7f340e0d2dcf7a072a4c963b9a43c982b,0.070049032986314051,NULL,0x,0
174,0xeb44b9651d7f1fb120ae978cd347f52442dbfa5c5a05f8cb608d15f25cabba6a,6305816,1536579717,0x3b5744c7f340e0d2dcf7a072a4c963b9a43c982b,0xbd5a8978f53c5649948adf2cea1878169253e191,0.300000000000000000,NULL,0x,0
175,0xd8a658f87c25f6886b2591f19ab3ffc52bd38a5b197bacdf9469f46c5434b45b,6308953,1536624573,0xea674fdde714fd979de3edf0f56aa9716b898ec8,0x3b5744c7f340e0d2dcf7a072a4c963b9a43c982b,0.070083238099540247,NULL,0x,0
176,0xdb1e7947d7b16706877b798ac8554b4bd4eeda804bf32030439df7792e2bf8af,6314572,1536705666,0xea674fdde714fd979de3edf0f56aa9716b898ec8,0x3b5744c7f340e0d2dcf7a072a4c963b9a43c982b,0.070109077411791081,NULL,0x,0
177,0x0803ca0b593d376b3911bf07cc485672c7660d1af7a7b8dee17dbe839de0a79c,6320213,1536786112,0xea674fdde714fd979de3edf0f56aa9716b898ec8,0x3b5744c7f340e0d2dcf7a072a4c963b9a43c982b,0.070207104515261470,NULL,0x,0
178,0x3faba623a1d5cb7f35c4c3105ae2a806f8a7a47ebc308b63a69abeebb8b01c66,6325459,1536861413,0xea674fdde714fd979de3edf0f56aa9716b898ec8,0x3b5744c7f340e0d2dcf7a072a4c963b9a43c982b,0.070121760225452640,NULL,0x,0
179,0xb1398f5611acfd2d6dd54eae786a51a1c79011158ab0390610130a385eafa59b,6330767,1536937342,0xea674fdde714fd979de3edf0f56aa9716b898ec8,0x3b5744c7f340e0d2dcf7a072a4c963b9a43c982b,0.070223112281639611,NULL,0x,0
180,0x3d7251c2d13924ac4916acbfa8239d645f861bc68faa5f40afecbeb7cc4f1016,6336264,1537015252,0xea674fdde714fd979de3edf0f56aa9716b898ec8,0x3b5744c7f340e0d2dcf7a072a4c963b9a43c982b,0.070404487418256034,NULL,0x,0
181,0xf334ce5b6aa5f6be9a789da63e02957b68466ecd4087d0d799ee2e6c03e5b595,6341676,1537093051,0xea674fdde714fd979de3edf0f56aa9716b898ec8,0x3b5744c7f340e0d2dcf7a072a4c963b9a43c982b,0.070245333191615838,NULL,0x,0
182,0xf6fc68ab0a7187ed51d07da6e5472b01c8d4dc154bc4c309bdd27ff487edae96,6346951,1537167803,0xea674fdde714fd979de3edf0f56aa9716b898ec8,0x3b5744c7f340e0d2dcf7a072a4c963b9a43c982b,0.070505825997638774,NULL,0x,0
183,0xa0d539e1b33432e5e9f36c2612b669f1b82bf055fab728956a37dc92e1f53ceb,6348375,1537188533,0x3b5744c7f340e0d2dcf7a072a4c963b9a43c982b,0x2bfb0d8b2602ac04fccf7e0d0e1a45060725e692,0.060000000000000000,NULL,0x,0
184,0xd279603d45447570118f34d99ac510c16321e4b19eb3f699c6f08ad871805d75,6349402,1537202540,0x3b5744c7f340e0d2dcf7a072a4c963b9a43c982b,0x6c4dcc33a4a7736ac6276ef43eb9a945ba6f7321,0.510000000000000000,NULL,0x,0
185,0xde7f1bcc4a354ec56265528c4b6a6e78e27ffe196915dbd5166e8390e5d6fa01,6354703,1537278267,0xea674fdde714fd979de3edf0f56aa9716b898ec8,0x3b5744c7f340e0d2dcf7a072a4c963b9a43c982b,0.070018041511721963,NULL,0x,0
186,0x3208c2941c09ecd5d4518bcde2ef56de72743109032b3207732e1951ef7d6643,6362584,1537390285,0xea674fdde714fd979de3edf0f56aa9716b898ec8,0x3b5744c7f340e0d2dcf7a072a4c963b9a43c982b,0.070173686949401361,NULL,0x,0
187,0xbe1b1e18ffc7ab23c4594b70be3ac9ba9162e082b054742f60aaed63486da0dc,6370757,1537508273,0xea674fdde714fd979de3edf0f56aa9716b898ec8,0x3b5744c7f340e0d2dcf7a072a4c963b9a43c982b,0.070069558289497945,NULL,0x,0
188,0x51b57b81755bcd3d3698572bf8272061bf497421ea2480f1c2b4da15fa055772,6378548,1537619073,0xea674fdde714fd979de3edf0f56aa9716b898ec8,0x3b5744c7f340e0d2dcf7a072a4c963b9a43c982b,0.070088906643214153,NULL,0x,0
189,0xc8829f2a28fbebd24a5bcd7f92906caf307cc5c7ae304daad71f0d14e56e43f8,6385460,1537717281,0x3b5744c7f340e0d2dcf7a072a4c963b9a43c982b,0xbeb16a543af0f3e0e63f4071b610e7ebffe17cba,0.290000000000000000,NULL,0x,0
190,0xf1058e2e707e2e174e26155261d94d339cebf7f4210e21093ed0bad835801021,6388590,1537761482,0xea674fdde714fd979de3edf0f56aa9716b898ec8,0x3b5744c7f340e0d2dcf7a072a4c963b9a43c982b,0.070027483938353521,NULL,0x,0
191,0xb0732924a7277f8d794ddfb85ff9c06add82c406a8e9867c6df13e64bec116bc,6396513,1537873569,0x3b5744c7f340e0d2dcf7a072a4c963b9a43c982b,0xee035a5a452866dab392c640790e5ded2b594a0d,0.072137377818708508,NULL,0x,0
192,0x4e12f5393e14d660bb94ce0c3ee068f6fd1347434a3f38e5910da713e2e48697,6431258,1538366296,0xea674fdde714fd979de3edf0f56aa9716b898ec8,0x3b5744c7f340e0d2dcf7a072a4c963b9a43c982b,0.025189467995640530,NULL,0x,0
193,0x78ccac2707b9a2e215ddfcde19bc2343ec8b7e69b437fbb127fa447df4a5faea,6556489,1540127009,0x3b5744c7f340e0d2dcf7a072a4c963b9a43c982b,0x34e40f678db68d9759de253324e22d604126af93,0.025104967995640530,NULL,0x,0
