,TxHash,BlockHeight,TimeStamp,From,To,Value,ContractAddress,Input,isError
0,0xee7d9dc0d4820d4db50b6e19773908cf4d26c9cda39ece3dc4e6808f59805d4d,6158724,1534436592,0x51836a753e344257b361519e948ffcaf5fb8d521,0x3d7285879cea71d0063e96f2c33b6b177878e1e2,0.050000000000000000,NULL,0x,0
1,0xe6f8923ecbeaa4e5664e924fd0a6e98fbf0d074dc106b7c55902c40a2c5dd663,6163283,1534502751,0x3d7285879cea71d0063e96f2c33b6b177878e1e2,0x50aa37cd6440589e6b895e079bd101f647344a24,0.049517000000000000,NULL,0x,0
2,0xd67fcfacf9c48d5b2fbbd279bed6b72c1464dd428a4ab33bf87b1e8909cebb47,6166347,1534547932,0xfbb1b73c4f0bda4f67dca266ce6ef42f520fbb98,0x3d7285879cea71d0063e96f2c33b6b177878e1e2,0.044000000000000000,NULL,0x,0
3,0x95706f4e115591ced7d32aca4e5964194b22f70b82c63c875df06c38acd35431,6167988,1534572619,0x3d7285879cea71d0063e96f2c33b6b177878e1e2,0x50aa37cd6440589e6b895e079bd101f647344a24,0.043517000000000000,NULL,0x,0
