,TxHash,BlockHeight,TimeStamp,From,To,Value,ContractAddress,Input,isError
0,0x764168e0bc447a5aef3689c8591ce628a78262758cad785ea0e07b30d49f75d2,6080603,1533297318,0xd551234ae421e3bcba99a0da6d736074f22192ff,0x43fa247764bfbe1beba49111e4ed215524f02c41,0.658413710000000000,NULL,0x,0
1,0xc3c84073456783865d8d46de00e01271b0ac671f0ff2bbeddab11c44d27eeb6c,6081374,1533308578,0x3f5ce5fbfe3e9af3971dd833d26ba9b5c936f0be,0x43fa247764bfbe1beba49111e4ed215524f02c41,0.520712600000000000,NULL,0x,0
2,0x8afb5b150c0305a4797e27a88b4d8aa8a4b2ce1a2e4772f84bc542d9a442f6b8,6081651,1533312603,0x564286362092d8e7936f0549571a803b203aaced,0x43fa247764bfbe1beba49111e4ed215524f02c41,0.502951100000000000,NULL,0x,0
3,0x1637c68852eaf4f42ba511ba3e94fc77583b52859abad194c1b5f6f94d21ca59,6081676,1533312943,0x0d0707963952f2fba59dd06f2b425ace40b492fe,0x43fa247764bfbe1beba49111e4ed215524f02c41,0.497000000000000000,NULL,0x,0
4,0xb6c3da0ab7be8557105d4a5735f35b57420d4418696758e8c2a64b54024dc452,6082174,1533320128,0xed8086680125172155eab96fd4e8c4d74c145d5c,0x43fa247764bfbe1beba49111e4ed215524f02c41,0.500000000000000000,NULL,0x,0
5,0xa4893b86a3df1cb008d864f33abcbbe9d02f10d9538c49e0b091441d781d9e21,6092066,1533463278,0xd551234ae421e3bcba99a0da6d736074f22192ff,0x43fa247764bfbe1beba49111e4ed215524f02c41,0.828389700000000000,NULL,0x,0
6,0x6f95cdbf813a364f3b54e90d24a2617fa2d27973d3ed3b95e7cb62c060cad79c,6865584,1544512733,0x43fa247764bfbe1beba49111e4ed215524f02c41,0xcff29dda9b89f27a913c9b6eac8f3109b9fcce22,3.500000000000000000,NULL,0x,0
