,TxHash,BlockHeight,TimeStamp,From,To,Value,ContractAddress,Input,isError
0,0x0b4915bf08ebd7d01afaa128210edfc9baddbec0cfce9b7e0d99ae5942f00335,5010446,1517472558,0x7e443c4d422a411345d2816ce85c964e754f480f,0x43cf35aca5ac49ba8462fa02de96e9d469e9188c,0.200000000000000000,NULL,0x,0
1,0x1719af752b2c2ae46272767541256c6d07106d25bd3a3b445eb35d2b61002bed,5010463,1517472854,0x789cc5eb53dba6265107d2e6900321405e6a6f42,0x43cf35aca5ac49ba8462fa02de96e9d469e9188c,0.362487060000000000,NULL,0x,0
2,0xdfc29cc6d31494dfcf35efc9e1189b5bcb1dace9e6dea73fe03a1c2589ec673d,5010472,1517473034,0xf59a8cc39196d0205612a71a2a30d26f5b47ad69,0x43cf35aca5ac49ba8462fa02de96e9d469e9188c,1.002245000000000000,NULL,0x,0
3,0xd354d9d49b616fb337eb6b91c5086c0945211e683f4ec2c49e02108bb5fa7543,5010472,1517473034,0x789cc5eb53dba6265107d2e6900321405e6a6f42,0x43cf35aca5ac49ba8462fa02de96e9d469e9188c,0.925113060000000000,NULL,0x,0
4,0xb61c53cb9d5f7bc6353a88a2894bd98731d8c4fd0c94ece1853139510f57cd70,5010936,1517479726,0x212a5258053007cc63da83c50539d05ff83248ae,0x43cf35aca5ac49ba8462fa02de96e9d469e9188c,4.660000000000000000,NULL,0x,0
5,0xee850e9f02bba6cd32f06078705849db51cd5e982499855693e594b09bfee6f4,5011015,1517480820,0x19a111640764dc5b323e2463d29dc715ba669278,0x43cf35aca5ac49ba8462fa02de96e9d469e9188c,1.000000000000000000,NULL,0x,0
6,0xa188765794349b1a01031fb3a3605c440fa8c8b02c4b5e483a8156c80172f083,5011091,1517481909,0x7ed1e469fcb3ee19c0366d829e291451be638e59,0x43cf35aca5ac49ba8462fa02de96e9d469e9188c,0.500000000000000000,NULL,0x,0
7,0x91fc17a6858f17f1dc325bf84f07ae75dc957a370627f4413f96efd46a70bcbc,5011153,1517482791,0x012379f4bfa862050a20118d3c338fc139bca055,0x43cf35aca5ac49ba8462fa02de96e9d469e9188c,2.450000000000000000,NULL,0x,0
8,0x39ab06640a6fa38ccb3a94e94b38254d5f4a16bce2ee98eb3d692d893a3721d6,5011436,1517487057,0x948d2de4d0554ad40aaf7b4150894213f6845335,0x43cf35aca5ac49ba8462fa02de96e9d469e9188c,10.500000000000000000,NULL,0x,0
9,0x6bbe044df965f7635c4c3ec8a3cf345aefde6a96d88b2be262bfcae548ceb7d4,5011636,1517490206,0x43cf35aca5ac49ba8462fa02de96e9d469e9188c,0x59027d7292ae7f48fb80f562a946d8115f98608e,20.000000000000000000,NULL,0x,0
10,0xf03bca81cabcac6e1be6ae4eac1e00a03ddee868ced2711a3845cbc1076394b5,5011889,1517494012,0x640fb46898a3ac137f7a49a89be14f60359b5f40,0x43cf35aca5ac49ba8462fa02de96e9d469e9188c,0.200000000000000000,NULL,0x,0
11,0x0927ccde549ca23ab1b9fe16591719f536532cf66ffb0799abe9cdfb02c812d9,5016520,1517564088,0x43cf35aca5ac49ba8462fa02de96e9d469e9188c,0x4f1d518e376a871336d2d6c189fdb3c7685e6e5c,1.798500000000000000,NULL,0x,0
12,0x80b5861c2adf1ad6bd3e7abf4120a56431ed0e44c03fd6fa791d5ad517f19eb2,5026350,1517707334,0x5ef68220981bd5471948bdb07daa64983d61deaf,0x43cf35aca5ac49ba8462fa02de96e9d469e9188c,3.000000000000000000,NULL,0x,0
13,0x04e7ff44060c8abfae22e5d0b376b96c48f682f6231c492550053745243effc2,5026371,1517707701,0x5ef68220981bd5471948bdb07daa64983d61deaf,0x43cf35aca5ac49ba8462fa02de96e9d469e9188c,0E-18,NULL,0x,0
14,0xcdfd0f0854811d48de426359609ff0cf03a658b8a860a604d6b980619a395c85,5035321,1517835961,0x52cbc740f1bcd1246504f5ab8d2ba66f2ff607b9,0x43cf35aca5ac49ba8462fa02de96e9d469e9188c,9.000000000000000000,NULL,0x,0
15,0x6b2868efcadbeca9d7b1ebd41080e706363773a85d51b83e844b9ca7caa9c008,5035331,1517836138,0x3b1e749da4071f5df165cdb1e549566247dd0b07,0x43cf35aca5ac49ba8462fa02de96e9d469e9188c,10.000000000000000000,NULL,0x,0
16,0xb117caccc5e7c5346c3e28b89ff2dafcca6157d12cc54403928452e86f0e78b1,5035345,1517836352,0x248fcb0aca08d44dfcb2056ed97344a7d7329e38,0x43cf35aca5ac49ba8462fa02de96e9d469e9188c,1.000000000000000000,NULL,0x,0
17,0x5f9aafe81404eb921fad4d59c2f1002005f2d6cbb7ce2df31a11ccc084db8210,5035362,1517836568,0x75f3d26925297e3158ad217f981716e5331d1f70,0x43cf35aca5ac49ba8462fa02de96e9d469e9188c,0.825200000000000000,NULL,0x,0
18,0x5591f1c82b374efbdb6034114358a9c5a4927bd6045a87e270deb4063981a2ca,5040970,1517918495,0xc4b9e1c4bc6016a0e3b10d637b8a5c9714520faf,0x43cf35aca5ac49ba8462fa02de96e9d469e9188c,0.200000000000000000,NULL,0x,0
19,0x00646271e4756506ac2c61e066fa22770ccfb2c683a58b1a8b3a4013a0f744c7,5040980,1517918651,0xf98fc33f91645464098624c8935ff7448e8390b7,0x43cf35aca5ac49ba8462fa02de96e9d469e9188c,8.000000000000000000,NULL,0x,0
20,0x2cee70b4a87811c82402edfd960cd31ba2c08738e758aa7fa1b16bf2a936f103,5048169,1518023068,0xc56ce55dfb2ee28e5f69bca53f37f7223684be64,0x43cf35aca5ac49ba8462fa02de96e9d469e9188c,5.000000000000000000,NULL,0x,0
21,0xfd76deff49ce5f9107bd54534bf6d9d1461559b3ef0ac752c09d4fb52c328ca0,5048199,1518023453,0xf468c2536831a2fd1c41b80c75bbfe8d6a08e5bb,0x43cf35aca5ac49ba8462fa02de96e9d469e9188c,1.200000000000000000,NULL,0x,0
22,0xb5d7e06790f4698cebfac66b5275f5143fb3a9127b85572e2a3a70807848e5b2,5048216,1518023692,0x5ad40d0c1c38f21ede85b93aa2187909b28f33d3,0x43cf35aca5ac49ba8462fa02de96e9d469e9188c,1.000000000000000000,NULL,0x,0
23,0xb27bf51a57fd0801dbf9ce3eecde309a030235e9177eab669caf218c06623c26,5048265,1518024365,0x703e677139574c1f8890c1d698d6d8533ade265f,0x43cf35aca5ac49ba8462fa02de96e9d469e9188c,1.500000000000000000,NULL,0x,0
24,0x9eded78c11e24d947ae41a4eb052a7b60d885b808c73ca7ce6eb1e2a5a608621,5062898,1518236792,0x43cf35aca5ac49ba8462fa02de96e9d469e9188c,0x4f1d518e376a871336d2d6c189fdb3c7685e6e5c,20.000000000000000000,NULL,0x,0
25,0xef7ffed00b56ba9e825ecd420044a938996b776fe862d2749c87f9bd16f7609b,5062910,1518237000,0x43cf35aca5ac49ba8462fa02de96e9d469e9188c,0x4f1d518e376a871336d2d6c189fdb3c7685e6e5c,6.000000000000000000,NULL,0x,0
26,0x7a6ad8624054c1055914c6f07b84526d6741ca877679627daf24d5eb5225788b,5062963,1518237785,0x43cf35aca5ac49ba8462fa02de96e9d469e9188c,0xd68481ce44f7686e8cd256d4913f383cea3f1319,14.700000000000000000,NULL,0x,0
27,0x9330dfac329468767462e0481cd73175a207f216e0161b5106325921ed0da45f,5063040,1518238913,0x876eabf441b2ee5b5b0554fd502a8e0600950cfa,0x43cf35aca5ac49ba8462fa02de96e9d469e9188c,14.697300000000000000,NULL,0x00,0
28,0xa1621a00d10efa5b07b27306181600c5f95f6e1c609e891efec640729d40977a,5063052,1518239108,0x43cf35aca5ac49ba8462fa02de96e9d469e9188c,0xd68481ce44f7686e8cd256d4913f383cea3f1319,14.700000000000000000,NULL,0x,0
29,0x820ba1ef7e2a519a90d68e05bab0fbd4acf4641ecb795fff198b29a332410221,5073823,1518394269,0x95bd9f60d9436901e828ba22486677d6f110924a,0x43cf35aca5ac49ba8462fa02de96e9d469e9188c,0.577438370000000000,NULL,0x,0
30,0x426d6f2fd0da9097df014c2c6487c705c6c7e751a09c8a6a1c4537162533aa90,5088542,1518608095,0x43cf35aca5ac49ba8462fa02de96e9d469e9188c,0x504e85506c4124e560b9a6532314f4f1f9d37e6d,0.600000000000000000,NULL,0x,0
31,0x1fc93ffb2ff040825892e20c2815189b42393e6f87d15147ae381cad0c1c38da,5093816,1518685532,0x0d184570adca0ed28792de36040181ccf8803859,0x43cf35aca5ac49ba8462fa02de96e9d469e9188c,0.240000000000000000,NULL,0x,0
32,0xa1a891c057a133f8ea5f4fa03d2c559eae1d63a8c097874795c40eeaaa2748d1,5109517,1518912197,0x575b1788a6f3e6473a2f2c8fe874706f307cad1d,0x43cf35aca5ac49ba8462fa02de96e9d469e9188c,0.500000000000000000,NULL,0x,0
33,0xef13c4389197839930dcdc7ebed69197e235031dfc0e63efc98fedfffaaeb422,5109559,1518912787,0x23a6c122ae3965353c62fe742d56208bf1b5a8d7,0x43cf35aca5ac49ba8462fa02de96e9d469e9188c,0.500000000000000000,NULL,0x,0
34,0xd0c5c5e7af5ac40a2bde96d328663151de07182789b9efe3e89bee4c42ca92d2,5109566,1518912884,0x826b5ef05a02f27bc7766247530ada9d53559c21,0x43cf35aca5ac49ba8462fa02de96e9d469e9188c,0.400000000000000000,NULL,0x,0
35,0xa7567449120880e0810096e1291a89be395830d485f9c26afa23688e5e34cb09,5110504,1518926362,0x43cf35aca5ac49ba8462fa02de96e9d469e9188c,0xc440015b2311b109949309a81624fb4dbadecdd0,0.510000000000000000,NULL,0x,0
36,0x71353a3c07e452c335881111f7c9c251a3ff9bec7374b47a40908c570ed7c809,5115520,1518998882,0x85a816de1b56b8ccf7804a93abaea92014327850,0x43cf35aca5ac49ba8462fa02de96e9d469e9188c,0.460000000000000000,NULL,0x,0
37,0xf83180e3a8e555254421b5065b88b5af3e2dfafc0a15ec06633ffb3ac2af6821,5115814,1519003155,0x4e23362815657c8f3c462ba465d4a056912de466,0x43cf35aca5ac49ba8462fa02de96e9d469e9188c,0.460000000000000000,NULL,0x,0
38,0x238691901e69c7b25f96a6975b29926fb61e09cd37aa6a0e27929a7f6eb5d368,5117700,1519030233,0x79cddf287c7e0ab5d1f02f0f08c3798c72d3879b,0x43cf35aca5ac49ba8462fa02de96e9d469e9188c,0.460000000000000000,NULL,0x9a0907c2,0
39,0xabcb0f56006d35fc5167b22ccdd3a5854c6a3f0367264ff942af5b3ef3c459e3,5120033,1519064794,0xd2386c84b90230e495f97c3e3d15edce24e96dbc,0x43cf35aca5ac49ba8462fa02de96e9d469e9188c,0.460000000000000000,NULL,0x,0
40,0xc0e75b14c546a82ccc3831e7a2fd8487e56595fcece5e549b1abcbfa3272a6a1,5120353,1519069559,0x7ed1e469fcb3ee19c0366d829e291451be638e59,0x43cf35aca5ac49ba8462fa02de96e9d469e9188c,0.460000000000000000,NULL,0x,0
41,0x55b9eddd62f567e1e2911bf864a1a714bc9644f304cc25d560b538b4d608613b,5120864,1519077131,0xc9eb173c4cfa9ef173fb2a63de3c6ed67175b73e,0x43cf35aca5ac49ba8462fa02de96e9d469e9188c,0.460000000000000020,NULL,0x,0
42,0x6212d8b257c3a5cdc8e7407a86579187c2c33c221e8f4a4e926323753ad70a9f,5128269,1519187343,0x43cf35aca5ac49ba8462fa02de96e9d469e9188c,0x097dcf79fbab9109aabc032e340bb7faf1031ae8,1.000000000000000000,NULL,0x,0
43,0x6f570b80b076ebec47e6bfb58ed660a2223b9e6a4c6e585762261c4a4d0047e6,5128840,1519195565,0x43cf35aca5ac49ba8462fa02de96e9d469e9188c,0x2a0c0dbecc7e4d658f48e01e3fa353f44050c208,2.880296490000000020,NULL,0xd0e30db0,0
44,0x23b8b4119cf6e1f8e8b4df368cc4824df59c7078b1a472affc5ad4052c851404,5128887,1519196472,0x795086c65faf92b5e4380d755dd5b3ecf0bd98c2,0x43cf35aca5ac49ba8462fa02de96e9d469e9188c,1.000000000000000000,NULL,0x,0
45,0x4cc24c1e41047b8fb9cc15bd2bd333dfc9451af69578a41e12f51b20ed3df06e,5128888,1519196483,0x3a93ae2238719244691fbbb16a3e36a54be9d402,0x43cf35aca5ac49ba8462fa02de96e9d469e9188c,0.500000000000000000,NULL,0x,0
46,0x2db2a1ea2650d3aaa7289d8ecc30e1bd44254d9688dd177fe2da7b2e4f683b97,5128889,1519196491,0xc7e48d8b6d27886a0ddb9fe732f78eae1d10527f,0x43cf35aca5ac49ba8462fa02de96e9d469e9188c,0.600000000000000000,NULL,0x,0
47,0xb66a3c6d0aedc6f27d313152b558f9e00ae83113f19fcdd75141838ca2696e07,5128889,1519196491,0x5e37866ea5df0aa31fc80d549174a1ba91b8b174,0x43cf35aca5ac49ba8462fa02de96e9d469e9188c,1.000000000000000000,NULL,0x,0
56,0xf7c439bd7a093d08490d5ba2e9bed8dc0cb507a88850c39200d20c5423c4ac5e,5128891,1519196534,0xc8b31fcd762ad64c593f615fc5d45bd9421b011f,0x43cf35aca5ac49ba8462fa02de96e9d469e9188c,1.000000000000000000,NULL,0x,0
55,0xda0e0787904fc04bf542e4754d27f9c752e63fff190c6c7b3b4427fb97e3d4fc,5128891,1519196534,0x3e257ad0b1ba801b7708aef5f23b2cbd7d93f14b,0x43cf35aca5ac49ba8462fa02de96e9d469e9188c,1.000000000000000000,NULL,0x,0
54,0x862c53cf1cbbd632a2fb4ac38e9ffa1094b5161f69b17e0831b89a386fa7518d,5128891,1519196534,0xe6ca3ab90c5a7c1e41c421dbf5c0ba60596022b6,0x43cf35aca5ac49ba8462fa02de96e9d469e9188c,1.000000000000000000,NULL,0x,0
53,0x9af30804a64722b83cb5f2efb6f6fa507ec0435574ab327d191a7b9e804e63be,5128891,1519196534,0x7dcd3d37c2715ba41556414bc50decc1eb573474,0x43cf35aca5ac49ba8462fa02de96e9d469e9188c,1.000000000000000000,NULL,0x,0
52,0xf45cafa2c33e8c52676fab3867682d67065afdf43c873be912c7551eee7455c4,5128891,1519196534,0x2537ed59ede20d3b9490a66023d72269129aefaf,0x43cf35aca5ac49ba8462fa02de96e9d469e9188c,1.000000000000000000,NULL,0x,0
51,0xcfd86f591791cc817eb3330214e95365f7765dbf7afef15ab59c167579f3fabd,5128891,1519196534,0x4cd4031c3dc3701bef048e5988fa8a063061357f,0x43cf35aca5ac49ba8462fa02de96e9d469e9188c,1.000000000000000000,NULL,0x,0
50,0xe69864f1b561bbc3cdc496e6180d2db8d12deb4a086de9ce48ce526cb5829885,5128891,1519196534,0xb174c9bfebc4042564e300f4335b218779bc9b8d,0x43cf35aca5ac49ba8462fa02de96e9d469e9188c,1.000000000000000000,NULL,0x,0
49,0x545bc5e8d8a6b468af21662fa711abd0f139cccbfce84286d8afa2ce613bd4f5,5128891,1519196534,0xdda2dd3bca56ea616111c0f6b8aeb5a7b6845d82,0x43cf35aca5ac49ba8462fa02de96e9d469e9188c,1.000000000000000000,NULL,0x,0
48,0x6b8d2ee2dd717a8adf59e4a24e72e9e8188b30759823c356b7b89b6b03465642,5128891,1519196534,0x9e740acb0744d63057c5f96afa399f1c16e1bb29,0x43cf35aca5ac49ba8462fa02de96e9d469e9188c,1.000000000000000000,NULL,0x,0
57,0x55706faa2f576fc7c6e5b53e5562b1bc0ad9d71ff752ec92b3e9f19d35788b0a,5128892,1519196561,0x036b6561b9e18f03f35a58f4cd22d58178dd6c22,0x43cf35aca5ac49ba8462fa02de96e9d469e9188c,0.800000000000000000,NULL,0x,0
58,0x9ede19d2dcf40ee6640018e4ea09a1c3417b01384ec634aed621d90da0caaa24,5128892,1519196561,0x847215228d8475d9e052002911881360b8ca1912,0x43cf35aca5ac49ba8462fa02de96e9d469e9188c,0.900000000000000000,NULL,0x,0
59,0x8229eb21b01c76f6a721a4fb4773a0e1c372fd7e014eb944b5f3e85b71df558f,5128892,1519196561,0xcddf8cafdac967cfaf298e406dff35e6bb9a5177,0x43cf35aca5ac49ba8462fa02de96e9d469e9188c,1.000000000000000000,NULL,0x,0
60,0xcfb5dba432512543fc33157e08de83e779c984f04e4717a3a12b81df6c49db11,5128892,1519196561,0x3ec4688db6bf8464b0bef30ec2ca7afc7fa7863c,0x43cf35aca5ac49ba8462fa02de96e9d469e9188c,1.000000000000000000,NULL,0x,0
62,0x473e767c9bba4bb5e9bcb2e47b7f3cea0488acfce4ffd2bc504b567fd85fdbe6,5128894,1519196585,0x9239032f5031aa76b0e389f0f8149ff7182ea298,0x43cf35aca5ac49ba8462fa02de96e9d469e9188c,1.000000000000000000,NULL,0x,0
63,0x9021a63d394a209d5a1055e43240c32104a0da65772243a56d5da31a1d70af2b,5128894,1519196585,0x0c63655a3e7657b3f40c54d26844cefe8592d66c,0x43cf35aca5ac49ba8462fa02de96e9d469e9188c,1.000000000000000000,NULL,0x,0
61,0xde8c5e8e1f47090b7c66d6b2debdb23de7c8c9f16d30631e9a724ee826e73dfd,5128894,1519196585,0x0dd02d6b60afc261c620f2e81b6125e82ad35dc2,0x43cf35aca5ac49ba8462fa02de96e9d469e9188c,1.000000000000000000,NULL,0x,0
64,0x33e7ae09ca63adb24724af1006d57ef90a5132fcfd78666b8e838443e78a888c,5128895,1519196611,0x8036c27fab2691804b28b9f47239e64c15e249bf,0x43cf35aca5ac49ba8462fa02de96e9d469e9188c,1.000000000000000000,NULL,0x,0
65,0x0dea4fc0c28b3cb489a32da38c503698ebeaa2e0f68a54598cc5aef842851961,5128895,1519196611,0xfc90f039d23acccbe1ddaab68a3556d92283b8ca,0x43cf35aca5ac49ba8462fa02de96e9d469e9188c,1.000000000000000000,NULL,0x,0
66,0x0b8de31920d54d372546694c2b1bad05953276623fd7eb553cff43e7360e48da,5128896,1519196630,0xe54f2c85436e6c3a762345cf5ddd1c00b49d2971,0x43cf35aca5ac49ba8462fa02de96e9d469e9188c,1.000000000000000000,NULL,0x,0
67,0xc304ad7185bf5520403b142e993879d8d128fb4fa0db4fa081e06ca8b90c2b7a,5128902,1519196666,0xd3a02877891f092aea06540e11df104f0ef54d1f,0x43cf35aca5ac49ba8462fa02de96e9d469e9188c,1.000000000000000000,NULL,0x,0
68,0x18dd9c7b452b98b1816079321f4dc409246dd034a09a930efb765bb77d71d76e,5128902,1519196666,0x119b593810716147e6a3068ee2785d59379630bd,0x43cf35aca5ac49ba8462fa02de96e9d469e9188c,1.000000000000000000,NULL,0x,0
69,0x0f928a6d02a23f0cf653ff390a83da5199ad5f52206d964b1bf5c8f2201cfa65,5128905,1519196715,0x9c0731441c69c992a6151c293970e16189a10ecc,0x43cf35aca5ac49ba8462fa02de96e9d469e9188c,0.201492500000000000,NULL,0x,0
70,0x4c7126a4724fe725c4dd15b7c3fb5cf21f49b7e2da5a8a34f2bb3ab95fc58c42,5128909,1519196753,0x03ea6d26d080e57aee3926b18e8ed73a4e5b2826,0x43cf35aca5ac49ba8462fa02de96e9d469e9188c,1.000000000000000000,NULL,0x,0
71,0xbe24ede71238b45afbbec8a48a6bc1f0ef86cd8b9a10552ad7213cd8e6f33ff7,5128917,1519196849,0x55d4deb9198118354f9edb1a0d0efd754a3b765b,0x43cf35aca5ac49ba8462fa02de96e9d469e9188c,0.050000000000000000,NULL,0x,0
72,0x06520bf1f3634f9bd99fd1f2334d12c5319eef7940fa4acd6335cc7253eb1dfa,5128920,1519196908,0x0e34fb8fb1ec873118824f75edf0f04fa2462f0a,0x43cf35aca5ac49ba8462fa02de96e9d469e9188c,0.500000000000000000,NULL,0x,0
73,0x8e781622e2c2e9773c3ba7ed9176f5d25def66e3e8771404c6b3e8e167a662e8,5128932,1519197132,0xe15f0e79ff6341ab79c0d8437d8336d0def0fd5b,0x43cf35aca5ac49ba8462fa02de96e9d469e9188c,1.000000000000000000,NULL,0x,0
74,0xd2d3f4b42cd35fff7e39571662bcd8930e5bd584c7467a79ac2494d420c3f2f6,5128934,1519197167,0xe9ac2e0265ab2fd8ff31397bbfc6130776dffe3b,0x43cf35aca5ac49ba8462fa02de96e9d469e9188c,1.000000000000000000,NULL,0x,0
75,0xc0b35e4ced9f61391a002e5b7fc833068d806010be53004462fdb4954821c768,5128935,1519197193,0x034671d90a5811b1061204579d2974a758036eca,0x43cf35aca5ac49ba8462fa02de96e9d469e9188c,1.000000000000000000,NULL,0x,0
76,0xd1693677b2e598ac4b2e005b8dbb096a4898ed087ca32fab05c1ba757dbb03f7,5128940,1519197252,0x1c887b693fa5c071d53846fbf3e679a6d976b7b2,0x43cf35aca5ac49ba8462fa02de96e9d469e9188c,1.000000000000000000,NULL,0x,0
77,0x46324aa0076753430900e66024d6d77b32ef674c257fa2fdc60fba8f0180ec4c,5129027,1519198769,0x1e4aab38ad4d5443cf83a455cc0ed81253f5307f,0x43cf35aca5ac49ba8462fa02de96e9d469e9188c,1.000000000000000000,NULL,0x,0
78,0xdd847d438f0ae7ee190a01a5e7d01bae06cb81e9209bca558627a482dfb9ab50,5129430,1519205171,0x43cf35aca5ac49ba8462fa02de96e9d469e9188c,0x8e2e729d28bc23534dc92c675efa8c97eb1f0b81,0.001000000000000000,NULL,0x,0
79,0x9b79f726802e6d6a4588962cf5151aa0a3f7fd5c5404c3bb119b69ba3dbd5f7c,5142919,1519403040,0x43cf35aca5ac49ba8462fa02de96e9d469e9188c,0xed442a7efeeb80bdb2aa8919ef2fefa99d355d59,0.010000000000000000,NULL,0x,0
80,0x37a2f5075cedff3d949d09eead2b60887fe28acb5592a47ee0e3564c99c6676e,5143032,1519404459,0x43cf35aca5ac49ba8462fa02de96e9d469e9188c,0xed442a7efeeb80bdb2aa8919ef2fefa99d355d59,0.100000000000000000,NULL,0x,0
81,0x5a10a37f46ef80d168c87599b026e6a61c9166cb23e3589817ce8df4638282de,5143067,1519404979,0x2b5634c42055806a59e9107ed44d43c426e58258,0x43cf35aca5ac49ba8462fa02de96e9d469e9188c,0.100000000000000000,NULL,0x,0
82,0xfe3c1723d6ae85d25498da4e90e755665a7acffb97c7f01b2c63580eaf793aba,5143079,1519405151,0x43cf35aca5ac49ba8462fa02de96e9d469e9188c,0xed442a7efeeb80bdb2aa8919ef2fefa99d355d59,30.550000000000000000,NULL,0x,0
0,0x979bfc1c7b1bba3a3f0ad4f8f38435065ab9b175f2befe272f73fa6e1c244b26,5338444,1522260299,0x2a0c0dbecc7e4d658f48e01e3fa353f44050c208,0x43cf35aca5ac49ba8462fa02de96e9d469e9188c,2.878096490000000022,NULL,NULL,0
83,0x4bf8254efebaf6178158bc5da99693e29856f0eafdd0c35b572db949eb7cf7c3,5338518,1522261391,0x43cf35aca5ac49ba8462fa02de96e9d469e9188c,0x59027d7292ae7f48fb80f562a946d8115f98608e,2.878000000000000000,NULL,0x,0
