,TxHash,BlockHeight,TimeStamp,From,To,Value,ContractAddress,Input,isError
0,0x8054bbd0fe0cfbaf756826901f50cf8ce98d6913cddf18326808a59ff069c290,5969983,1531675115,0x06f6c19041b77f9fcc4a622bc98f035f50cc6463,0x43d51fafbed280ebc131844c77ffc546f874993d,0.050000000000000000,NULL,0x,0
1,0xf1fe104d573c41d0cde1359f9658f0a3a26a3bc1d3116740133db79a5450e1ff,5974237,1531737033,0xa61f99f8469723eaa32fac82ad5500d9bc16a1ba,0x43d51fafbed280ebc131844c77ffc546f874993d,0.150000000000000000,NULL,0x,0
2,0x0be84b76d09f6cff63acd2d45d0b8c833f929922ac2f15046ff5fb326d994a00,6005923,1532205173,0x43d51fafbed280ebc131844c77ffc546f874993d,0x6078486037c4818ff9b00c107c2a55e822407df2,0.194744050676254066,NULL,0x,0
3,0x2ac5057fc3c5fec391337a0b26f8024ec2b4ac21e62305b5d181f9760d6574b5,6026852,1532512748,0x7ccccc045cd221d7e946cdff82241867c640065d,0x43d51fafbed280ebc131844c77ffc546f874993d,0.210000000000000000,NULL,0x,0
4,0x339bb0118cb30552c508fd23c753a8fbfdcb6e854de782deac19e4683c90187c,6056985,1532950529,0x43d51fafbed280ebc131844c77ffc546f874993d,0x6078486037c4818ff9b00c107c2a55e822407df2,0.091185410334346504,NULL,0x,0
5,0x7acea7b1793f3f04c815e3c9a5e23aa0646ff4c29c28f8e3cf70c72561c8b1c8,6069877,1533139452,0x43d51fafbed280ebc131844c77ffc546f874993d,0x6078486037c4818ff9b00c107c2a55e822407df2,0.118776130748764728,NULL,0x,0
6,0xd3ee69ee2fd011d8a7018cb7e83aee94c893031e6935e41c54085f35d8f43518,6212996,1535229084,0xe78d465f5980d264dc95fbeef9b7a7c62a0480d6,0x43d51fafbed280ebc131844c77ffc546f874993d,0.000500000000000000,NULL,0x,0
7,0x664c13b68f2c9e00d0c773e87d38f064405b5942d004ed6d029c7b7f0a1503b0,6332169,1536957428,0x29d5527caa78f1946a409fa6acaf14a0a4a0274b,0x43d51fafbed280ebc131844c77ffc546f874993d,1.000000000000000000,NULL,0x,0
8,0x4e5372e587061946fa9609c8bd8cfe999cffb76e1f0390a3d15e59257696ce8b,6335318,1537001811,0x43d51fafbed280ebc131844c77ffc546f874993d,0x095ffc744a277469a671500d5734d5f1b83c9481,1.002128250208198389,NULL,0x,0
9,0x4e64f4501a317da143d092f6ad405ccb0fb809c68220c188c6df94edb24960da,6337617,1537034511,0x29d5527caa78f1946a409fa6acaf14a0a4a0274b,0x43d51fafbed280ebc131844c77ffc546f874993d,2.000000000000000000,NULL,0x,0
10,0xfd9e45765be15bb88eec55cf8bfd5fd52ebf42d816d85288d16f58ed49df333b,6341522,1537090871,0x43d51fafbed280ebc131844c77ffc546f874993d,0x095ffc744a277469a671500d5734d5f1b83c9481,1.000000000000000000,NULL,0x,0
11,0x6a334839cdc5605845fb1703d26434694b5d8714aa6a30f520e135df19ddf2d9,6341537,1537091154,0x3b0bc51ab9de1e5b7b6e34e5b960285805c41736,0x43d51fafbed280ebc131844c77ffc546f874993d,0.005084840000000000,NULL,0x,0
0,0xbdaf24d04ddc9fed59bf5592079227c266b6c0ed057feae093c31351ef606959,6357833,1537323232,0xd4f5bf184bebfd53ac276ec6e091d051d0ed459e,0x43d51fafbed280ebc131844c77ffc546f874993d,0.001200000000000000,NULL,NULL,0
1,0xacfb932cf46f801fb1a11bef8d641eb43b4e1f324abc1ce267d828a211bb893c,6357912,1537324111,0xd4f5bf184bebfd53ac276ec6e091d051d0ed459e,0x43d51fafbed280ebc131844c77ffc546f874993d,0.200000000000000000,NULL,NULL,0
2,0x3a2259f5860713b522c0c63a653a9384eeeff53be9921faae1f122951317a5a4,6357926,1537324376,0xd4f5bf184bebfd53ac276ec6e091d051d0ed459e,0x43d51fafbed280ebc131844c77ffc546f874993d,0.040000000000000000,NULL,NULL,0
3,0x706d4ab11fafdde9d37fe486ae7f27330ec6451d5c474dc1fc2f67a362850a5e,6357946,1537324625,0xd4f5bf184bebfd53ac276ec6e091d051d0ed459e,0x43d51fafbed280ebc131844c77ffc546f874993d,0.007500000000000000,NULL,NULL,0
12,0x6555e3dbdb329e7a57bc03980fab014ba857b0e1a409a9834b60b3949e17d3bf,6358730,1537335580,0x43d51fafbed280ebc131844c77ffc546f874993d,0x095ffc744a277469a671500d5734d5f1b83c9481,0.245259881143288369,NULL,0x,0
13,0x49c76d3fd322800de22647401d9488b8c47d3031e7f61beb9fc64e576ed7ddbf,6358798,1537336576,0x43d51fafbed280ebc131844c77ffc546f874993d,0x095ffc744a277469a671500d5734d5f1b83c9481,0.339606622329135418,NULL,0x,0
14,0x69cdf2e6eae704f896452430ea27b528e3a4742e9d4ed1917263b4cc51d5e25a,6358981,1537339106,0x43d51fafbed280ebc131844c77ffc546f874993d,0x095ffc744a277469a671500d5734d5f1b83c9481,0.666288093886049593,NULL,0x,0
15,0xc860924edbdb451a2af14a353862984833ea49cacf272816726712a7ca65f8b6,6396931,1537879539,0x851c44aea97026066ef90963ba7869fd8691ffa4,0x43d51fafbed280ebc131844c77ffc546f874993d,1.000000000000000000,NULL,0x,0
16,0x1bb567dc35af0b2b6cbdffb2c1fd2981cbb66d4f303e87d747e0b459a82e06b1,6397312,1537885307,0x6188b8ad1c369a14b82deddf056888fdc66d97bc,0x43d51fafbed280ebc131844c77ffc546f874993d,2.000000000000000000,NULL,0x,0
17,0x5f1cc4e238e43c22d0ed269b7660ce32d3fe89cc902b67e707978d512d57c659,6397745,1537891077,0x6188b8ad1c369a14b82deddf056888fdc66d97bc,0x43d51fafbed280ebc131844c77ffc546f874993d,1.000000000000000000,NULL,0x,0
18,0x7a8988d63f9b38888c3aa7df1e96e3210fa13ef538e92f64965ae184115960f8,6397812,1537891951,0x6188b8ad1c369a14b82deddf056888fdc66d97bc,0x43d51fafbed280ebc131844c77ffc546f874993d,0.190000000000000000,NULL,0x,0
19,0x4d083e96924e06c27cfc33ec3428fbe8be9da53b2a7753ffb6bec580851ebf96,6398873,1537906987,0x43d51fafbed280ebc131844c77ffc546f874993d,0x3397f1a3be3ac6b02e8b0aef8b89d21f7fdaf35b,0.208357641922199296,NULL,0x,0
20,0xf8ad61a4dd630ea37b6158c000e8e9c0ae6036b5e98bbff842bac95a3ceaedd9,6399363,1537914093,0x43d51fafbed280ebc131844c77ffc546f874993d,0x095ffc744a277469a671500d5734d5f1b83c9481,0.873266958220898855,NULL,0x,0
21,0xc311911574a3bd8e26bf7205ed768f19bee6eeec8e9a44ed4f1e587cdf32cb3d,6407906,1538035190,0x43d51fafbed280ebc131844c77ffc546f874993d,0x095ffc744a277469a671500d5734d5f1b83c9481,0.112390000000000000,NULL,0x,0
22,0x1dfc19b98698f9de93cda9cfc805a7170e956609be990038a40f755cb08dfb67,6414305,1538126118,0x43d51fafbed280ebc131844c77ffc546f874993d,0x095ffc744a277469a671500d5734d5f1b83c9481,1.000000000000000000,NULL,0x,0
23,0xc6b47f76f93a56187699713257ee898c9255e6f1313c8229455927ab0ef14bc3,6416279,1538153952,0x43d51fafbed280ebc131844c77ffc546f874993d,0x095ffc744a277469a671500d5734d5f1b83c9481,0.800000000000000000,NULL,0x,0
24,0xb83274c4b9edb2cd442644d02c16cbaa3729abf637358135d8279e103823f6b1,6420120,1538208711,0x43d51fafbed280ebc131844c77ffc546f874993d,0x095ffc744a277469a671500d5734d5f1b83c9481,0.400000000000000000,NULL,0x,0
25,0x5a504dab135feeac51b5534caff5be395616dd4a2bc729cdef09dd8d96969882,6433712,1538401323,0x43d51fafbed280ebc131844c77ffc546f874993d,0x095ffc744a277469a671500d5734d5f1b83c9481,0.400000000000000000,NULL,0x,0
26,0x87667dda3ed7e523cb2fee5b4ab322f87ef7da3e340bf9403a4912900cc327f4,6445041,1538560693,0x43d51fafbed280ebc131844c77ffc546f874993d,0x095ffc744a277469a671500d5734d5f1b83c9481,0.080000000000000000,NULL,0x,0
27,0x4f3de834b27ca594c4706c42a1f6c149869d62a3c3161238d81b12f5f493b75f,6451354,1538649739,0x43d51fafbed280ebc131844c77ffc546f874993d,0x095ffc744a277469a671500d5734d5f1b83c9481,0.312600000000000000,NULL,0x,0
28,0x7cbf9a436d0a0c91ce01b2db5652b83a559c116118f743a9bd8aa7d54d277f16,6459286,1538761338,0xdf8d40db421af21c1d72f3458ab629ee70a7a5a6,0x43d51fafbed280ebc131844c77ffc546f874993d,0.100000000000000000,NULL,0x,0
29,0xfac4a3dc135ed1c0898f07ad5de9d61ba9db31ebb45883aacdc7bfa63dbcf3ee,6468940,1538896358,0x43d51fafbed280ebc131844c77ffc546f874993d,0x095ffc744a277469a671500d5734d5f1b83c9481,0.099517800530864782,NULL,0x,0
30,0x2a8362bd890a2a03751c2009d849d4e46edecef3d2d3c10571ec5a6a569542a9,6532290,1539785059,0xfe677ae14147570f8091789065dd946bcca4f9e4,0x43d51fafbed280ebc131844c77ffc546f874993d,1.228339160000000000,NULL,0x,0
31,0x49289a9ce2196c70506c02f32a631bb2c9e42200de4a16f6b8600244c7c85b8e,6532348,1539785935,0x43d51fafbed280ebc131844c77ffc546f874993d,0x095ffc744a277469a671500d5734d5f1b83c9481,0.743619266935329111,NULL,0x,0
32,0x4f278cab097a322f406378b9da2ff75ec6f9ea7c74965e4edbe2eb368a0def0c,6533256,1539798705,0x43d51fafbed280ebc131844c77ffc546f874993d,0x095ffc744a277469a671500d5734d5f1b83c9481,0.300000000000000000,NULL,0x,0
33,0x0fb77cd52ff8840633d039a7f8ef37d3cce2fde68b27fabe1d257046182b3ebd,6535431,1539828997,0x25bf97faba7a6fb5a211407ae129d282fedb2ac1,0x43d51fafbed280ebc131844c77ffc546f874993d,1.000000000000000000,NULL,0x,0
34,0x9d074c4aba1098032d53da6d88112849d4f26b7c16a6d9213d2dead841ccfb85,6535515,1539830133,0x25bf97faba7a6fb5a211407ae129d282fedb2ac1,0x43d51fafbed280ebc131844c77ffc546f874993d,0.100000000000000000,NULL,0x,0
35,0x8a62df239fd57af49f7729078f6ac5f5b03c22e328001f840a196c4bc4bbcff9,6539002,1539879307,0x43d51fafbed280ebc131844c77ffc546f874993d,0x095ffc744a277469a671500d5734d5f1b83c9481,0.450000000000000000,NULL,0x,0
36,0x93deaab98b9f0f42df767344175fc0250230964eeda1b466a88629b2c101ede2,6546558,1539986403,0x43d51fafbed280ebc131844c77ffc546f874993d,0x095ffc744a277469a671500d5734d5f1b83c9481,0.394049847305684169,NULL,0x,0
37,0xb5eef6f42833e9de222fb1c8fa9efc5fb2c5c508a325b4eaf67f11aae2fa5c06,6554154,1540093486,0x43d51fafbed280ebc131844c77ffc546f874993d,0x095ffc744a277469a671500d5734d5f1b83c9481,0.438255045758980000,NULL,0x,0
38,0xea26678c4d504ba2e2812ac5a07c951d63b145ecbef299ba8725a55abf1c8c54,6564511,1540240404,0x4e667ed19fbf4cd37696d90f5de3f4aeada9599b,0x43d51fafbed280ebc131844c77ffc546f874993d,0.190000000000000000,NULL,0x,0
39,0x9b9f0c635fb7900a470227a553a3043afc444e0500b96b99107c2dec18fb3082,6567413,1540280532,0x43d51fafbed280ebc131844c77ffc546f874993d,0x095ffc744a277469a671500d5734d5f1b83c9481,0.189474718687042405,NULL,0x,0
40,0x8742b3758304da54c54b0195fed9249077ecee82257fb5b9986c67a87d58c3dd,6732136,1542610969,0xbf8bbf75bd9b13f1afe6e259c197df5091d530c4,0x43d51fafbed280ebc131844c77ffc546f874993d,0.050000000000000000,NULL,0x,0
41,0x2debd7a147be48947b31784538ff2eeb341b706951f2f79c1becdb459a1e6041,6732530,1542617029,0x43d51fafbed280ebc131844c77ffc546f874993d,0x095ffc744a277469a671500d5734d5f1b83c9481,0.049559281310000000,NULL,0x,0
42,0x5df993cddbf300724d3c1f56f186367be702c9d1ab701a16a4183392e31fd9f5,6732587,1542617670,0xc09f6e114f732615544e17b9f350d8259288cd01,0x43d51fafbed280ebc131844c77ffc546f874993d,0.050000000000000000,NULL,0x,0
43,0x574957e418097dec097859b529c569f62fa467cc3e83f7436da2cdbef7de5392,6732639,1542618282,0xbf8bbf75bd9b13f1afe6e259c197df5091d530c4,0x43d51fafbed280ebc131844c77ffc546f874993d,0.025000000000000000,NULL,0x,0
44,0x144edaf2ba26543f3027bb5af9217792445ce38fb120e5b7a3cc4f1d970ac0e4,6732654,1542618518,0x4688512d72a9caa6963a11cb2274ceecdad94334,0x43d51fafbed280ebc131844c77ffc546f874993d,0.025000000000000000,NULL,0x,0
45,0xa949acad899c268a3e32c27bcb8edf4044dbba370aa86906f5e8b6be307564f6,6732675,1542618874,0x43d51fafbed280ebc131844c77ffc546f874993d,0x095ffc744a277469a671500d5734d5f1b83c9481,0.099517000002964300,NULL,0x,0
46,0x093eac7e7a6a15a924b1f5ae700904d84311a309cc9311e1cff41f1ab0d7a5d5,6733118,1542625418,0xd551234ae421e3bcba99a0da6d736074f22192ff,0x43d51fafbed280ebc131844c77ffc546f874993d,0.090000000000000000,NULL,0x,0
47,0x89a43a8ceb974aed7b187ba2d5aa07fe15db443eb77656ba289e72e3d152be63,6733129,1542625629,0xd551234ae421e3bcba99a0da6d736074f22192ff,0x43d51fafbed280ebc131844c77ffc546f874993d,0.010000000000000000,NULL,0x,0
48,0x88523ea6ff20fb7b704b46ce6e08bd1109db9c305d200aebc2d60467c20eaf9e,6733288,1542627694,0xd551234ae421e3bcba99a0da6d736074f22192ff,0x43d51fafbed280ebc131844c77ffc546f874993d,0.050000000000000000,NULL,0x,0
49,0x420baee9d53115046b79462a0c731a4a8e2b5ce51cb210b0f986459cc31bc467,6733337,1542628472,0x0681d8db095565fe8a346fa0277bffde9c0edbbf,0x43d51fafbed280ebc131844c77ffc546f874993d,0.100000000000000000,NULL,0x,0
50,0xbc7e7ac0b3242cdefc5ff95fca42209fa0743e2e994d07a9c7ca28e78742c260,6733383,1542629006,0x3f5ce5fbfe3e9af3971dd833d26ba9b5c936f0be,0x43d51fafbed280ebc131844c77ffc546f874993d,0.050000000000000000,NULL,0x,0
51,0x00c1a42c07254fc4b18ac2f56d0713b20fd7ad55430086e0fb5613cd6e9417d8,6733539,1542631068,0x3f9fd962dc536c6b324d41425ab915c54cf6633f,0x43d51fafbed280ebc131844c77ffc546f874993d,0.250000000000000000,NULL,0x,0
52,0xb319c8a04447818e7463f1bfa52efde88c2d56aa3dfaaaa59bfbb953d2d525f1,6733664,1542632943,0x3f9fd962dc536c6b324d41425ab915c54cf6633f,0x43d51fafbed280ebc131844c77ffc546f874993d,0.020000000000000000,NULL,0x,0
53,0x5150910541e1ec6cff6f8181996191c9422e3872ce135c77a4e8d559b5c1c921,6733688,1542633283,0xd551234ae421e3bcba99a0da6d736074f22192ff,0x43d51fafbed280ebc131844c77ffc546f874993d,0.047700000000000000,NULL,0x,0
54,0x025d9aa752b3e561bd8f65e8a51c171b327cec7bcd267cdf6704709aa8a89722,6734976,1542651959,0x3f9fd962dc536c6b324d41425ab915c54cf6633f,0x43d51fafbed280ebc131844c77ffc546f874993d,0.600000000000000000,NULL,0x,0
55,0xec4844e4be879eeefe448345c0a0117e6d15e78a62132eb05ac360ec2bc1aed2,6735041,1542652625,0x3f9fd962dc536c6b324d41425ab915c54cf6633f,0x43d51fafbed280ebc131844c77ffc546f874993d,0.020000000000000000,NULL,0x,0
56,0xc702469e6455dc30db7692b3eda7275e17c1713a01e224644ec39532a44dde3e,6739221,1542712579,0x3f9fd962dc536c6b324d41425ab915c54cf6633f,0x43d51fafbed280ebc131844c77ffc546f874993d,0.700000000000000000,NULL,0x,0
57,0xd698819a50d514e567ef0c3019ef0ccf00dcb1b643d95bd8cbc405991574b1bf,6739805,1542721023,0x3f9fd962dc536c6b324d41425ab915c54cf6633f,0x43d51fafbed280ebc131844c77ffc546f874993d,0.550000000000000000,NULL,0x,0
58,0xc49ae5e062863d4e39e2a1be591601d39ddc3042eca50106c8f94b09d37f1fbc,6739854,1542721655,0x3f9fd962dc536c6b324d41425ab915c54cf6633f,0x43d51fafbed280ebc131844c77ffc546f874993d,0.045000000000000000,NULL,0x,0
59,0x3f631f2222cceac47fd9dcf2ef9af7a0eb0e09453c177934f7b24c20ff93fac2,6740212,1542726713,0x43d51fafbed280ebc131844c77ffc546f874993d,0x095ffc744a277469a671500d5734d5f1b83c9481,2.532217000000000000,NULL,0x,0
60,0xb0ab12460ab75109595e6beb81ffd7574200a489655859e1f5f8cd4d98ef44f9,6746188,1542812019,0x12190e2b9053d7018f70d369271c83c3be9f098f,0x43d51fafbed280ebc131844c77ffc546f874993d,0.720000000000000000,NULL,0x,0
61,0xa52129263d3c7860104203b6f0f6df1dbe0d36d23e6947fad0fe53c773c2ba2d,6746393,1542815106,0x12190e2b9053d7018f70d369271c83c3be9f098f,0x43d51fafbed280ebc131844c77ffc546f874993d,1.298000000000000000,NULL,0x,0
62,0xdf0572f686d4dfe0f8cc204429e9d34d79b6641399edf8a79dc35c67dc352550,6746591,1542817834,0x12190e2b9053d7018f70d369271c83c3be9f098f,0x43d51fafbed280ebc131844c77ffc546f874993d,0.100000000000000000,NULL,0x,0
63,0xe8232d15158909168ba0b3f36483a6099c89ecb098af8a9c1a40dec7dd8d820c,6747494,1542830600,0xe4c89b9fcab29c5bee3971b698cca4528f2644e2,0x43d51fafbed280ebc131844c77ffc546f874993d,0.900000000000000000,NULL,0x,0
64,0x97ce613f80851b7663422c752d17778f73c8c66f3bf0518d3c597552d4971928,6751965,1542894315,0xe4c89b9fcab29c5bee3971b698cca4528f2644e2,0x43d51fafbed280ebc131844c77ffc546f874993d,1.050000000000000000,NULL,0x,0
65,0x37c4b037b5d1b48cb7fbc309908ddaf5d8afa6dd4d9ac5847110bd190d38f545,6774979,1543218126,0xd551234ae421e3bcba99a0da6d736074f22192ff,0x43d51fafbed280ebc131844c77ffc546f874993d,1.779563280000000000,NULL,0x,0
66,0x9eda0ac9b34ea5ac3e83ddae08a136c079f928c5adaffbe5ade427ad8256fc79,6775086,1543219701,0x59a5208b32e627891c389ebafc644145224006e8,0x43d51fafbed280ebc131844c77ffc546f874993d,0.260420000000000000,NULL,0x,0
67,0xa8c4af97c3f90ef8b57466157996b78be812a843f6c39369086f0a63d83523e3,6777525,1543255041,0x43d51fafbed280ebc131844c77ffc546f874993d,0x095ffc744a277469a671500d5734d5f1b83c9481,0.300000000000000000,NULL,0x,0
68,0xa4e07cab31c78a8b29357189d3c79f2cbbfc283ae0b6318c6132682b4e06366b,6784027,1543348907,0x43d51fafbed280ebc131844c77ffc546f874993d,0x095ffc744a277469a671500d5734d5f1b83c9481,0.200000000000000000,NULL,0x,0
69,0x478ce01de1ea8297c828d91635299235745d4381acdb117f73b3ac5772182144,6785647,1543371875,0x43d51fafbed280ebc131844c77ffc546f874993d,0x095ffc744a277469a671500d5734d5f1b83c9481,5.606533428000000000,NULL,0x,0
70,0x33e1f46fbdaa5a497d9ed80b9f75870005d78cb8546d7baf0649f998745bc7b0,6790142,1543436178,0xe4c89b9fcab29c5bee3971b698cca4528f2644e2,0x43d51fafbed280ebc131844c77ffc546f874993d,0.576293130000000000,NULL,0x,0
71,0x5c1599f3b472e6e1b7c230cf49d1c3079c25e535224df24c31726826a3d55b11,6790264,1543438089,0xe4c89b9fcab29c5bee3971b698cca4528f2644e2,0x43d51fafbed280ebc131844c77ffc546f874993d,0.360000000000000000,NULL,0x,0
72,0xeb38bdd703175319eb12cbcdf24bb19c0cd93a93d0671379653f9f5cebead194,6790378,1543439769,0xe4c89b9fcab29c5bee3971b698cca4528f2644e2,0x43d51fafbed280ebc131844c77ffc546f874993d,0.205000000000000000,NULL,0x,0
73,0x6f1fdca300ed9174481e59678908dcd96a080b3b3add752742781835d5a9e94c,6790385,1543439835,0xe4c89b9fcab29c5bee3971b698cca4528f2644e2,0x43d51fafbed280ebc131844c77ffc546f874993d,0.100325920000000000,NULL,0x,0
74,0x4eba862dacb1e3ac5aa703194bec2e3931d244a36a9d5ad6ef7870a47523da01,6790593,1543442508,0xe4c89b9fcab29c5bee3971b698cca4528f2644e2,0x43d51fafbed280ebc131844c77ffc546f874993d,0.205000000000000000,NULL,0x,0
75,0xd34fcf1ab88f79fb6d6e3052e40865f180de99c1e53d74e32008e2f63a1692e6,6790598,1543442621,0x43d51fafbed280ebc131844c77ffc546f874993d,0x095ffc744a277469a671500d5734d5f1b83c9481,1.446092085859413403,NULL,0x,0
76,0xeedbe8efcb251ab0c4c3524aa47f613892858a03b1a1e3e6f7d9d2e2670a56f5,6792938,1543475222,0x453db00dc35accb89b523990af85f0e9aa619d85,0x43d51fafbed280ebc131844c77ffc546f874993d,0.310000000000000000,NULL,0x,0
77,0x00398a377a324aeee38b8b27ef3edf6a580b0c731be6eb633fc35ee884113917,6794247,1543493475,0x453db00dc35accb89b523990af85f0e9aa619d85,0x43d51fafbed280ebc131844c77ffc546f874993d,0.057000000000000000,NULL,0x,0
78,0x5583329575676a2966b8c05009b27d05b87784ed5cf2774e4aef4e06daf22d85,6794634,1543499537,0x453db00dc35accb89b523990af85f0e9aa619d85,0x43d51fafbed280ebc131844c77ffc546f874993d,0.054241410000000000,NULL,0x,0
79,0x96934e26531b6321a5725d690c9a1974aa9fc3f1a23692007796917bad61dd2d,6794843,1543502261,0x43d51fafbed280ebc131844c77ffc546f874993d,0x095ffc744a277469a671500d5734d5f1b83c9481,0.210000000000000000,NULL,0x,0
80,0xc618acc36b7cd2977a129cff0e2ebc8be1f26ebd7ec321684120eae4a85898eb,6795533,1543512584,0x453db00dc35accb89b523990af85f0e9aa619d85,0x43d51fafbed280ebc131844c77ffc546f874993d,0.629488640000000000,NULL,0x,0
81,0x1c18b19ab4aacbbdcce19f4dc4b0cea28162e8dc99608a417cbecc9666bd9ee3,6795620,1543513769,0x43d51fafbed280ebc131844c77ffc546f874993d,0x095ffc744a277469a671500d5734d5f1b83c9481,0.839808866140586600,NULL,0x,0
82,0x96ef7af93948171dd3b17a634c4b6737bfc3f6b3997d3c1a32ce83f66dc292c3,6795840,1543517081,0x3f9fd962dc536c6b324d41425ab915c54cf6633f,0x43d51fafbed280ebc131844c77ffc546f874993d,0.585549770000000000,NULL,0x,0
83,0x6ffbea869f873ba5777e9631f810df83220d4d1a57dd2cbd8387602d36fb345d,6795988,1543518976,0xe4c89b9fcab29c5bee3971b698cca4528f2644e2,0x43d51fafbed280ebc131844c77ffc546f874993d,0.733888150000000000,NULL,0x,0
84,0xc296e36447b1d1c2218a8f860563e9c13937e374ecdbbddc0a34c86325cc9936,6796043,1543519689,0xe4c89b9fcab29c5bee3971b698cca4528f2644e2,0x43d51fafbed280ebc131844c77ffc546f874993d,0.414662500000000000,NULL,0x,0
85,0x993f15cb9bf5f4cf76b8dcfb9af9f863f15ccbb346f29ca8719150adcafaf782,6796046,1543519745,0x0681d8db095565fe8a346fa0277bffde9c0edbbf,0x43d51fafbed280ebc131844c77ffc546f874993d,1.089599300000000000,NULL,0x,0
86,0x220b9246d00da0f2308114819cddee01b4a124709051d487401f53674d78a247,6796070,1543520107,0xfbb1b73c4f0bda4f67dca266ce6ef42f520fbb98,0x43d51fafbed280ebc131844c77ffc546f874993d,0.603103090000000000,NULL,0x,0
87,0x4a6757fe1f786896f65289a5870269ff5cd8fd125d0c76f344c0119e8ecf8755,6796203,1543522034,0xe4c89b9fcab29c5bee3971b698cca4528f2644e2,0x43d51fafbed280ebc131844c77ffc546f874993d,0.596446620000000000,NULL,0x,0
88,0x2369de72878c6e3187e79fd214d5f9dbc415c54f1fef6df8fcd41a774aa39088,6796680,1543528549,0xe4c89b9fcab29c5bee3971b698cca4528f2644e2,0x43d51fafbed280ebc131844c77ffc546f874993d,0.526667500000000000,NULL,0x,0
89,0xf269ddd6740187ea9c6323326f417ed97700c74a4063683355138a98c8b84047,6796747,1543529536,0x43d51fafbed280ebc131844c77ffc546f874993d,0x095ffc744a277469a671500d5734d5f1b83c9481,4.549433930000000000,NULL,0x,0
90,0x601c696170c128462519cc6e186660b63cd654a7400ea1d91fef90556016d648,6799060,1543563103,0x91aa1267fff5a60918db971e4e795c1803ec6b77,0x43d51fafbed280ebc131844c77ffc546f874993d,0.639362900000000000,NULL,0x,0
91,0xcae6926ff0cc08b3ec0e6673c666ec8ac4039f0f1469aa890a10ebf1c0f11cf3,6801374,1543595659,0x43d51fafbed280ebc131844c77ffc546f874993d,0x3397f1a3be3ac6b02e8b0aef8b89d21f7fdaf35b,0.420000000000000000,NULL,0x,0
92,0x96194be1e45c227be97fd8747fab663a7605ef8f32510f0ad3becb8c16b97e90,6801527,1543597880,0xd127d691ca5be7dca40a8f8cb9732c6eedbb6969,0x43d51fafbed280ebc131844c77ffc546f874993d,1.684517910000000000,NULL,0x,0
93,0x5bf2bbaf9897b0573c49224ea08227e61adb3ad4a323566a16f0a3b2cbf00f85,6802039,1543604421,0x43d51fafbed280ebc131844c77ffc546f874993d,0x095ffc744a277469a671500d5734d5f1b83c9481,0.250000000000000000,NULL,0x,0
94,0x1c4922e3ee420a9c77d2ab9fb011b31076e011114b991f745af967029fc3b69a,6803171,1543621201,0x43d51fafbed280ebc131844c77ffc546f874993d,0x095ffc744a277469a671500d5734d5f1b83c9481,1.652431810000000000,NULL,0x,0
95,0x1872bb197aa506b0ff035f9a3df010cf85b2657574b5a923a14f9f74ab4ebced,6806082,1543662441,0xf3cc3a79dcb9d74b3a6b910d74cd0a2d77afbdee,0x43d51fafbed280ebc131844c77ffc546f874993d,1.509139000000000000,NULL,0x,0
96,0x093763f5eb5f8ed22c72022fc2f0f3e472f9fb8fb01829155e66905f5ce5a9f2,6806766,1543672411,0xf3cc3a79dcb9d74b3a6b910d74cd0a2d77afbdee,0x43d51fafbed280ebc131844c77ffc546f874993d,1.999139000000000000,NULL,0x,0
97,0x10ca9535e8d0ce7b6d8b72ba927618bb3252a6be8b6fbdd744853e4b0d74cec0,6806948,1543674829,0x43d51fafbed280ebc131844c77ffc546f874993d,0x095ffc744a277469a671500d5734d5f1b83c9481,3.507795000000000000,NULL,0x,0
98,0xb5612111dbe02f4bf6d05dbe0aeddaa346ef14c7c3852c6c99b301ad59d5077b,6853971,1544348000,0x0681d8db095565fe8a346fa0277bffde9c0edbbf,0x43d51fafbed280ebc131844c77ffc546f874993d,1.534024430000000000,NULL,0x,0
99,0x9d8a49c5525c5696a2e83fce6a42f7f4b89926153828c1e83db72dc9dd10bcbd,6854157,1544350969,0x43d51fafbed280ebc131844c77ffc546f874993d,0x095ffc744a277469a671500d5734d5f1b83c9481,1.533541430000000000,NULL,0x,0
100,0x44d70c7b02c869d67e717f0391a48b5deaac9c39b1b4d81a7b5e278365f0c59d,6855379,1544368372,0x3f5ce5fbfe3e9af3971dd833d26ba9b5c936f0be,0x43d51fafbed280ebc131844c77ffc546f874993d,0.714704570000000000,NULL,0x,0
101,0x9990a0b0110f7450e4fb1f2a87bd6d000a6be2c80ae7f6045a1dc426c81d872d,6855398,1544368694,0x43d51fafbed280ebc131844c77ffc546f874993d,0x095ffc744a277469a671500d5734d5f1b83c9481,0.714221570000000000,NULL,0x,0
102,0xc9fab5115b9a77631be40237431e5aaa4600995071096120fa870b066f5c32bc,6862762,1544472442,0x0d397b54102f0817a7ca4f11bd6f7742709091ca,0x43d51fafbed280ebc131844c77ffc546f874993d,0.050000000000000000,NULL,0x,0
103,0xfe2ed8c945dd8b08c8b5b09f8dd3bf5f0fe57a8ad2b9c3a1d1ef300788224bb9,6867284,1544537228,0x43d51fafbed280ebc131844c77ffc546f874993d,0x095ffc744a277469a671500d5734d5f1b83c9481,0.049517000000000000,NULL,0x,0
104,0x140e73aacf2b2a0a736d7f26ae4a07ee6f2a4ae881b3cd8273fa9bfe61307586,6872118,1544606403,0x0d397b54102f0817a7ca4f11bd6f7742709091ca,0x43d51fafbed280ebc131844c77ffc546f874993d,0.100000000000000000,NULL,0x,0
105,0xde681d66ba88b4c8e4f9ec56d46c4164cf23d1f08a6a04bc00703f18eb64ee95,6872131,1544606714,0x0d397b54102f0817a7ca4f11bd6f7742709091ca,0x43d51fafbed280ebc131844c77ffc546f874993d,0.050000000000000000,NULL,0x,0
106,0x08151b3a863531dedc58266ee28087779aeeeb3c9b8d0781e24cbc4b5b8e0399,6872159,1544607261,0x0d397b54102f0817a7ca4f11bd6f7742709091ca,0x43d51fafbed280ebc131844c77ffc546f874993d,0.100000000000000000,NULL,0x,0
107,0xeed7ec04f9656b10f0916942404de948bc605975277212bd31d44ff12dfff2ce,6872164,1544607334,0x0d397b54102f0817a7ca4f11bd6f7742709091ca,0x43d51fafbed280ebc131844c77ffc546f874993d,0.100000000000000000,NULL,0x,0
108,0x66e000a239fa5395842f4450a17ee2baac04c1d2e079818527d4254b01a0b192,6872253,1544608610,0x2a6842a6966bdd2fb9c1b8d11d2ac2e9b2b6dab2,0x43d51fafbed280ebc131844c77ffc546f874993d,0.150000000000000000,NULL,0x,0
109,0x1175d9e70c0730c9929a7f90b842b947a871e19d73f343710ff886f993b703b6,6872317,1544609486,0x2a6842a6966bdd2fb9c1b8d11d2ac2e9b2b6dab2,0x43d51fafbed280ebc131844c77ffc546f874993d,0.049748000000000000,NULL,0x,0
110,0x34c233be4c2cb719a683fdf729f954c6b91dcee55ff7beca378d78179560bb92,6872408,1544610759,0x2a6842a6966bdd2fb9c1b8d11d2ac2e9b2b6dab2,0x43d51fafbed280ebc131844c77ffc546f874993d,0.150000000000000000,NULL,0x,0
111,0x8f39fd15f369c759a6e23ea940203a0aad04b211754ab0b00a4d9a448b2d742e,6872460,1544611483,0x2a6842a6966bdd2fb9c1b8d11d2ac2e9b2b6dab2,0x43d51fafbed280ebc131844c77ffc546f874993d,0.050000000000000000,NULL,0x,0
112,0xd0c4b287d2874bc2652b9fdb387e8800109e0a21d5d487b604ba7c8923b4545a,6872492,1544611883,0x43d51fafbed280ebc131844c77ffc546f874993d,0x095ffc744a277469a671500d5734d5f1b83c9481,0.749265000000000000,NULL,0x,0
113,0xaee5d86b26e2ae9aa3dd402c6145d6ce2ac60da5478ce834af74822df734bd74,6903394,1545053251,0x46340b20830761efd32832a74d7169b29feb9758,0x43d51fafbed280ebc131844c77ffc546f874993d,0.100000000000000000,NULL,0x,0
114,0xc64952a84c0541f66663c08e88a5c96efb195bb56e8194b00e115b046f422a08,6904169,1545064470,0x564286362092d8e7936f0549571a803b203aaced,0x43d51fafbed280ebc131844c77ffc546f874993d,0.619000000000000000,NULL,0x,0
115,0x3fec140accf773b39d0434b74277cf9bd542305124c401028f3cbdb137707c21,6904228,1545065270,0x43d51fafbed280ebc131844c77ffc546f874993d,0x3397f1a3be3ac6b02e8b0aef8b89d21f7fdaf35b,0.100000000000000000,NULL,0x,0
116,0x9f4dbde0473892271d6cfee07312ff9618919ccb61ce7952f836138e2319c692,6906226,1545094802,0x46340b20830761efd32832a74d7169b29feb9758,0x43d51fafbed280ebc131844c77ffc546f874993d,0.200000000000000000,NULL,0x,0
117,0x0f6518f6bde079979ec5acef28397cb84bc4f6da2abe017ea548f9e61dbbb9d1,6906777,1545103103,0x43d51fafbed280ebc131844c77ffc546f874993d,0x095ffc744a277469a671500d5734d5f1b83c9481,0.818034000000000000,NULL,0x,0
118,0xaba2c8c229fa7822c8073ed84a8eeddd4992d35b70f9490e1ba0f85c9d20dca8,6916276,1545243082,0xd551234ae421e3bcba99a0da6d736074f22192ff,0x43d51fafbed280ebc131844c77ffc546f874993d,0.390000000000000000,NULL,0x,0
119,0x2f74df4804b46d492b66a382b71d9b997c501fad91554550d532b01233de6e85,6917032,1545253815,0x43d51fafbed280ebc131844c77ffc546f874993d,0x095ffc744a277469a671500d5734d5f1b83c9481,0.389517000000000000,NULL,0x,0
120,0xbbec8a35bd7696a5238f31bd6f7b4eb8347f5b1b66d5e9d64d4841c6db5244df,6919071,1545284238,0x12190e2b9053d7018f70d369271c83c3be9f098f,0x43d51fafbed280ebc131844c77ffc546f874993d,0.370000000000000000,NULL,0x,0
121,0x7403f58f3d6d0e11d2f5100e9bdaf041cd7ff6405e7f770cb2d096093b4a04f4,6919086,1545284523,0x43d51fafbed280ebc131844c77ffc546f874993d,0x095ffc744a277469a671500d5734d5f1b83c9481,0.369517000000000000,NULL,0x,0
122,0x4599f7bfa20adea7d68825d7e8555ad3901d1003c4995e5d9803dedebad2f30a,6931506,1545467751,0x0681d8db095565fe8a346fa0277bffde9c0edbbf,0x43d51fafbed280ebc131844c77ffc546f874993d,0.991124210000000000,NULL,0x,0
123,0xdfaa20223e5e174399040b01c0e4d3fd0e63154f33dfe727436bdb8c4ceae740,6933091,1545490704,0x43d51fafbed280ebc131844c77ffc546f874993d,0x095ffc744a277469a671500d5734d5f1b83c9481,0.990641210000000000,NULL,0x,0
124,0x9be00c093749f596a4a82144ad566ca48141d33f11c6d3407142baee0a719f59,6945183,1545667483,0xe4c89b9fcab29c5bee3971b698cca4528f2644e2,0x43d51fafbed280ebc131844c77ffc546f874993d,2.620000000000000000,NULL,0x,0
125,0x95e3850a6b85d7ea4b301d4e9700b364380820217e70fe3b8ee273f7a3244e67,6945478,1545671743,0xe4c89b9fcab29c5bee3971b698cca4528f2644e2,0x43d51fafbed280ebc131844c77ffc546f874993d,0.510000000000000000,NULL,0x,0
126,0x1dffe2a41e42856abcec05fa1864a71b0f399d9942c6df733954fbf407c4d89c,6945774,1545675827,0x43d51fafbed280ebc131844c77ffc546f874993d,0xaaa4e9875c89ab670d1157460e7da97a9bee2010,3.129517000000000000,NULL,0x,0
127,0xa1334c0511b13dad2f952231764b687914d733239c8e4ef3f8598f2e465af51e,6979742,1546171744,0xe4c89b9fcab29c5bee3971b698cca4528f2644e2,0x43d51fafbed280ebc131844c77ffc546f874993d,1.210000000000000000,NULL,0x,0
128,0xe693eabd1a95a6e03a8842161162f347faa17abd3e8473fcd31e5fb7e1b56855,6980068,1546176551,0x12190e2b9053d7018f70d369271c83c3be9f098f,0x43d51fafbed280ebc131844c77ffc546f874993d,1.310000000000000000,NULL,0x,0
129,0x7665c031e620bcaaa82d659ac1ec30b7ca5e6aa30ed9ab1c7f7a7a99faa387c0,6980237,1546179044,0x43d51fafbed280ebc131844c77ffc546f874993d,0x095ffc744a277469a671500d5734d5f1b83c9481,2.519517000000000000,NULL,0x,0
130,0x11c4c2151ac1500197a4c62ee06744d603af6ed37d869ddd37694e4afbaa17da,6986628,1546272585,0x12190e2b9053d7018f70d369271c83c3be9f098f,0x43d51fafbed280ebc131844c77ffc546f874993d,7.510000000000000000,NULL,0x,0
131,0x96ce1476ded4926e152ca311b07b93c8ea9484b6ae1baee713dff4b889710a8b,6986646,1546272859,0x43d51fafbed280ebc131844c77ffc546f874993d,0x095ffc744a277469a671500d5734d5f1b83c9481,7.509517000000000000,NULL,0x,0
132,0x0284858f37bc0299083738e1cd18bb3582c499c8cd8697fa2ee62bdc510450b2,6987494,1546285172,0x12190e2b9053d7018f70d369271c83c3be9f098f,0x43d51fafbed280ebc131844c77ffc546f874993d,0.050000000000000000,NULL,0x,0
133,0x0fe1013a88d42de8f1c44292f6178eda94ef2b24c18eac4adc6be4584835dada,7001813,1546495121,0x12190e2b9053d7018f70d369271c83c3be9f098f,0x43d51fafbed280ebc131844c77ffc546f874993d,10.000000000000000000,NULL,0x,0
134,0x5e8d906cadb13d195bc173aa5f31da652e8655bf1b2eb97d65d409e9f5f203d9,7001924,1546496916,0x12190e2b9053d7018f70d369271c83c3be9f098f,0x43d51fafbed280ebc131844c77ffc546f874993d,0.060000000000000000,NULL,0x,0
135,0x7879d3d8a50efe4c9c90e3192c7b70120f47b9060b1faff813a10f3d63d7cb40,7001941,1546497174,0x43d51fafbed280ebc131844c77ffc546f874993d,0x095ffc744a277469a671500d5734d5f1b83c9481,10.109517000000000000,NULL,0x,0
