,TxHash,BlockHeight,TimeStamp,From,To,Value,ContractAddress,Input,isError
0,0x900b4a0b9f5e1fa12b369fb395ced2c3a857299418065e42fe04a70d34ac4f4f,5831974,1529636973,0x6f60af5b82726bbd6b17e81fba84a46d4c954921,0x46cbc3c3710dc4a632842e155f18f30d4ab38aac,0.700000000000000000,NULL,0x,0
1,0xf3d1dfcacc576e2088cea4cf83f272e04e98f6093f2ac9ac7c0fbacf5607a36f,5833243,1529656062,0xfbb1b73c4f0bda4f67dca266ce6ef42f520fbb98,0x46cbc3c3710dc4a632842e155f18f30d4ab38aac,0.094000000000000000,NULL,0x,0
2,0xfc79cdb3bba40fd2d15c16f99fa891929b42ea270355d4bdb11a6c355d4bb094,5833453,1529659258,0x59a5208b32e627891c389ebafc644145224006e8,0x46cbc3c3710dc4a632842e155f18f30d4ab38aac,0.500420000000000000,NULL,0x,0
3,0xdaf3d8a109b3057263e9faa776af67273c16006c2e32724143789b5711e88d3a,5834141,1529669742,0xa0752166041d9a4a7d0a3b3ae3408d7827430895,0x46cbc3c3710dc4a632842e155f18f30d4ab38aac,1.000000000000000000,NULL,0x,0
4,0x4185edccccaa4c05a90e816bf0e65e27565a32b5b6bc250816b9d92649265a88,5837990,1529727081,0x620a3e5cddd2748e111a11810757f419d10b1aac,0x46cbc3c3710dc4a632842e155f18f30d4ab38aac,0.500000000000000000,NULL,0x,0
5,0x30f29da916ce349c4759d7297ca2c8754dbc04177ccf9a82a44a99310f77ed5d,5838068,1529728331,0xeafe88ca55ec7a8ef7883052c3875b557de27416,0x46cbc3c3710dc4a632842e155f18f30d4ab38aac,1.500000000000000000,NULL,0x,0
6,0x9e92828d86ea03150deb1be33611909c95eb771930446b250e088dbabd058e37,5838484,1529734485,0xe4b3dd9839ed1780351dc5412925cf05f07a1939,0x46cbc3c3710dc4a632842e155f18f30d4ab38aac,0.503000000000000000,NULL,0x,0
7,0x1e95d05ed1b2c56316bb6389aa1436f7bfc71a160056e0dd76e1c12a5869730b,5839177,1529744419,0x520e8707877f5f750f98d0791b1804ae68d75925,0x46cbc3c3710dc4a632842e155f18f30d4ab38aac,0.457746170000000000,NULL,0x,0
8,0xce790abc47869ee99adbb47963d3b5ea686e2b746e5a54383c596f476be02cac,5839179,1529744447,0x520e8707877f5f750f98d0791b1804ae68d75925,0x46cbc3c3710dc4a632842e155f18f30d4ab38aac,0.036991640000000000,NULL,0x,0
9,0x323c0ec4a515c18f856d8a582583de19e401c13cb6c4381554647456d8a71159,5841106,1529772209,0xd5c0c2330249a5ced10123055a4dffd97891637f,0x46cbc3c3710dc4a632842e155f18f30d4ab38aac,1.248809610000000000,NULL,0x,0
10,0xafdf22f50105475ad455ce3784f7732e1cf652dff308c0f4f89529f213af04eb,5841165,1529773128,0x35fc4ad065d8c44103a2fa81dc8aa0491d1db722,0x46cbc3c3710dc4a632842e155f18f30d4ab38aac,0.599900000000000000,NULL,0x,0
11,0xb62d55187c00f224eee388498cb4ad307954d331e32d88cdda2a97ac82f6bc89,5841663,1529780159,0xaa4df7c7edbe852753f951d1bd4956d0a4a410a9,0x46cbc3c3710dc4a632842e155f18f30d4ab38aac,0.500000000000000000,NULL,0x,0
12,0x7fe5a7bda6edc204708af9051bab0230c6e20d11ecfc1becf3bae3a0eed59553,5841676,1529780367,0xacd747bc462168345562098d9345df1f9068183d,0x46cbc3c3710dc4a632842e155f18f30d4ab38aac,1.051935980000000000,NULL,0x,0
13,0xcd989a28b4549e8b5374e6e699457ee92d1faefe83273c6b538137518a2507a7,5841866,1529783090,0x285ce1a06a4f181e363d11898670248730c79a55,0x46cbc3c3710dc4a632842e155f18f30d4ab38aac,2.500000000000000000,NULL,0x,0
14,0x76273b287eb7b756c718ca997f82cae6b781e12f5812a34c2b70b09eb38335bc,5843409,1529804928,0x0681d8db095565fe8a346fa0277bffde9c0edbbf,0x46cbc3c3710dc4a632842e155f18f30d4ab38aac,3.734417220000000000,NULL,0x,0
15,0x10d04ef4c158e2550df7740cad072f24cd109916a67138968ec2d789fd734f17,5845612,1529837486,0x46cbc3c3710dc4a632842e155f18f30d4ab38aac,0x56dfbe83fd4fd66c0c3711f8cdd509420ac7e31d,14.926700000000000000,NULL,0x,0
