,TxHash,BlockHeight,TimeStamp,From,To,Value,ContractAddress,Input,isError
0,0x9a26755a0ef9a430557bd6eab097d1c12e08b9a518859d0385caab2087c2baa4,5846856,1529856069,0x743a90d7e5951d3b7db4147b4efcad702a3fb46f,0x490d29b8669823e12eb5f72d53c27ebe7f952ab4,0.500000000000000000,NULL,0x,0
1,0xc9bdd0bff760b6fb7f159590d159d13642b6978ee77bf5716fe0b4e3743f8881,5847462,1529864981,0x6b970d519d003ac72b198536698e063f04d30c5f,0x490d29b8669823e12eb5f72d53c27ebe7f952ab4,0.600000000000000000,NULL,0x,0
2,0x1aac2c7a9d334abafa216c412cb17cf7e2522ffe1a3442305a217a339da75774,5848504,1529880059,0x7dcfca7a9b1492a71a0a8db28addb0de9b428c52,0x490d29b8669823e12eb5f72d53c27ebe7f952ab4,0.531242750000000000,NULL,0x,0
3,0xb5aeb572490f32038ed5cb9fcc09095e0405cf9c9e3648c05aea98906f75fe73,5848550,1529880879,0x564286362092d8e7936f0549571a803b203aaced,0x490d29b8669823e12eb5f72d53c27ebe7f952ab4,0.500000000000000000,NULL,0x,0
4,0x2d2b29c76dca854c05c2a0dda207a088eac8dd1144378962018d52074d24354e,5848736,1529883496,0x3f5ce5fbfe3e9af3971dd833d26ba9b5c936f0be,0x490d29b8669823e12eb5f72d53c27ebe7f952ab4,0.752378610000000000,NULL,0x,0
5,0x1cbb30306c1cf0817e986b6935f035bc575d6d1cf55175a160923006dddc5ad4,5872978,1530247245,0x8790b53c5f2720297ab468c311d2340e7cfb7162,0x490d29b8669823e12eb5f72d53c27ebe7f952ab4,0.050000000000000000,NULL,0x,0
6,0x8ea3ccd8a662ba86476d52dde549612065b708d1ecd10570aaa505b5308a38ae,5886732,1530451703,0x490d29b8669823e12eb5f72d53c27ebe7f952ab4,0x670726a79f189db64b17b74d70840c8f3378b131,2.931542360000000000,NULL,0x,0
7,0x4165f8234ebd5d679363335af91d5e08cd8d2317bd0837db3822dca9de348554,5895769,1530583484,0xfbb1b73c4f0bda4f67dca266ce6ef42f520fbb98,0x490d29b8669823e12eb5f72d53c27ebe7f952ab4,1.494000000000000000,NULL,0x,0
8,0xf3be6b3b62f39809ab69bf1176f015407dff88f0d6ccf97e158cef086ebf2384,5896183,1530589780,0xa0bb4ba19f578a63fa3f67adaf7bbca15ccadc45,0x490d29b8669823e12eb5f72d53c27ebe7f952ab4,0.509000000000000000,NULL,0x,0
9,0xf175a990d1eebf20702ba459e10b10798f388171517bc68443f2fb1afa892b17,5926504,1531040873,0x490d29b8669823e12eb5f72d53c27ebe7f952ab4,0x670726a79f189db64b17b74d70840c8f3378b131,1.994981000000000000,NULL,0x,0
0,0x47e611b4ab118cd141310f82fd8c4216f472fe3a57249defdd92a07d4a59caf6,5929452,1531085135,0x1522900b6dafac587d499a862861c0869be6e428,0x490d29b8669823e12eb5f72d53c27ebe7f952ab4,1.000000000000000000,NULL,NULL,0
