,TxHash,BlockHeight,TimeStamp,From,To,Value,ContractAddress,Input,isError
0,0xfb9e6d5b5753b0b495540b870d2505293f607695c48179e490f01cd826d5eee3,5061382,1518214378,0xc2898cae32378669f263a04c260d4c3e3a3946b0,0x4bde78ead56a30055d33bf84f52e420b0f6070ba,0.500000000000000000,NULL,0x,0
1,0x98890a7a9b4d43513f2910b8177cc5700b2d4c934ebbbc5ca969dcce807a4df7,5070218,1518341887,0x4bde78ead56a30055d33bf84f52e420b0f6070ba,0xd65e8c4bcd00ed71c114145e79fb4b2a99851331,0.200000000000000000,NULL,0x,0
2,0xde6dd40bca3a5767de836d168de79f03d05b4fefa39042412da4df4b1a4e7e29,5070234,1518342159,0x3b0bc51ab9de1e5b7b6e34e5b960285805c41736,0x4bde78ead56a30055d33bf84f52e420b0f6070ba,0.198500000000000000,NULL,0x,0
3,0x0517cc33b8ba205aced00e7712d3ecf2a99da7f6130f8f96065741f21b4003c4,5070286,1518343033,0x4bde78ead56a30055d33bf84f52e420b0f6070ba,0x9551c07203a1b584da3d6838118a54d600b75544,0.400000000000000000,NULL,0x,0
4,0x89ddc59f5b6fcadea2f359f1d947b8764f2001bdff18d837767c721774d93e11,5070366,1518344230,0x040a6de0d9e9b4226a45dd10f86fd9be91547686,0x4bde78ead56a30055d33bf84f52e420b0f6070ba,0.500000000000000000,NULL,0x,0
5,0xc72d7beb367ca76290abf11438dbaa38cdded8deae13d6833c8a35f7e46ed9da,5071849,1518365802,0x4bde78ead56a30055d33bf84f52e420b0f6070ba,0xe3c1e140f86d2678958421e89e32f6ce07477c66,0.490000000000000000,NULL,0x,0
6,0x6c2fddaf5233a567061dd48d9221dd6f154b9bce4a0d60da2f8f6c96b887aed2,5076407,1518431231,0x5f69425d253f12cab69a49dd3e189d73cbbb2e28,0x4bde78ead56a30055d33bf84f52e420b0f6070ba,1.000000000000000000,NULL,0x,0
7,0xca09785d4330ee27fc69bd24e8c3b9a7fcebca215e2ea2de66bdeae7f26589af,5077177,1518443045,0x9b1b0bc578b01f5c225093bc478bba2f0453b4d1,0x4bde78ead56a30055d33bf84f52e420b0f6070ba,0.355584860000000000,NULL,0x,0
8,0xba9846357eeefae81af86b2194b4d9b62e2b1edd02f68fb2693b25e8bb5ec6ea,5081932,1518511728,0x3901c70d1eaf82f89c8c05be2ff4aa45a5b413ee,0x4bde78ead56a30055d33bf84f52e420b0f6070ba,4.100000000000000000,NULL,0x,0
9,0x4147456d1936b1957b4ef0dca5afabdd86c9d5277c0aff43021a3653fb3d7eb2,5087382,1518590793,0x982fe73d2b193849b9819b411547bb6e341e5fc9,0x4bde78ead56a30055d33bf84f52e420b0f6070ba,0.322000000000000000,NULL,0x,0
10,0x848adb57f1e58ea1e3506aeec0709b2a1c597222e48ed7bd8057d200148df995,5094547,1518696232,0x4bde78ead56a30055d33bf84f52e420b0f6070ba,0xa886397749b7239d2aab21581bea086f17b93f5c,1.000000000000000000,NULL,0x,0
11,0x408f1fc03ccf4bd824b6fb5017a2a45d7ee6636e1e4fcb7db03c94e9bf436b96,5095845,1518715426,0x4bde78ead56a30055d33bf84f52e420b0f6070ba,0xa886397749b7239d2aab21581bea086f17b93f5c,1.000000000000000000,NULL,0x,0
12,0xba0b31be070c24261396ca128dde095ada0ad440c530b65615b247559beadebb,5135332,1519291162,0x4bde78ead56a30055d33bf84f52e420b0f6070ba,0xc755e453be71a8ea0c82e001f21d753eff99466b,1.000000000000000000,NULL,0x,0
13,0x4b0df39e73479e5f920245cca7846fbcced41f89aa0de09a342e1161be939ffe,5135430,1519292601,0x4bde78ead56a30055d33bf84f52e420b0f6070ba,0xc755e453be71a8ea0c82e001f21d753eff99466b,2.000000000000000000,NULL,0x,0
14,0xc33d66857a436d8a16bd2e281741e31aac7e9de127d378402803542d3180f080,5135550,1519294516,0x4bde78ead56a30055d33bf84f52e420b0f6070ba,0xc755e453be71a8ea0c82e001f21d753eff99466b,0.800000000000000000,NULL,0x,0
