,TxHash,BlockHeight,TimeStamp,From,To,Value,ContractAddress,Input,isError
0,0x56b6528ca14b3134d29b09862b35ea0a6a3fe8392666bbb6972e5f49e5c788ed,5225091,1520609496,0x4334b55242729ee9b173087cc3462f07239f2ce0,0x4cd20d29e3a7d47173b76849f9e6fa39dd533757,1.564478920000000000,NULL,0x,0
1,0xaa48d9fe6a602f31ec93fbdfacc00b1e82187e3b2e0c4222cef0a270203bdd18,5225102,1520609628,0x35539778b32cbfd9115ea4e5e025e0f031b7e13d,0x4cd20d29e3a7d47173b76849f9e6fa39dd533757,0.599139000000000000,NULL,0x,0
2,0xb6b175699d51735f81bd99ac7227e90baf6d9f1c62f8ee059c8a680552158cea,5225133,1520610054,0xd8e2504fcbaa617ba7c21ecba3622d34ad1ad6aa,0x4cd20d29e3a7d47173b76849f9e6fa39dd533757,0.100000000000000000,NULL,0x,0
3,0xde219605ab06686067392c754f388f97e20652b49f8a27099ad1a1b2d0c3fbfc,5225147,1520610258,0xb41ea7fd432e2ca0b57c105bb8bb36ac2531ca0c,0x4cd20d29e3a7d47173b76849f9e6fa39dd533757,3.000000000000000000,NULL,0x,0
4,0x77f96a6b1f4a40014198379e3cd49e96c04bd72deca817acb5fb0a4360d14aa6,5225148,1520610276,0x9d8e0ead75a6e7253b6082e9c50125c01070ebb8,0x4cd20d29e3a7d47173b76849f9e6fa39dd533757,0.250000000000000000,NULL,0x,0
5,0x119dc7a4bde520150975320de1fff84277f41119ef1f482835bb75074430f8af,5225163,1520610494,0x3b2efa81efa0eeb9b5bf8bdb798224fc13f55875,0x4cd20d29e3a7d47173b76849f9e6fa39dd533757,0.780503886000000000,NULL,0x,0
6,0x2fa875494c09fe72bc28334b310d982c08488f49a0f9d79be1e17f8fd149efa4,5225173,1520610602,0xa1958161e927e9296d9d57f5f11bad34eef342eb,0x4cd20d29e3a7d47173b76849f9e6fa39dd533757,0.300000000000000000,NULL,0x,0
7,0x4136ce0ed6c8ff20a48ec6381a158eb5c0cf44bc7b8792642ad8a8d7b35e5ffb,5225186,1520610766,0x73577648b0fae82d8bbc8e8f0c33389cb8b10e21,0x4cd20d29e3a7d47173b76849f9e6fa39dd533757,1.100000000000000000,NULL,0x,0
8,0x933a0246ed0e6dd91d3141a9e90fd35d63fe96cb8d48cde8a00f2f2fde1e58a4,5225199,1520610952,0x299e15fb1ccdbb75b9d04922be55398b8cdcb7a1,0x4cd20d29e3a7d47173b76849f9e6fa39dd533757,0.300000000000000000,NULL,0x,0
9,0xe39545f64060588bf2b98bd0ac7a8ca59741bb27788601b2c627296323428d2f,5225202,1520611055,0x13d8b952d5cb0c3d9260e2e43e529bde2a3b9857,0x4cd20d29e3a7d47173b76849f9e6fa39dd533757,18.000000000000000000,NULL,0x,0
10,0x787a494a1608b30f7bb5a64279cef901f93c950422cd892a8a11bc3d001fc431,5225231,1520611494,0x598abdf0f420813fca10c2cb7f06917a1349cd44,0x4cd20d29e3a7d47173b76849f9e6fa39dd533757,0.623676130000000000,NULL,0x,0
11,0xc827b0b641479ce664c05f036de65f19c29a3a64871f6d36fb8c865cf09d4646,5225253,1520611874,0x4a5fc01af42e69c73fd55087a1f75cb6414be8f9,0x4cd20d29e3a7d47173b76849f9e6fa39dd533757,2.091000000000000000,NULL,0x,0
12,0xd4427ec1584a6b7df80a33009b646965c8178b2d822135bb532edf6052493ca1,5225316,1520612964,0x24410eddc54c6b4fc92cf513bb663313fbcdde43,0x4cd20d29e3a7d47173b76849f9e6fa39dd533757,0.581934150000000000,NULL,0x,0
13,0xaed4ea56ac17b8e03f68a179f80e96e038d624756db2b26169914002b2002f14,5225667,1520618340,0xb136fc43ce92093ef02843991d8e054dd9e64b6f,0x4cd20d29e3a7d47173b76849f9e6fa39dd533757,0.415000000000000000,NULL,0x,0
14,0xcebaca09c489bf51ac09bb31e6517e42493c2b5b899029ed9d90f8c889e5ea26,5251573,1520998379,0x4a5fc01af42e69c73fd55087a1f75cb6414be8f9,0x4cd20d29e3a7d47173b76849f9e6fa39dd533757,0E-18,NULL,0x853828b6,0
15,0x8f27847570635f74f25ba1b2c9717a6ce392e0192db08b4b9aa2ce2070fe12df,5522203,1524943981,0x4cd20d29e3a7d47173b76849f9e6fa39dd533757,0x2821ef037e2c5a259cd7c70054ea6f36c1c36bb2,29.704532086000000000,NULL,0x,0
