,TxHash,BlockHeight,TimeStamp,From,To,Value,ContractAddress,Input,isError
0,0x7b317bb9b882210ac0f5fdc8068f053f87567ece52234d3e846af747ae3b0ffc,5709190,1527784182,0xfbb1b73c4f0bda4f67dca266ce6ef42f520fbb98,0x4dad23689bef624af5d1757a56135901c915fcfd,5.154000000000000000,NULL,0x,0
1,0xdd5fda0180defd6f7b62c75950968f0da1262875697147eb07d97558909252c8,5709325,1527786087,0x4dad23689bef624af5d1757a56135901c915fcfd,0xbc20a27779c0b46ef6bbad2df5df06a76e32fbde,5.153580000000000000,NULL,0x,0
2,0x0d1f550c4a8cffed01d31e577fcd77ba051d3175b2a65c48394e4c32bb539f1c,5712639,1527837562,0x02a7853052901bd3e6c27b4fce39e998380eaa8a,0x4dad23689bef624af5d1757a56135901c915fcfd,0.599621999999979000,NULL,0x,0
3,0x8533d0bc4d74ee907559d216324c6046c520a01ec0be299f649251e26174d17e,5712748,1527839273,0x35b00088b260a19aed8949528d86549b7fef8ce4,0x4dad23689bef624af5d1757a56135901c915fcfd,3.000000000000000000,NULL,0x,0
4,0x8ba74927263db99002a356e115e42ec7b7497fc0f92ec1d5fa2de83c4c604052,5714218,1527862002,0x564286362092d8e7936f0549571a803b203aaced,0x4dad23689bef624af5d1757a56135901c915fcfd,0.590000000000000000,NULL,0x,0
5,0x851d449da0247d3217f9b3bf54f418658cb900fbfefbea541273ba1110274458,5714493,1527866327,0xf1d8da4dc915873b68817d55126c218525a43aa7,0x4dad23689bef624af5d1757a56135901c915fcfd,0.900000000000000000,NULL,0x,0
6,0xbd1801f17d009949c97aefcc6c9e164b9ca42eb0fb1ec09937ba70f22c99cd34,5714911,1527872505,0xd24400ae8bfebb18ca49be86258a3c749cf46853,0x4dad23689bef624af5d1757a56135901c915fcfd,0.500000000000000000,NULL,0x,0
7,0x67ea40efbc1dab597bf149cd501a49fd48ced0a3308d50458c849809ca2c82ef,5716605,1527897873,0xb4445adf32a7dd073945905d8a997037b1a003bf,0x4dad23689bef624af5d1757a56135901c915fcfd,0.500000000000000000,NULL,0x,0
8,0x81fd5889e8358c3a3454646d596a5a29ffaefaca0de5ad867c2e1b819beec53e,5718487,1527926742,0x9f440c3b07b6cef5b6d0ee148f0723163422ff71,0x4dad23689bef624af5d1757a56135901c915fcfd,0.600000000000000000,NULL,0x,0
9,0xd2110ab3a05785aa3dcedfc83edde65b3e4249fb148334ee19e6502f7466efb5,5718989,1527934406,0xbcdef2f6976df82c31f696f8bbee4f64380334d4,0x4dad23689bef624af5d1757a56135901c915fcfd,0.500000000000000000,NULL,0x,0
10,0xc6977eb476dda2f1d7b044f06b090baaa334b9d967ba164e1f04b4027eb260b2,5719900,1527948225,0xe5d9e4bb818b80f5659e705caf0b3be167376274,0x4dad23689bef624af5d1757a56135901c915fcfd,0.002000000000000000,NULL,0x,0
11,0x2bdd56224ffbe3f66911a9c485d2410c4218d2e4c1c9d212d92343dee8877a27,5720051,1527950710,0xd551234ae421e3bcba99a0da6d736074f22192ff,0x4dad23689bef624af5d1757a56135901c915fcfd,0.540000000000000000,NULL,0x,0
12,0xa748f1a1119b6cf5cc98ef4bf4cd89e8996a637af2e0f750618f93d185f45ea3,5720428,1527956249,0x3f5ce5fbfe3e9af3971dd833d26ba9b5c936f0be,0x4dad23689bef624af5d1757a56135901c915fcfd,0.615375830000000000,NULL,0x,0
13,0x028418d57379b256ecad094d08f90e6f13f4889393609ff94d492e80873102b8,5721780,1527977186,0x3f5ce5fbfe3e9af3971dd833d26ba9b5c936f0be,0x4dad23689bef624af5d1757a56135901c915fcfd,1.014415550000000000,NULL,0x,0
14,0x317ca56893f863fded52ef1e64f05fb16fb4400cae73514cad3ac1fc925a38ac,5723715,1528006957,0x4fd52742181167fca2573ad754c53202e87482ee,0x4dad23689bef624af5d1757a56135901c915fcfd,0.100000000000000000,NULL,0x,0
15,0xb6a3132b00dac2e1eba4e40eb0360a2801dedb2da97154b4023b577cadb14313,5724189,1528014235,0xd5bc441421dd2009b7e1b65eea021e5372269db2,0x4dad23689bef624af5d1757a56135901c915fcfd,1.100000000000000000,NULL,0x,0
16,0xda793eeda0da350d6122ad457b0c3a44f9b4e5ac20da95b99d1573365bb56b4a,5725992,1528042281,0x4dad23689bef624af5d1757a56135901c915fcfd,0xf45f3df887c64a376608c1ad05f19e1774e198f2,10.560993379999979000,NULL,0x,0
