,TxHash,BlockHeight,TimeStamp,From,To,Value,ContractAddress,Input,isError
0,0x01c5acd67b35bc71432ee32b4a7792a330eaa275c830454ed8d90157b88ac35d,5505035,1524686120,0xedc0c49946b93aa296a11298480ae7913bb65222,0x4fbc4c6c416a84e04b2239202396f378d7af51ee,0.000200000000000000,NULL,0x,0
1,0xe728e2c24a35e59e878dc5ea482c5ee214dc1681f966b0c3a37aae51970da54b,5506469,1524707630,0xfd1228af401a9693609893f4f39c95567ed70c59,0x4fbc4c6c416a84e04b2239202396f378d7af51ee,0.145000000000000000,NULL,0x,0
2,0x8298cd5a9884c7cf5e85bac08e617e7e82874e192ea2ff27a0e9db3b02184bee,5508717,1524740253,0x2e77cf8e5536732627544d13edceb16dec748763,0x4fbc4c6c416a84e04b2239202396f378d7af51ee,0.550000000000000000,NULL,0x,0
3,0xd0e0e7cb077aa38f911de83ffcc48224a6f6893150904d17df7894008eecdf3e,5508773,1524741126,0x8beb8fe3f1904f1bdf6ebd9adba5f3a8505599f9,0x4fbc4c6c416a84e04b2239202396f378d7af51ee,0.010000000000000000,NULL,0x,0
4,0x93a04ebd661a59eee4f8429c0d4e5a59167ee858458453490372d0b07560c62a,5515563,1524843746,0x69ce2634719162e38f20759dfd64a91d3f371bea,0x4fbc4c6c416a84e04b2239202396f378d7af51ee,0.062399400000000000,NULL,0x,0
5,0x1755737f651d2b11d6b3433cdef61d3b70eef0afbfa7b336d5152542f33e97e5,5519028,1524894959,0xf5bec430576ff1b82e44ddb5a1c93f6f9d0884f3,0x4fbc4c6c416a84e04b2239202396f378d7af51ee,2.095000000000000000,NULL,0x,0
6,0x0fa3a2023953225de2ac7567a13ad5a0167d6fb18202e224cb8fe301edc03139,5524875,1524982536,0xf068875842a7907bcb1d3c0bd7dc23991d1bbd92,0x4fbc4c6c416a84e04b2239202396f378d7af51ee,3.100000000000000000,NULL,0x,0
7,0x15cdb675dd90289ebdbbf3753748dbba777ffbfd3300a38c322ea6925707d0f3,5526912,1525013235,0x21316e6a4f0af45e5f1503984e83b10c53b177d8,0x4fbc4c6c416a84e04b2239202396f378d7af51ee,1.000000000000000000,NULL,0x,0
8,0xf3464cfef62f1bd88e9fdbc49b9b1c6da5b3b7bb07930ccad8a134586e01c795,5529374,1525049895,0xd05408cf3059b6e66b527ba2d2bc22d48400ea63,0x4fbc4c6c416a84e04b2239202396f378d7af51ee,0.520000000000000000,NULL,0x,0
9,0xfa3bd8c6681d705b14a6237b3435a849978198d6465d1c2a8e1c15a5b8d7e1c0,5529482,1525051530,0x97a865142ebb3bb8dcd02c6edcc8a73d9a3ee7bd,0x4fbc4c6c416a84e04b2239202396f378d7af51ee,1.000000000000000000,NULL,0x,0
10,0x7928e11fa08704aa0ccb9d4ca19fbbe144d7a367372ccde6f93a063ceec492b0,5530820,1525071719,0x0681d8db095565fe8a346fa0277bffde9c0edbbf,0x4fbc4c6c416a84e04b2239202396f378d7af51ee,0.843905250000000000,NULL,0x,0
11,0x5c6d4f758eeaee371eece83e517b2a8486be029e94b58235a6a19257acd8ceea,5530946,1525073469,0x5521a68d4f8253fc44bfb1490249369b3e299a4a,0x4fbc4c6c416a84e04b2239202396f378d7af51ee,0.710000000000000000,NULL,0x,0
12,0x6bc46b3ee70a1098d7c854d3eea04008a96bfebd845a12243582ef5e5dfeb888,5531349,1525079933,0x3f5ce5fbfe3e9af3971dd833d26ba9b5c936f0be,0x4fbc4c6c416a84e04b2239202396f378d7af51ee,2.771190000000000000,NULL,0x,0
13,0x3e0b58ae4559fd1e85f4bcde5d3106aac815edd687a13d3260d14a45ed5d121e,5533237,1525109195,0xd551234ae421e3bcba99a0da6d736074f22192ff,0x4fbc4c6c416a84e04b2239202396f378d7af51ee,0.580000000000000000,NULL,0x,0
14,0x055a8b012817075da1ed051aa7f34ef692b98d2fc1733f4f101197244becfc6c,5534201,1525122614,0x4fbc4c6c416a84e04b2239202396f378d7af51ee,0x2db5a5f11b72f3040c9d79bd6a54ee90c1017b4e,13.386833650000000000,NULL,0x,0
