,TxHash,BlockHeight,TimeStamp,From,To,Value,ContractAddress,Input,isError
0,0xf243e5613bd16f613b8fd947b2e5e81625f5493164c041159528af320fc10ede,5494496,1524528244,0xd551234ae421e3bcba99a0da6d736074f22192ff,0x548ac87629ceb858aa09b419f5b9898ec5735fba,0.675697990000000000,NULL,0x,0
1,0xf6adfbeb868b4294e61cf2113312e7170a15c9a524349ec5879368cb227b7dcc,5494614,1524529862,0x548ac87629ceb858aa09b419f5b9898ec5735fba,0x3f5ce5fbfe3e9af3971dd833d26ba9b5c936f0be,0.669697990000000000,NULL,0x,0
2,0x30a8bef13e12e404cfab927e4ead6405f0999b6a3ed929b75caba35dcd32fb44,5506558,1524709092,0x89f0b658da3d463abfbbc0694f2975c900a0a8ea,0x548ac87629ceb858aa09b419f5b9898ec5735fba,0.007000000000000000,NULL,0x,0
3,0x457bec019209db9abda073ab3cc51d460e332be666e97db2729af42f4c35a748,5506666,1524710535,0x564286362092d8e7936f0549571a803b203aaced,0x548ac87629ceb858aa09b419f5b9898ec5735fba,0.990000000000000000,NULL,0x,0
4,0xe9c9bdbcfaaf77bd422a116817b43b03cc67c7b34497e92db0d3d81ec75a25a7,5506762,1524711684,0x548ac87629ceb858aa09b419f5b9898ec5735fba,0x3f5ce5fbfe3e9af3971dd833d26ba9b5c936f0be,0.996895000000000000,NULL,0x,0
5,0x50a4af5e094076cc3618badeb7a6082692aeb957e467ef1905b55efeced1945a,5522422,1524947179,0xd551234ae421e3bcba99a0da6d736074f22192ff,0x548ac87629ceb858aa09b419f5b9898ec5735fba,0.990000000000000000,NULL,0x,0
6,0x75b58fb39adf5fe0f28d39f763e663a54dc2ddc98076b982a40e81c368032b3a,5522444,1524947517,0x548ac87629ceb858aa09b419f5b9898ec5735fba,0x3f5ce5fbfe3e9af3971dd833d26ba9b5c936f0be,0.989895000000000000,NULL,0x,0
7,0xabad7693c5891ac5ab3a963839386cffa5f8c2027af7183bf9f9672549159922,5523812,1524967107,0x6a7710cb355a50ee16f08515024f332cecec4fe4,0x548ac87629ceb858aa09b419f5b9898ec5735fba,1.000000000000000000,NULL,0x,0
8,0x63cfbc98a693676e45a62f266cfbd6433ffe829ca0d9d44ae780a05a8ced586e,5523826,1524967289,0x548ac87629ceb858aa09b419f5b9898ec5735fba,0x3f5ce5fbfe3e9af3971dd833d26ba9b5c936f0be,0.999895000000000000,NULL,0x,0
9,0x96fc36fd17bf03904f101d9b2212d5539b3a3dfe55cae03ed5168048ca415e55,5523939,1524968780,0xfbb1b73c4f0bda4f67dca266ce6ef42f520fbb98,0x548ac87629ceb858aa09b419f5b9898ec5735fba,0.500000000000000000,NULL,0x,0
10,0x27f459d8de0ed06a9fa2b8143548d1276beff2eada882385a3e3e2916399ec8f,5523962,1524969216,0x548ac87629ceb858aa09b419f5b9898ec5735fba,0x3f5ce5fbfe3e9af3971dd833d26ba9b5c936f0be,0.499895000000000000,NULL,0x,0
11,0x06d1fe6af6ba7ec94b338ff59974ea5748583602665ed1f4bed1741b6a5b9f36,5527554,1525023038,0x0681d8db095565fe8a346fa0277bffde9c0edbbf,0x548ac87629ceb858aa09b419f5b9898ec5735fba,0.989803320000000000,NULL,0x,0
12,0xe0b1fe0e470c1daadbbc78797a21dff061df7654c5f537430452d9117302649c,5527672,1525024980,0x548ac87629ceb858aa09b419f5b9898ec5735fba,0x3f5ce5fbfe3e9af3971dd833d26ba9b5c936f0be,0.989698320000000000,NULL,0x,0
13,0x583fc03f13966e522756f947a0ebd75121ecdb8d2cf1372084f0c065cc8f4c79,5528547,1525037539,0xa3fd0e2911ea05589de0dd3a266c818cdcc26849,0x548ac87629ceb858aa09b419f5b9898ec5735fba,0.505000000000000000,NULL,0x,0
14,0x9f016945137306aee731118bfebd3eb7c1af05e2d1193a538c8c9799867d5eca,5528665,1525039355,0x548ac87629ceb858aa09b419f5b9898ec5735fba,0x3f5ce5fbfe3e9af3971dd833d26ba9b5c936f0be,0.504790000000000000,NULL,0x,0
15,0x1cff56ea27f9d189b88586841d462c270d48bd62dc0a064c1ceedb927693b7c7,5530285,1525063700,0x728c48acd9a76dd3182ff8e16643b407083c9913,0x548ac87629ceb858aa09b419f5b9898ec5735fba,0.045000000000000000,NULL,0x,0
16,0x1562f5341eb939f09a7ba7d2657d395299cea63073eb351a15bd355574be9b21,5539427,1525202702,0x32be343b94f860124dc4fee278fdcbd38c102d88,0x548ac87629ceb858aa09b419f5b9898ec5735fba,0.490000000000000000,NULL,0x,0
17,0xc047e13c0ceb24ccaf1f5fba54933f26274086036517c25f20bb7c5ad9e82a5e,5539461,1525203107,0x548ac87629ceb858aa09b419f5b9898ec5735fba,0x3f5ce5fbfe3e9af3971dd833d26ba9b5c936f0be,0.534874000000000000,NULL,0x,0
