,TxHash,BlockHeight,TimeStamp,From,To,Value,ContractAddress,Input,isError
0,0x6ddd71bf80df47e5a53a935ccb39f6a003ebf5af9fb3cc6cc62363d2f6f62b43,5162530,1519691843,0x785172c9f5ca829959df5d24354d07b3c1ab4191,0x55c4dfc965b911afee18a7d2d94a245b867395b6,0.230414000000000000,NULL,0x,0
1,0xaba7a69916f83c83a1f60c058bb272194bf503d8774d3654fbfcffcf387f770f,5162738,1519694851,0x3540f86c88961b36f994fe67667b16c30c61bbd9,0x55c4dfc965b911afee18a7d2d94a245b867395b6,0.380070000000000000,NULL,0x,0
2,0xce1e578b33415ac61d50e2a815e0911099c1c88921d5d051807a7f77e5f3b6ec,5164505,1519721805,0x55c4dfc965b911afee18a7d2d94a245b867395b6,0xc810169a85027e97394f320d0d047687affeb1d1,0.561097956481242500,NULL,0x,0
3,0x26c3e2ee19984864a67a06caca12fc404e7c8751524db1a2eaebd24e01276eb4,5212591,1520426103,0xf13f34c29c615df95430d0d9e1c4f0b1408eaae6,0x55c4dfc965b911afee18a7d2d94a245b867395b6,1.500000000000000000,NULL,0x,0
4,0x568f333158f44d221637b7ab809e98dcd764c2ab83be7f2da657f756d18d2a08,5213175,1520434503,0x55c4dfc965b911afee18a7d2d94a245b867395b6,0xc810169a85027e97394f320d0d047687affeb1d1,1.000000000000000000,NULL,0x,0
5,0xd66973807d7c85791d105b8abb1a187402a2cf593c648790e9d3a2972b5f5cc2,5214292,1520450776,0x82e22d8125c5b7b5c9eddccb8d5cf94a57ea17bb,0x55c4dfc965b911afee18a7d2d94a245b867395b6,5.000000000000000000,NULL,0x,0
6,0x71413d8740cfdc7dc70e08d1fd13538f58b12c1620b4d3ac009705dedbbd13cf,5215085,1520462519,0x0681d8db095565fe8a346fa0277bffde9c0edbbf,0x55c4dfc965b911afee18a7d2d94a245b867395b6,0.300000000000000000,NULL,0x,0
7,0x37d4268169612629ab08dfcb4621cddf4af6c92a50a88eab8e0d2bf7d02cfcea,5215124,1520462876,0xefe18564666bd130eb6cde88f7412daf23f1958d,0x55c4dfc965b911afee18a7d2d94a245b867395b6,0.060048780000000000,NULL,0x,0
8,0x2982e7cfa7889f5653a60aa6938ca10f0016a6454f76362166fbfa598d20091e,5215267,1520464903,0x5cde7aaa3c2d815fc6e67bc0c109fc5d8525deb6,0x55c4dfc965b911afee18a7d2d94a245b867395b6,0.109606680000000000,NULL,0x,0
9,0xe4dabeac519666304fb062bbca34479e3e9392ff6e7933391398a449cb8048d5,5217840,1520502710,0x3b33ba3f5a842bea9fce66bb09ee73d1ef2f6c66,0x55c4dfc965b911afee18a7d2d94a245b867395b6,0.041388360000000000,NULL,0x,0
10,0x5a6a8b61afcd1477636c6d2decdf8fc18c70988fbab9fe860668b80c14a636b3,5220765,1520545683,0x8124a0f0a3f4bdad2401ca14f9652a688b7a5514,0x55c4dfc965b911afee18a7d2d94a245b867395b6,0.450000000000000000,NULL,0x,0
11,0x5d2580ab3733c37fda6ab7114b90ec34884d49aec462ea695631511b6ee66fb8,5220818,1520546471,0xfbb1b73c4f0bda4f67dca266ce6ef42f520fbb98,0x55c4dfc965b911afee18a7d2d94a245b867395b6,3.059334000000000000,NULL,0x,0
12,0x86db10dee2ad7eacd70d3de79f0f20a723389673e384781079b1879871132123,5221177,1520551923,0x24297495b6f897d7be881616e5a0bb275460bfb5,0x55c4dfc965b911afee18a7d2d94a245b867395b6,0.100000000000000000,NULL,0x,0
13,0xe76242598dda1a9f52754190a0fcc696e312a142603db884747c5bac2e09097b,5221325,1520554251,0xc217abc3bb6570b84110db8273ee48d0411ec6fb,0x55c4dfc965b911afee18a7d2d94a245b867395b6,1.000000000000000000,NULL,0x,0
14,0xd32a174f5d93fed6cfcf8f88d787d4872fdbe7e4aa01eca2295e263bedba58e6,5221692,1520559654,0x390de26d772d2e2005c6d1d24afc902bae37a4bb,0x55c4dfc965b911afee18a7d2d94a245b867395b6,2.000000000000000000,NULL,0x,0
15,0x029eebfe3f4bef5c3f2b9531fc58f2a0f9da1736801eb5a126da258d18dc0b84,5223358,1520584262,0x55c4dfc965b911afee18a7d2d94a245b867395b6,0x4dca921da0ff6d7becc27159d1f81d228ac96231,5.487800000000000000,NULL,0x,0
16,0xb2c428785ab92cbabae0a20b820deb95fc8271e114cbb0fc0c2fee3b3c175ef3,5224873,1520606371,0x55c4dfc965b911afee18a7d2d94a245b867395b6,0xb9fa079be8513fbfe12a68c43f7b4621ff4fc007,3.000000000000000000,NULL,0x,0
17,0x99ca5b31ed8cb41b1ae4db33512d99003302730363c83bfed31e8bb43b728c06,5237243,1520787425,0x55c4dfc965b911afee18a7d2d94a245b867395b6,0xb9fa079be8513fbfe12a68c43f7b4621ff4fc007,0.430000000000000000,NULL,0x,0
18,0x367e3b61c04d9fe8b39a90808fe8c487e12d90190320beb25582cd1432388f34,5237422,1520790256,0x7ba2124d7585c5e92fbed675e02accc87e3055f9,0x55c4dfc965b911afee18a7d2d94a245b867395b6,0.900000000000000000,NULL,0x,0
19,0x1d58db514e77e7bb56d54599ccaa0ad31380d2109085e2dc444d7db929825c21,5239142,1520814639,0x55c4dfc965b911afee18a7d2d94a245b867395b6,0xb9fa079be8513fbfe12a68c43f7b4621ff4fc007,0.700000000000000000,NULL,0x,0
20,0x114e37880684860aa2f8518209e09e8908db62055d51859fc035f5fa4205deaa,5250517,1520982542,0x55c4dfc965b911afee18a7d2d94a245b867395b6,0xd04e3c599d6a2995869eb91bb7d3c06ffe859fb6,2.000000000000000000,NULL,0x,0
21,0x0b1347f113ea067eaaec261b01edac9ea049b0dc6c9c3c4dff47afcfb0ad49e9,5261563,1521145859,0x55c4dfc965b911afee18a7d2d94a245b867395b6,0xb9fa079be8513fbfe12a68c43f7b4621ff4fc007,1.700000000000000000,NULL,0x,0
22,0xd7a8f6250426e8c7ef195f0ce17b2e79c8a6418f36a2900a196dc6d2c0ffb36d,5277962,1521386131,0x55c4dfc965b911afee18a7d2d94a245b867395b6,0xb9fa079be8513fbfe12a68c43f7b4621ff4fc007,0.230000000000000000,NULL,0x,0
