,TxHash,BlockHeight,TimeStamp,From,To,Value,ContractAddress,Input,isError
0,0x53fc098344d520ad591469134c5fcea0fb4ac596088f873930981488c5864502,5792404,1529054205,0xe9f35feb33844dc83ea60f48a01a4734d23c8f7b,0x567211d48bcfc706edbaf5103196425cdf54289f,0.218318290000000000,NULL,0x,0
1,0x4359fb51607e7271611f4fccacc965e3757b22b120a38b6431d3ad23481948e0,5793411,1529068946,0x2773a4d62ca464438236fb8799ab6da8b32446a3,0x567211d48bcfc706edbaf5103196425cdf54289f,0.520000000000000000,NULL,0x,0
2,0x75a56f33de4b2587944f3a1bc499f42ec1cc433922e51a2661883b49fd7073ea,5794957,1529092454,0x8124a0f0a3f4bdad2401ca14f9652a688b7a5514,0x567211d48bcfc706edbaf5103196425cdf54289f,0.500000000000000000,NULL,0x,0
3,0x04a270a0c8ef2c36142c5b1910884fc3ed6f42d8b78b793e3f6d8918eb42e88d,5870906,1530216501,0x567211d48bcfc706edbaf5103196425cdf54289f,0x2f72be87d6a874f1763306c7c1c3d31c5fa8f0ef,1.237457290000000000,NULL,0x,0
