,TxHash,BlockHeight,TimeStamp,From,To,Value,ContractAddress,Input,isError
0,0x6ce918801d452ce318e54cac5df493b16f12700b1b5da0b61ccd3ec1331497e3,4103270,1501579983,0x45ece8b3ecdfa9d1a9657bce8d9b148ddce6aec2,0x57dcf20135b0cb9d167e8ebfe13b84bfd67645ed,0.020000000000000000,NULL,0x,0
1,0x2e3be111040664e9273cd9ee95c236d2af49104fdf3adf3c676dd191f6eafcad,4109161,1501704873,0x2b43496fc928dc310266071084e6345f84d9015b,0x57dcf20135b0cb9d167e8ebfe13b84bfd67645ed,0.100000000000000000,NULL,0x,0
2,0xe132ed8bab210d390aff113c86a1ae653846334cfeef3a1704de4ddff21820e0,4627910,1511732936,0xa5d6213ee1cd87dfca9940e780cc80a2b19df6ee,0x57dcf20135b0cb9d167e8ebfe13b84bfd67645ed,0.500000000000000000,NULL,0x,0
3,0x1624cee6150a1c6665b4a861d58a3d8e37ee65d7af84317cf27909f50295576c,4629669,1511757322,0x1b3529cec0bd2760d2ef184b15f1b2a16e79c77e,0x57dcf20135b0cb9d167e8ebfe13b84bfd67645ed,0.040000000000000000,NULL,0x,0
4,0x5095dcca5a80bdb86b069d31c3783443bec6933b874aa2eb8c9516dcd0997d14,4630870,1511774284,0xdce64d7174e539c05f35b3db80518f89c20446c2,0x57dcf20135b0cb9d167e8ebfe13b84bfd67645ed,1.000000000000000000,NULL,0x,0
5,0xda4140894a5d818b7b8998146ec20f68e735ca3eab93de39539fa9bdbedfed4d,4631883,1511788581,0x4b01721f0244e7c5b5f63c20942850e447f5a5ee,0x57dcf20135b0cb9d167e8ebfe13b84bfd67645ed,0.080000000000000000,NULL,0x,0
6,0xbb6222c6fb49c655522e7fe22498b275a6de9ef37756cfd8af6333e44d859537,4632563,1511798452,0x1f4eacced02484262960835f001158ea83d1e2ea,0x57dcf20135b0cb9d167e8ebfe13b84bfd67645ed,0.100000000000000000,NULL,0x,0
7,0x30ae6c3dfdd157b52a749f7745e11ca590cffe9b7cee4c5d0defb30edfbf80bd,4714912,1513007771,0xb366e51008aa518655cf124a9558235cd488d150,0x57dcf20135b0cb9d167e8ebfe13b84bfd67645ed,0.100000000000000000,NULL,0x,0
8,0xbd06d82414e3d5c2e664d2645498d9d20a4729532b3032f41acd1bedf6cc364d,4729562,1513230727,0x267be1c1d684f78cb4f6a176c4911b741e4ffdc0,0x57dcf20135b0cb9d167e8ebfe13b84bfd67645ed,1.676790000000000000,NULL,0x,0
9,0xcf66ab632a4b2a0fe3be2ee5edddeb767742038244b48c9073ec622e76852b50,4731986,1513266923,0x3881fcb1914ea8394f51e9949f1a73be3f443139,0x57dcf20135b0cb9d167e8ebfe13b84bfd67645ed,1.000000000000000000,NULL,0x,0
10,0xf21b8ab792fe8a8e5793ce1876b7efe822c16d0b9c07c74062be4dd6a1fd17c9,4758954,1513671650,0x07dc0878857ea7d0122c92e53e732a041a01e661,0x57dcf20135b0cb9d167e8ebfe13b84bfd67645ed,5.000000000000000000,NULL,0x,0
