,TxHash,BlockHeight,TimeStamp,From,To,Value,ContractAddress,Input,isError
0,0x427a3403f64bb2049b3272e007e0d166d7ca3549ca37886c673c75d0e6036f1c,6934747,1545515063,0x564286362092d8e7936f0549571a803b203aaced,0x57aa0ca8ddc99096d150f0dd1e1bd50616d809c8,0.133400000000000000,NULL,0x,0
1,0x00f4f688a1e99b9f4c997bb457cde0d3a6db951cb3a6a90322945da770a3dbf6,6936656,1545543297,0x57aa0ca8ddc99096d150f0dd1e1bd50616d809c8,0x5122df8030bed1c17b1327fd45d0b070ab513934,0.132980000000000000,NULL,0x,0
2,0xf754a46a7df6c81ea1eb7a49c25d8927af046fee2785bc57f35c4f36efcd4324,6939143,1545579753,0x51836a753e344257b361519e948ffcaf5fb8d521,0x57aa0ca8ddc99096d150f0dd1e1bd50616d809c8,1.040650370000000000,NULL,0x,0
3,0x298a43c73c1eea1fda6a238219a26cee4394685be8cd2fdc87201aeef054d318,6939332,1545582379,0x14a5f14295e872ed4195594cbfba5021dd7d75f2,0x57aa0ca8ddc99096d150f0dd1e1bd50616d809c8,0.003400000000000000,NULL,0x,0
4,0x92854806b0e726c4d5709ee783ee561bb579083dac45833e2ab75f0b75feb90a,6939428,1545583767,0x57aa0ca8ddc99096d150f0dd1e1bd50616d809c8,0x5122df8030bed1c17b1327fd45d0b070ab513934,1.043630370000000000,NULL,0x,0
