,TxHash,BlockHeight,TimeStamp,From,To,Value,ContractAddress,Input,isError
0,0xa521d4b518407960f300ebfbcb41f11327efa5593324e565123669ad5b1dacf2,7010123,1546624538,0x76aeba24cb890c3d988c643a2fe9311cbf23367d,0x5874cc4e5b29cdfaf52323d85deb5e1a81de1f15,0.062160000000000000,NULL,0x,0
1,0x8ce297531b557bbe58b5d4fae2f0333209de69f23c49da79c3204a3057aade95,7010190,1546625532,0x76aeba24cb890c3d988c643a2fe9311cbf23367d,0x5874cc4e5b29cdfaf52323d85deb5e1a81de1f15,0.062160000000000000,NULL,0x,0
2,0x3bae3b1bd01b32ff8fdd90fdc52e4822aa672fea8779dfe7681189209a6c69ca,7011642,1546647811,0xfbb09d68c28ba0ae4af5c68c2087bc4991205dc9,0x5874cc4e5b29cdfaf52323d85deb5e1a81de1f15,0.052000000000000000,NULL,0x,0
3,0x7d938f39aec024221fa60296f225c3c89c08f7b123aa2e0a742e3d70820395fa,7011892,1546651905,0x564286362092d8e7936f0549571a803b203aaced,0x5874cc4e5b29cdfaf52323d85deb5e1a81de1f15,0.279100000000000000,NULL,0x,0
4,0x7332efd59864d1c45619aaf42e4a6f1ee8fb6c6fabccc4cf6d536c630a60eb44,7014663,1546694547,0xe05071d3887c1225e6b63eb817dbb10fe439dc23,0x5874cc4e5b29cdfaf52323d85deb5e1a81de1f15,0.052000000000000000,NULL,0x,0
5,0x1a0fa6ef7d9a042924553f88e4c38a350414a37fe146662ca020d7a8c079e1a8,7020110,1546778353,0x3eb2098adeefbf9494da84179a4572ed80656e18,0x5874cc4e5b29cdfaf52323d85deb5e1a81de1f15,0.052000000000000000,NULL,0x,0
6,0x4c56813dd8decb18b4200028ccc1a866871e84d2f3333b9519e386b223b186f7,7025438,1546860606,0xa37aea47ac9622bbc80938edb8963460fe949432,0x5874cc4e5b29cdfaf52323d85deb5e1a81de1f15,0.052000000000000000,NULL,0x,0
7,0xf903c5ddbef99b605a45807fc059235ac567008ade37286887fa11126bc48b8e,7030177,1546934263,0x1e695f0055c9c62b9ba43776b5f3fcb2744046a4,0x5874cc4e5b29cdfaf52323d85deb5e1a81de1f15,0.042000000000000000,NULL,0x,0
8,0x699c14f453cf76acc3ca0e6af603b1e4a0ecb1d6d0601b0f776b100c84eb67bc,7030216,1546934987,0x1e695f0055c9c62b9ba43776b5f3fcb2744046a4,0x5874cc4e5b29cdfaf52323d85deb5e1a81de1f15,0.052000000000000000,NULL,0x,0
9,0x6f14dbb0f1040db0436d90f360a9ede5aa69a953490491434bd95d36386be52a,7031494,1546953753,0x829f9d27f49f725cf72045058d6c93cb1cd2c8fa,0x5874cc4e5b29cdfaf52323d85deb5e1a81de1f15,0.052000000000000000,NULL,0x,0
10,0xd26c892fe516852cba671b4a55dfb0cdf195e9fbef59b35874e0611bc62f40ca,7035815,1547020828,0x2a2b656d158bc7a576f8f9310ab38adae974d7d2,0x5874cc4e5b29cdfaf52323d85deb5e1a81de1f15,0.052000000000000000,NULL,0x,0
11,0x300ad645b00174d2a7edbb5983911fba10d3204821dd046ab39305e84a6e2888,7038157,1547057427,0x2175096bcb94dbd6cd335a9602b63bfd75e746b2,0x5874cc4e5b29cdfaf52323d85deb5e1a81de1f15,0.052000000000000000,NULL,0x,0
12,0x860988e67c64902fb6d1954f524c3fbe8844f9c4699be445f6b5cc0ec9d5a212,7040909,1547100240,0x7ed1e469fcb3ee19c0366d829e291451be638e59,0x5874cc4e5b29cdfaf52323d85deb5e1a81de1f15,0.052000000000000000,NULL,0x,0
13,0x5a0c62ce759cfba9d338b44443d7d5b7dc24f22fcb3afa0579da53419452fbbb,7041481,1547109049,0x8a968a400fd18fe38eb4b7313300b189cb271dda,0x5874cc4e5b29cdfaf52323d85deb5e1a81de1f15,0.072240000000000000,NULL,0x,0
14,0x6c8cc902178fdf29935728c7d8b377bd5e00cff79cf718eef734525c6ad13118,7042011,1547117574,0x7ed1e469fcb3ee19c0366d829e291451be638e59,0x5874cc4e5b29cdfaf52323d85deb5e1a81de1f15,0.052000000000000000,NULL,0x,0
15,0xd7938ed56d971d3894f808c803851812ee0c202d19459a9a4b955529c35caeb2,7044533,1547156110,0xa09bb7afd552a38784a64c8f1e2dcd0ffe21ffaa,0x5874cc4e5b29cdfaf52323d85deb5e1a81de1f15,0.052000000000000000,NULL,0x,0
16,0x5e3dd2be84d895e6a2eb7b0b34cfc0e95b5f5b01761a2fea7fcbc5cfb5975123,7044800,1547160091,0x7ed1e469fcb3ee19c0366d829e291451be638e59,0x5874cc4e5b29cdfaf52323d85deb5e1a81de1f15,0.052000000000000000,NULL,0x,0
17,0x6a72e28291d0067afb5e342c69858d7d54be1448e14780b7b4aced64b60cb4fd,7044990,1547163180,0x7ed1e469fcb3ee19c0366d829e291451be638e59,0x5874cc4e5b29cdfaf52323d85deb5e1a81de1f15,0.052000000000000000,NULL,0x,0
18,0x66d1d047fbb483dd133ce1afe031cc2cd2be77f694ace119671472b8b46a4eae,7048650,1547220138,0x51836a753e344257b361519e948ffcaf5fb8d521,0x5874cc4e5b29cdfaf52323d85deb5e1a81de1f15,0.052000000000000000,NULL,0x,0
19,0xd5214cc1c8288a231a5c09a2688399695f427060e897f8f59b16a365ae7cdbe3,7049416,1547232056,0x76b8371ce65d475e2005c3d0a2a8b26fc09fe327,0x5874cc4e5b29cdfaf52323d85deb5e1a81de1f15,0.052000000000000000,NULL,0x,0
20,0xa5b08af4decea917f1e845afd24455b8ec1b92fb5b6e7796af6f89f19f4d3d43,7050747,1547252360,0x0bb2b4597b76aa00151483d9cc4c6c097cb001a8,0x5874cc4e5b29cdfaf52323d85deb5e1a81de1f15,0.062160000000000000,NULL,0x,0
21,0x08f0dbac593b5815a2bf37f0091b63d5bf67bdd850d4ed577dd5d047af15e937,7053158,1547289448,0x2175096bcb94dbd6cd335a9602b63bfd75e746b2,0x5874cc4e5b29cdfaf52323d85deb5e1a81de1f15,0.052000000000000000,NULL,0x,0
22,0xfe0d916c190d02f10d35a2b8e58d32a0960aa85ff84035cb31f231c99238d586,7053418,1547293348,0x51836a753e344257b361519e948ffcaf5fb8d521,0x5874cc4e5b29cdfaf52323d85deb5e1a81de1f15,0.052000000000000000,NULL,0x,0
23,0xa994239869a718042517e9a973db68db99a34fb5fae66d2e2d1964cbf02fbfa6,7054509,1547310923,0x1bc82febb9d766f257bed637b89fca332bc907d2,0x5874cc4e5b29cdfaf52323d85deb5e1a81de1f15,0.052000000000000000,NULL,0x,0
0,0x166ad13edc64c17567138644d3df6fd7ae2108e9c559e98d231406f3baf7d9ad,7055276,1547322995,0x0a1820f0ff7dc9fce0a4f0b589ee14ddae88233c,0x5874cc4e5b29cdfaf52323d85deb5e1a81de1f15,0.102000000000000000,NULL,NULL,0
24,0xc625ae96d730e53e26d3c3423f02a2f0f3c84a9a21c01077c4326eb5cf1fc75b,7055354,1547324201,0xad92e1ff5137488ac0161b876836771ef0a8300c,0x5874cc4e5b29cdfaf52323d85deb5e1a81de1f15,0.052000000000000000,NULL,0x,0
25,0x79c88ebaa02785f12f518efcf6ea41e2bb6e003de616c5b9c5644c2f59c3d3fe,7058521,1547372550,0x416299aade6443e6f6e8ab67126e65a7f606eef5,0x5874cc4e5b29cdfaf52323d85deb5e1a81de1f15,0.082240000000000000,NULL,0x,0
26,0xe86e362a14f3fb38257e68e7c4e54a1e19409620afeddf0ed37f781cb3b2ba26,7060536,1547404663,0x959ced977fd5a9bc3a471542611fdcacc886d42d,0x5874cc4e5b29cdfaf52323d85deb5e1a81de1f15,0.062160000000000000,NULL,0x,0
27,0x39e511c14f539fe0ffe998a4cb80d3a24b051fa9ccd365c79fadaa7be2a396bb,7061797,1547423284,0x5507ffab8aee689359a79421d98ca5e3a15a472f,0x5874cc4e5b29cdfaf52323d85deb5e1a81de1f15,0.062160000000000000,NULL,0x,0
28,0xb37098a7489a484636d3a1097f7400e622c979086cb2b9c41088aa1cb3d0d74b,7065111,1547474326,0xac223f69a5eeed9a6e767500a185d9431c225e6c,0x5874cc4e5b29cdfaf52323d85deb5e1a81de1f15,0.000300000000000000,NULL,0x,0
29,0x548fa04e04d1c43d12e0ba64d0d01fcf54e3fbb4cb47437e6ba53ee01dff0ecd,7066779,1547500028,0xd0205778a18c141297ebc51fa60441168adad6bb,0x5874cc4e5b29cdfaf52323d85deb5e1a81de1f15,0.052000000000000000,NULL,0x,0
30,0x02f280921841ec694332f4fb5da0f132fbbb13d98aa1d11b355a6bfd5a6037ff,7068291,1547522459,0x210dbd801f0e2121feceec81a9d9038513fb6e5b,0x5874cc4e5b29cdfaf52323d85deb5e1a81de1f15,0.052483000000000000,NULL,0x,0
31,0x953a348ef01db5b65cbc3b49ff41e6d0149a5ad836203bf7d60a98d312b40aea,7074776,1547623295,0xabca99362241d557a075374a17d9520f71689ed5,0x5874cc4e5b29cdfaf52323d85deb5e1a81de1f15,0.240000000000000000,NULL,0x,0
32,0x89ef546ae55f03ca3d117f19168274351970a74501bf6d23d0bdad6cb00f5d8d,7075283,1547631619,0x80fa3c672db964ba8933dc860d8d2a69466f0c79,0x5874cc4e5b29cdfaf52323d85deb5e1a81de1f15,0.052000000000000000,NULL,0x,0
33,0xf0e6374c6584abeb824427a252450f32d9fd697b20aded054f7941eaf9fd51cc,7079381,1547694985,0x96589a594c9a46adeee369e4cb689dc1309ebe0f,0x5874cc4e5b29cdfaf52323d85deb5e1a81de1f15,0.052000000000000000,NULL,0x,0
34,0x9cb49d032c2e185a3ea5491fec04215ae2cc1f62454329c9a87f7feb8a606c5d,7082309,1547740704,0x416299aade6443e6f6e8ab67126e65a7f606eef5,0x5874cc4e5b29cdfaf52323d85deb5e1a81de1f15,0.052000000000000000,NULL,0x,0
35,0x16099957cd698bc3d0df695a44b7c262c52f7ed15fe92aa5d9d45c21f0c780a3,7089452,1547850197,0x416299aade6443e6f6e8ab67126e65a7f606eef5,0x5874cc4e5b29cdfaf52323d85deb5e1a81de1f15,0.052000000000000000,NULL,0x,0
36,0x94c666e1cddfc9962037f363862fc50d05e83c8d8f85e9fdebc10b5c384e6be9,7089589,1547852250,0x3d421dba2728ee6f57b084bb80d9226488d1721b,0x5874cc4e5b29cdfaf52323d85deb5e1a81de1f15,0.052000000000000000,NULL,0x,0
37,0x45e0fbac9699508ae9a36f39b091a334d0ae54bccf88d6417e2a52f7209037a5,7093455,1547910855,0x3613ef1125a078ef96ffc898c4ec28d73c5b8c52,0x5874cc4e5b29cdfaf52323d85deb5e1a81de1f15,0.042240000000000000,NULL,0x,0
38,0xadc8d8fcfd4c753e02d50dac46cef3a74da5dc4c83cd2d496a796016935cae26,7096110,1547951994,0xe2da2f0937ccff8de200eb07eb70f2de64a8f168,0x5874cc4e5b29cdfaf52323d85deb5e1a81de1f15,0.072240000000000000,NULL,0x,0
39,0xec9649fb7af66968545d07ab447e3a33f9fb4eb3067e92e5033ac44d6131e93b,7103223,1548065571,0x5874cc4e5b29cdfaf52323d85deb5e1a81de1f15,0x20f14b27ec24ef110e808dd74ec40724b89af367,2.594782000000000000,NULL,0x,0
