,TxHash,BlockHeight,TimeStamp,From,To,Value,ContractAddress,Input,isError
0,0xe269210c1c821db09b2072b01848d1b7ac6216be44b1982fc9f288cbd30ebb89,6558671,1540157229,0xcd4b2e5ef191819e2d9eaee126ed8c1fac6cfc55,0x584dab561e3c4ba02c74fb76e7c48a0a3b7d8097,0.100000000000000000,NULL,0x,0
1,0x81b567264c942845b6b554aa7ebd0a780a92efc11db64175f6c167c72421c02e,6558679,1540157375,0x0c0816c21e7e707e813c2d65093e2b8f97636ccc,0x584dab561e3c4ba02c74fb76e7c48a0a3b7d8097,0.022479050000000000,NULL,0x,0
2,0xac50580260903c80eec4489dd546bba67b2348950e33b30d26a7a344b551a596,6559447,1540168410,0x73bba699f3bc101cd9c68f7cc0eb9d7d95b4d583,0x584dab561e3c4ba02c74fb76e7c48a0a3b7d8097,0.103542550000000000,NULL,0x,0
3,0x7ed77c56182989892957ce890ed14af8a93fe928ec15ae4efa7d5a48446609c8,6559459,1540168565,0x10bb47c5ac2f1623a6290191efcbc1878ed93b42,0x584dab561e3c4ba02c74fb76e7c48a0a3b7d8097,0.004221633342646200,NULL,0x,0
4,0xd8b8f12c92ce31de2494f338e63607f722d4e22a9a06f67d24197c04efaafd04,6559477,1540168871,0xc3e845fa551e2e09859735b7635b9dafa74f5087,0x584dab561e3c4ba02c74fb76e7c48a0a3b7d8097,0.999916000000000000,NULL,0x,0
5,0x80ec9537bf0dbaed9a959ef960296c3bc1928f49396624ce48b70ee6cacade76,6559479,1540168894,0xd551234ae421e3bcba99a0da6d736074f22192ff,0x584dab561e3c4ba02c74fb76e7c48a0a3b7d8097,0.090000000000000000,NULL,0x,0
6,0x54313143af790ac2f4e7f03165cc83d2bbefbf43b7901506a3caacd60e1c1443,6559500,1540169186,0xfb9fdd9af4372310f86b37808195d8cfad567fda,0x584dab561e3c4ba02c74fb76e7c48a0a3b7d8097,0.124008000000000000,NULL,0x,0
7,0xbf948c7d7777f453ff65a4e78a39ac9149d696e9ffa4509477733a5e8799988f,6559517,1540169378,0x0f08f08234276ddc9f18540070ad034709c6bb27,0x584dab561e3c4ba02c74fb76e7c48a0a3b7d8097,0.100000000000000000,NULL,0x,0
8,0x0783f9f836a79af3b6f478ee34f3857c64bb2d3739b5a1df52dd760007919015,6559553,1540170069,0x4bca49260fea892299b9fb88127ca71ba248da9a,0x584dab561e3c4ba02c74fb76e7c48a0a3b7d8097,0.017348200000000000,NULL,0x,0
9,0x82d72ba3080358e022768d86b09f9eb31c03b042792bd268bc4058df69c8b2e4,6559556,1540170124,0x670b6be12af088d0a0df76c0324ee78926e89b09,0x584dab561e3c4ba02c74fb76e7c48a0a3b7d8097,0.200000000000000000,NULL,0x,0
10,0x6be2d670c31bdcebf8e35c078bca15391f3e0d0a0af5b521be0c5758364f1dec,6559630,1540171187,0x2c9c2f45480c24aaa113be250ff965aa30884186,0x584dab561e3c4ba02c74fb76e7c48a0a3b7d8097,0.273562710000000000,NULL,0x,0
11,0x3594e8dfc0859903c885bab2c8b879a84c5c62bb985ac752156421e7a0ab2cbd,6559688,1540172013,0x9c9e40a0b3fba4fe467620841a71843e8445a261,0x584dab561e3c4ba02c74fb76e7c48a0a3b7d8097,0.113391540000000000,NULL,0x,0
12,0xfc023265c33c4d215e4ee5dc861fd95cad47628c46ba508646eb1b7815ed5f37,6559993,1540175676,0x037fcdea0b086697b8fba336dde612cb4f94463d,0x584dab561e3c4ba02c74fb76e7c48a0a3b7d8097,0.945300000000000000,NULL,0x,0
13,0x4883c826860c49ba67c572f09288e31dab2e656c5a15b96452aa9dd604d8828e,6569393,1540308980,0x584dab561e3c4ba02c74fb76e7c48a0a3b7d8097,0x7333f1ca444b3a4347a03bce7f941f39d993ba1f,1.000000000000000000,NULL,0x,0
14,0x996f861968dc559cf8b103a899615ff821e2a258e54db3a31b94331376c65984,6570262,1540321276,0x584dab561e3c4ba02c74fb76e7c48a0a3b7d8097,0x8ced7e3e38ebeee3b5625b559b8b5564b8341b90,0.034561550000000000,NULL,0x,0
15,0xa228c0da1a1175e033cbf5bd28921b033bf1bd8d9a159a8bfdafdb0787da0cf3,6634541,1541231136,0x0e0f36806ca39763c1954894941cb2d12371a162,0x584dab561e3c4ba02c74fb76e7c48a0a3b7d8097,0.102106950000000000,NULL,0x,0
16,0x5a64d4d047403356f9720085860539ebbf0ab50343bdc2ed19b567b6c63d3b17,6634587,1541231705,0xe33a92450a95d3287ec49847468d0f35a563faa5,0x584dab561e3c4ba02c74fb76e7c48a0a3b7d8097,0.700000000000000000,NULL,0x,0
17,0xed3f0298174eae26589ca29a820a58289b2750291db95600d67d6a346d1d268e,6705054,1542228806,0x584dab561e3c4ba02c74fb76e7c48a0a3b7d8097,0xaafc4152e8fc877cb8d96b4e06ac82e6a6551164,2.859299083342646200,NULL,0x,0
