,TxHash,BlockHeight,TimeStamp,From,To,Value,ContractAddress,Input,isError
0,0xe58a3ef598e77a2c5da2a2eed38e5afc3af3c84bbeec519794d0e19d0e0f0f36,6052707,1532888533,0xfbb1b73c4f0bda4f67dca266ce6ef42f520fbb98,0x5a504295ab80cca776afdc6db4f493e7c6fa8211,0.592401760000000000,NULL,0x,0
1,0x61cc6d56a63b67790cef21d002c973b74494be35f0c5de6e0628026118aed910,6053048,1532893884,0xcd925aead2f88b6059ee6581f0523cfb1f895238,0x5a504295ab80cca776afdc6db4f493e7c6fa8211,0.500000000000000000,NULL,0x,0
2,0xb7e22b66beaeb0a9d49e8195daae70a6a1b6dd20b06a61a6069b2a508e40f5b3,6054332,1532912109,0xd551234ae421e3bcba99a0da6d736074f22192ff,0x5a504295ab80cca776afdc6db4f493e7c6fa8211,0.990000000000000000,NULL,0x,0
3,0xf1f92516e9e529b33c61ebee410d59d8fd76d218196995086775381e486c11b9,6056098,1532937686,0x18fa38abc6f0cb7e9d05568e3c63e3f21109be91,0x5a504295ab80cca776afdc6db4f493e7c6fa8211,0.500000000000000000,NULL,0x,0
4,0x1f78321fb5c017ac2af94ce2b64ab7aaef79c8888452ec7d52d64cf81776ce29,6057165,1532953189,0x3f5ce5fbfe3e9af3971dd833d26ba9b5c936f0be,0x5a504295ab80cca776afdc6db4f493e7c6fa8211,0.626435290000000000,NULL,0x,0
5,0x93a34e2252ed84ed09ee22de75fc79244c4ac1d0269a3354beec4cdacf47255d,6062558,1533032531,0x3bd80ce3ebaeb28d0bffdf5f97123346a443339f,0x5a504295ab80cca776afdc6db4f493e7c6fa8211,0.550925950000000000,NULL,0x,0
6,0x4aff2d9465c969147915315176064f6bc323caddd53645e562817532a5c8cc7b,6068893,1533125458,0x5a504295ab80cca776afdc6db4f493e7c6fa8211,0xff6cfc3ae02554475c5ab1425636028ab58abdcd,3.758902000000000000,NULL,0x,0
