,TxHash,BlockHeight,TimeStamp,From,To,Value,ContractAddress,Input,isError
0,0x86515b494f43b5735ed37565026f72eda1431b1603dee741a3cccbb540191236,5618454,1526396145,0xf646cbe3b030fb6c2569215f0117dba58badb95e,0x5caa556d0b8fa8622b1746bcc1211429737dcafc,1.000000000000000000,NULL,0x,0
1,0x7f985c400808018a9142e02da77a9018161864f14115a8576b5578f5d6182a61,5620333,1526424752,0x4bf7fd804f204207fb35b146cd7d90f4e2785720,0x5caa556d0b8fa8622b1746bcc1211429737dcafc,1.900000000000000000,NULL,0x,0
2,0x2828b965f9bc65b126d8d626bea838c681e52d6c82cb7960998a7d6505c88d9f,5620816,1526431548,0x35057cc17339af68c6f8057d795040b55430b137,0x5caa556d0b8fa8622b1746bcc1211429737dcafc,0.817325300000000000,NULL,0x,0
3,0xc11de68bdb9a31d3c263fb7ab365a15fda5279bdea9e750f8ed1107b8b1704d5,5621257,1526438640,0x1fa394f3a85c2ee069189b1ce81e36fc0f120f8c,0x5caa556d0b8fa8622b1746bcc1211429737dcafc,0.614790000000000000,NULL,0x,0
4,0xebe23875ceb126a52058af4e7e00026d62b00469b249c4b64f29a719638ea510,5686060,1527430884,0x5caa556d0b8fa8622b1746bcc1211429737dcafc,0x78f1e9312270d9acfc63c42910b352a6b759cd9d,4.331065300000000000,NULL,0x,0
