,TxHash,BlockHeight,TimeStamp,From,To,Value,ContractAddress,Input,isError
0,0xaa864d257376fe7446911cf9567c76c9e1d096873e925c122ecf46c87b009454,4330750,1506957973,0xa4e1bf7560a320fce23d721757a4a2ac267bd5b4,0x5d3eaf54fd59e264945d2309fe2ebfb70c0fac4e,0.266701640000000000,NULL,0x,0
1,0x53f1c6a4c4ba23ee11439912e1db096b6c6aff927ff736f33f987e2f5d4ddfdd,4330758,1506958203,0x74d3644a6cfd232aba0b18e2da957ec3e1dd8347,0x5d3eaf54fd59e264945d2309fe2ebfb70c0fac4e,0.245205004468580980,NULL,0x,0
2,0x89de85514778cccb8eedd01e6a80e042a59a123cd4031a04b93bc8fbecf16916,4332347,1507006279,0x473d1540205961e5bb82f6773cb65df8acbb0196,0x5d3eaf54fd59e264945d2309fe2ebfb70c0fac4e,2.116168368000000000,NULL,0x,0
3,0x42c3accdbd32f9a14b32213aa33bab58b454a4a057ad0899babc2d1e5d35f702,4332350,1507006420,0x5d3eaf54fd59e264945d2309fe2ebfb70c0fac4e,0x473d1540205961e5bb82f6773cb65df8acbb0196,0.005000000000000000,NULL,0x,0
4,0x20de5d62d9974451d064e3a71983d4c381cfd386128a32769715e016c6bb2dab,4332375,1507007193,0x473d1540205961e5bb82f6773cb65df8acbb0196,0x5d3eaf54fd59e264945d2309fe2ebfb70c0fac4e,0.002473046000000000,NULL,0x,0
5,0x576ae4182f6893fb3b3c89fd05caaea7641885b0f8338350db4c3474904e50b8,4333839,1507051621,0x5d3eaf54fd59e264945d2309fe2ebfb70c0fac4e,0x3241e5e4e75ab8a04dfbd02cfbbe615674e6e7e4,0.050000000000000000,NULL,0x,0
6,0xdfa742d7b1f18c1002005365c0a30934369bf72165203d5868a5533ce9e608df,4333864,1507052325,0x3241e5e4e75ab8a04dfbd02cfbbe615674e6e7e4,0x5d3eaf54fd59e264945d2309fe2ebfb70c0fac4e,0.048542768000000000,NULL,0x,0
7,0x42a3b2d30e2bdf1b7b321be369e537ae4f03eeac8d7ba9e9bdd19a7d3483dc2e,4333918,1507053928,0x7877a43a8f9e08cb578fccccc3826b77287581c3,0x5d3eaf54fd59e264945d2309fe2ebfb70c0fac4e,1.027615701000010000,NULL,0x,0
8,0x84a84d146cfda5a4303dc76c75fc002c65e730d7b0652b1ae790d221f48a82e7,4335087,1507088831,0x5d3eaf54fd59e264945d2309fe2ebfb70c0fac4e,0x0d8e45ab0fbeedbbb6acd71cb2de8f275bc6ae38,0.005000000000000000,NULL,0x,0
9,0xe504c241bb09e7291231a9ffb73270bdf0c53326de7fc943dbb1d2b8f961f201,4335110,1507089726,0x0d8e45ab0fbeedbbb6acd71cb2de8f275bc6ae38,0x5d3eaf54fd59e264945d2309fe2ebfb70c0fac4e,0.004162832000000000,NULL,0x,0
10,0x2649bd69c516ca320cde9ed2f439e869c2ae8673ad5dc03ceddae62ce444802d,4335110,1507089726,0x5d3eaf54fd59e264945d2309fe2ebfb70c0fac4e,0x1864910f08b579b1b4b540d44fd1562647cc3c42,0.005000000000000000,NULL,0x,0
11,0xca2c1855e2e71a592fabf08dd3536324efac5d507793806bf3c5067a075c6b75,4335433,1507100016,0x73e8076e51c10dc873166bb7c4fb337c218ac2b1,0x5d3eaf54fd59e264945d2309fe2ebfb70c0fac4e,4.250000000000000000,NULL,0x,0
12,0xd93e5d94d991474dc111899277eaa06c49bb927d3ce13c4e71ba8f4a7483f0cf,4336290,1507125191,0x3d2a20c8191413d722ea1af68bbb0b56ed510e1c,0x5d3eaf54fd59e264945d2309fe2ebfb70c0fac4e,0.550000000000000000,NULL,0x,0
13,0x9030966bc57c552be8cc8b2bc8cbeb98dae63f9a961dccbfc3cbe126e674c6e2,4336306,1507125506,0x3d2a20c8191413d722ea1af68bbb0b56ed510e1c,0x5d3eaf54fd59e264945d2309fe2ebfb70c0fac4e,0.002121609000000000,NULL,0x,0
14,0xb536753cfec79ac0649186e6cb565264f1e469fbb3abddf13cf7903267674f53,4337918,1507173775,0xa48d1b277b080fb60dfbd0d3be6c35f0ffec03e0,0x5d3eaf54fd59e264945d2309fe2ebfb70c0fac4e,0.300000000000000000,NULL,0x,0
15,0xb92e2a65f7a09ab86193cb1c1cd3c3c9934109b85247120070c1f6eefc25a052,4338205,1507181830,0xe40fa83da834e505db1ec8a09f3131dc07bd4465,0x5d3eaf54fd59e264945d2309fe2ebfb70c0fac4e,2.000000000000000000,NULL,0x,0
16,0x8d55e9255b24a21bcc31dfadcd1a786f07f9d62665af1c11fef5da07d28ebf01,4338259,1507183347,0xe40fa83da834e505db1ec8a09f3131dc07bd4465,0x5d3eaf54fd59e264945d2309fe2ebfb70c0fac4e,0.010981756000000000,NULL,0x,0
17,0x9f0a1c83b58cf208ee1a4780ba64f20a6724ad0a6e155b6bad3ed1a9a8be27ff,4338366,1507186350,0x9377a8f835859d87a990369c3437200ca3642e49,0x5d3eaf54fd59e264945d2309fe2ebfb70c0fac4e,0.212181325978898616,NULL,0x,0
18,0x442191e876f0f57b695e01ad3d19d48865f10168b30cda53722de86c4e7a1887,4338380,1507186685,0x78e87cf074e31158f0d4a0d3d05e7ee7645dadea,0x5d3eaf54fd59e264945d2309fe2ebfb70c0fac4e,0.400484238000000000,NULL,0x,0
19,0x4cc75070cfe80f1488dec27ed17cb5d7442ddde6c8bec96a62309539da7f14ec,4342689,1507315607,0x5d3eaf54fd59e264945d2309fe2ebfb70c0fac4e,0x8fac29d06b477f961de4a0282940171e24871a07,0.005000000000000000,NULL,0x,0
20,0x89d38d19da06985034d4896363af8b6c0488f19fafae44d7b4fa50fcb9046b28,4342720,1507316657,0x8fac29d06b477f961de4a0282940171e24871a07,0x5d3eaf54fd59e264945d2309fe2ebfb70c0fac4e,0.003431048000000000,NULL,0x,0
21,0xa5837eb32ac7be05eb627fb3232f59148b6839a73fd402998ebe05db4544d64b,4342788,1507319057,0x2f3cc22fa677287b8cb7d7ee41c45be7eb2233e3,0x5d3eaf54fd59e264945d2309fe2ebfb70c0fac4e,0.006642740000000000,NULL,0x,0
22,0xf59485acfd52a0d395ab1b16379fd02a372957785a299058af625f48f03c8594,4343894,1507352129,0xb992b02d672cc3c14e13fc0f6eb73e7d772882d8,0x5d3eaf54fd59e264945d2309fe2ebfb70c0fac4e,0.028652156000000000,NULL,0x,0
23,0xaec909d71ded80699b2741fb03bc3f2773e4e319957f35d5b34162be408754b3,4356403,1507726915,0x458341f6e0e1f926abff3f93bced131597008906,0x5d3eaf54fd59e264945d2309fe2ebfb70c0fac4e,0.414213916000000000,NULL,0x,0
0,0xd20bd760f4a74a3628b0d7abc841d47728435adce3e896aebb62161bf7f288aa,4714364,1513000152,0xc9f797dde181539d58fee31826a0508a1fa2a889,0x5d3eaf54fd59e264945d2309fe2ebfb70c0fac4e,0.000414748768819940,NULL,NULL,0
1,0xbb4932bf5f00697e5c1e3e4275b511a70c5ea1a783c0859ba870965858ed8a18,4751220,1513554989,0x0697463ede65247b355a1bff7c6f9c7bd688f6db,0x5d3eaf54fd59e264945d2309fe2ebfb70c0fac4e,0.000404906531667765,NULL,NULL,0
24,0x9d442a9cf4a9f391f6418843cc3515ee7a477a679e9d6c73bd7026f16d4b92cf,4794108,1514199745,0x5d3eaf54fd59e264945d2309fe2ebfb70c0fac4e,0xb666d982def980b53130ebe016a3b0b10df9efa9,11.700000000000000000,NULL,0x,0
2,0x191849da37ab5576c0b300efbee29a4a037bfde47436f0fe7c70df8d46ed1844,4799927,1514283132,0xccc3f86cb7029815ba7fc789a2f4da02ca223658,0x5d3eaf54fd59e264945d2309fe2ebfb70c0fac4e,0.000274539809938506,NULL,NULL,0
25,0x8f8fd2f78284038db89b627b62f9de8bd1ea215d536d6450c0d3e58e1717989e,4807148,1514387457,0x5d3eaf54fd59e264945d2309fe2ebfb70c0fac4e,0x29d75277ac7f0335b2165d0895e8725cbf658d73,0E-18,NULL,0xa9059cbb000000000000000000000000a60b0d8b7c71e6b8db5d02a1d8874a09399f49730000000000000000000000000000000000000000000000000000003cabf26983,0
26,0xbe6c256e897171d7dd84157ff78ed640e381196330d208066d3d83815ce01315,4807149,1514387464,0x5d3eaf54fd59e264945d2309fe2ebfb70c0fac4e,0x65292eeadf1426cd2df1c4793a3d7519f253913b,0E-18,NULL,0xa9059cbb000000000000000000000000a60b0d8b7c71e6b8db5d02a1d8874a09399f49730000000000000000000000000000000000000000000000a68b743790f028a000,0
27,0x0c88ad842d8b746177aead4ecb3b510369693122e32aaa8f84abebb5169adcd5,4807150,1514387477,0x5d3eaf54fd59e264945d2309fe2ebfb70c0fac4e,0x93e682107d1e9defb0b5ee701c71707a4b2e46bc,0E-18,NULL,0xa9059cbb000000000000000000000000a60b0d8b7c71e6b8db5d02a1d8874a09399f497300000000000000000000000000000000000000000000000000000055560a8470,0
28,0xf2b74139c12021adb483f61e409ca8b4794f96e647085aea93db2221025d2b09,4807152,1514387514,0x5d3eaf54fd59e264945d2309fe2ebfb70c0fac4e,0x8f3470a7388c05ee4e7af3d01d8c722b0ff52374,0E-18,NULL,0xa9059cbb000000000000000000000000a60b0d8b7c71e6b8db5d02a1d8874a09399f4973000000000000000000000000000000000000000000000000682d426152ed5888,0
29,0xd0ca747fb3ee5747ff9de2239a1ac8e47a7cbe125550613bba366de6049c60b8,4807156,1514387557,0x5d3eaf54fd59e264945d2309fe2ebfb70c0fac4e,0xab95e915c123fded5bdfb6325e35ef5515f1ea69,0E-18,NULL,0xa9059cbb000000000000000000000000a60b0d8b7c71e6b8db5d02a1d8874a09399f4973000000000000000000000000000000000000000000000027a250902911bf7dc4,0
30,0xe6d94e3270879fb781f70da52b539232d11ecb2985af87d921c315e0ddb8bf68,4807157,1514387567,0x5d3eaf54fd59e264945d2309fe2ebfb70c0fac4e,0x7f1e2c7d6a69bf34824d72c53b4550e895c0d8c2,0E-18,NULL,0xa9059cbb000000000000000000000000a60b0d8b7c71e6b8db5d02a1d8874a09399f4973000000000000000000000000000000000000000000000000000000263f922998,0
31,0x7d97f8f77bc31ed00f91b108a8686276ccdac6ef93ad6e952aad21237f870549,4807158,1514387571,0x5d3eaf54fd59e264945d2309fe2ebfb70c0fac4e,0xeb7c20027172e5d143fb030d50f91cece2d1485d,0E-18,NULL,0xa9059cbb000000000000000000000000a60b0d8b7c71e6b8db5d02a1d8874a09399f497300000000000000000000000000000000000000000000000000000039360c5de0,0
32,0xf6d6c580940c3e3825aac7b5314ab4aa9f8ecfe857ffd2ad30a05fa6f5772166,4807167,1514387719,0x5d3eaf54fd59e264945d2309fe2ebfb70c0fac4e,0xe2f45f1660dc99daf3bd06f637ab1e4debc15bde,0E-18,NULL,0xa9059cbb000000000000000000000000a60b0d8b7c71e6b8db5d02a1d8874a09399f497300000000000000000000000000000000000000000000000000000000f7b5263c,0
33,0xe65106f28ce5eb6e34e432ccf977b83f215100df5c5745c88787eeb721286f39,4807169,1514387738,0x5d3eaf54fd59e264945d2309fe2ebfb70c0fac4e,0xd26114cd6ee289accf82350c8d8487fedb8a0c07,0E-18,NULL,0xa9059cbb000000000000000000000000a60b0d8b7c71e6b8db5d02a1d8874a09399f497300000000000000000000000000000000000000000000000017fb209bc3af0577,0
34,0xd213df4c1625d7155ae7d718b22d2bec49c2889bdb10080671cad54930b91b59,4807171,1514387776,0x5d3eaf54fd59e264945d2309fe2ebfb70c0fac4e,0x519475b31653e46d20cd09f9fdcf3b12bdacb4f5,0E-18,NULL,0xa9059cbb000000000000000000000000a60b0d8b7c71e6b8db5d02a1d8874a09399f497300000000000000000000000000000000000000000000000cd0143b23d0bd1cb0,0
35,0xd7de7f61ccdfea07d15713fdd95216501270dc04fd59bead8649dd94a7f5cbb5,4807183,1514388021,0x5d3eaf54fd59e264945d2309fe2ebfb70c0fac4e,0xdf6ef343350780bf8c3410bf062e0c015b1dd671,0E-18,NULL,0xa9059cbb000000000000000000000000a60b0d8b7c71e6b8db5d02a1d8874a09399f497300000000000000000000000000000000000000000000000000000073b40bfdd8,0
36,0x9d9cfcb091a04074549523fcc689490a7e74ab1b42fece992722a35d7dfc75f5,4807185,1514388047,0x5d3eaf54fd59e264945d2309fe2ebfb70c0fac4e,0x12480e24eb5bec1a9d4369cab6a80cad3c0a377a,0E-18,NULL,0xa9059cbb000000000000000000000000a60b0d8b7c71e6b8db5d02a1d8874a09399f4973000000000000000000000000000000000000000000000000000000000000a122,0
37,0x24162d444d9f3f8a795aca252cff627e74e682baa80e83f695e5a8f27b174f3b,4807185,1514388047,0x5d3eaf54fd59e264945d2309fe2ebfb70c0fac4e,0x4355fc160f74328f9b383df2ec589bb3dfd82ba0,0E-18,NULL,0xa9059cbb000000000000000000000000a60b0d8b7c71e6b8db5d02a1d8874a09399f497300000000000000000000000000000000000000000000046d198550752ed80000,0
38,0xe18cdbc93f7b195938973f2238e18dd6f6d5307fd6d02803d8174759b9524060,4807187,1514388076,0x5d3eaf54fd59e264945d2309fe2ebfb70c0fac4e,0xdd6c68bb32462e01705011a4e2ad1a60740f217f,0E-18,NULL,0xa9059cbb000000000000000000000000a60b0d8b7c71e6b8db5d02a1d8874a09399f49730000000000000000000000000000000000000000000000000ac32a8201abab00,0
39,0x026c24ce2575f4acc182d1f4524b13123ef2fb418e730d96d4e2579609863a24,4807193,1514388135,0x5d3eaf54fd59e264945d2309fe2ebfb70c0fac4e,0x66497a283e0a007ba3974e837784c6ae323447de,0E-18,NULL,0xa9059cbb000000000000000000000000a60b0d8b7c71e6b8db5d02a1d8874a09399f4973000000000000000000000000000000000000000000000878678326eac9000000,0
40,0x1821f64c2aafbc1145df44ed4de6a5484c44b930cf8320fe0e81f384b5dbdfe6,4807199,1514388229,0x5d3eaf54fd59e264945d2309fe2ebfb70c0fac4e,0xac3da587eac229c9896d919abc235ca4fd7f72c1,0E-18,NULL,0xa9059cbb000000000000000000000000a60b0d8b7c71e6b8db5d02a1d8874a09399f497300000000000000000000000000000000000000000000000000000000000030d4,0
41,0xcdb62add267690bd390fccea8130122449d8d82255ae0143046ed8b6aceb3455,4807199,1514388229,0x5d3eaf54fd59e264945d2309fe2ebfb70c0fac4e,0x3a26746ddb79b1b8e4450e3f4ffe3285a307387e,0E-18,NULL,0xa9059cbb000000000000000000000000a60b0d8b7c71e6b8db5d02a1d8874a09399f497300000000000000000000000000000000000000000000000000000010c388d000,0
42,0x3747aa50956e68266dcf41f564fef8604706d4799954e1dc9b1a0e124f5d8136,4807199,1514388229,0x5d3eaf54fd59e264945d2309fe2ebfb70c0fac4e,0x5e4abe6419650ca839ce5bb7db422b881a6064bb,0E-18,NULL,0xa9059cbb000000000000000000000000a60b0d8b7c71e6b8db5d02a1d8874a09399f4973000000000000000000000000000000000000000000000063f73221db7b540000,0
43,0x58eca7e23b959ffa260f43142a1ee7fff0d2b7f28423d4975e6d37095e7481e4,4807212,1514388363,0x5d3eaf54fd59e264945d2309fe2ebfb70c0fac4e,0xa60b0d8b7c71e6b8db5d02a1d8874a09399f4973,0.114105394557915807,NULL,0x,0
