,TxHash,BlockHeight,TimeStamp,From,To,Value,ContractAddress,Input,isError
0,0xc557ea4a3c7456bc31d7025450e80e4167c10a21167064f2daa53d9f5de57f03,5175167,1519877335,0xe3e4ede2c1c424d2edb49da1b5d159c677f05141,0x60b4f817be376ae618d66303c28ee240422fb23a,0.488000000000000000,NULL,0x,0
1,0x6e25554745feb24e075b326e45104a1e2f531d1cd2f59f112da1ca955c103920,5175216,1519878077,0xd71b51c5e511c673e7a9d6fd670060cd7999893a,0x60b4f817be376ae618d66303c28ee240422fb23a,0.500000000000000000,NULL,0x,0
2,0xeae9a27551157fd6476cc4e857c94261370bfb816bea618a5d201a93fe1c191b,5175229,1519878285,0x51ae8fd6ae2c6dbf3256f4a17c5cafa1894c4207,0x60b4f817be376ae618d66303c28ee240422fb23a,0.100000000000000000,NULL,0x,0
3,0xcf73bf0bd757b5a7a2f40faaea4766098da9a764c0806244709cfc4897928b92,5175282,1519879072,0x5d9431fcd504d116ba2e636a1e0c364ce874b0c0,0x60b4f817be376ae618d66303c28ee240422fb23a,0.500000000000000000,NULL,0x,0
4,0x06529feccd55fc5fa70d4c27cf098951440393695207fcc8ddc63eb77b774817,5175305,1519879490,0x6d615c98739c7a15de12bfc3e9821a45c4563cd1,0x60b4f817be376ae618d66303c28ee240422fb23a,1.171747120000000000,NULL,0x,0
5,0x673cc6d4130f74d457f8635304d16817fb4edf36f1d313c2f3d22ddc4fb0c2c6,5175384,1519880702,0x267be1c1d684f78cb4f6a176c4911b741e4ffdc0,0x60b4f817be376ae618d66303c28ee240422fb23a,1.895000000000000000,NULL,0x,0
6,0x8458cac20d06234563ce65d08331398afcb4bfd128dd6bdfe74b9ec979d151a9,5175402,1519881003,0x716d7c434ebb4d60da20d680e9f9b32926a8aa0d,0x60b4f817be376ae618d66303c28ee240422fb23a,0.431356090000000000,NULL,0x,0
7,0x27cf86d548726d31c67b560c6e8f9c8b2158e313ab296ae844577f99769b665a,5175444,1519881651,0x8ee32a2545d1c308e49df4d0ccac25a7929990bd,0x60b4f817be376ae618d66303c28ee240422fb23a,3.263247540000000000,NULL,0x,0
8,0x915f542cafeaa0ebc7fc72839b97b2211fbc2bbeaf25952b9cea3ac91f93eb1d,5175468,1519881976,0x35f3a7401d6dc08026b58d0d9be096da440c707b,0x60b4f817be376ae618d66303c28ee240422fb23a,0.010493640000000000,NULL,0x,0
9,0x1b85476da08fad1b088955d741314f74d3e2f4100af564d1e93ced781fdb57c7,5175468,1519881976,0xf0fdeb0f73078260a2fc5838925e76261a7dbf6b,0x60b4f817be376ae618d66303c28ee240422fb23a,1.267480260000000000,NULL,0x,0
10,0x84ca700429d42cbbb89865f1841d61a7f99aa4d931538885404aad4f2bc92775,5175515,1519882625,0x390de26d772d2e2005c6d1d24afc902bae37a4bb,0x60b4f817be376ae618d66303c28ee240422fb23a,1.000000000000000000,NULL,0x,0
11,0xce0d19df443b44a19c9af633d4a94433a41cf26420d02e2b35d7eab8a63d6f00,5175542,1519882986,0x4a580396ba0f5f09b8a9291d52fd4ed4750f25cb,0x60b4f817be376ae618d66303c28ee240422fb23a,0.400000000000000000,NULL,0x,0
12,0x2260047db39fd5e515607b76cc31bff8f3c6a20e78c7cf530e0519744d5d952b,5175673,1519884780,0x9c854c516e9b00f229826337fc0cc3ec105f1558,0x60b4f817be376ae618d66303c28ee240422fb23a,0.017000000000000000,NULL,0x,0
13,0xcb41afd6618d9de5456d1e60a287f2f509723172096e25d5bbdb9119e93d057b,5175844,1519887259,0x7a5858069f3d1c18cc92b3eb94e277466c2df954,0x60b4f817be376ae618d66303c28ee240422fb23a,0.100000000000000000,NULL,0x,0
14,0x962b06e45fa0f64bcb0268f269dc8a1f5cae9ca16f8d14721e491d5a6f7fb251,5175878,1519887842,0x1672983a7cf6b1bdc88b6d4af0efc001923d5fbe,0x60b4f817be376ae618d66303c28ee240422fb23a,3.000000000000000000,NULL,0x,0
15,0x1c85eacb8df96d7f29a3e0e08d7380cbb3d18eee7c19eb8825533fad492590de,5175883,1519887923,0x1672983a7cf6b1bdc88b6d4af0efc001923d5fbe,0x60b4f817be376ae618d66303c28ee240422fb23a,1.000000000000000000,NULL,0x,0
16,0x8b948947a3eb702936bb7937dc82aedb466d5f5c21bcb45a2bdff481f40d6481,5175888,1519888041,0x75e7f640bf6968b6f32c47a3cd82c3c2c9dcae68,0x60b4f817be376ae618d66303c28ee240422fb23a,0.100000000000000000,NULL,0x,0
17,0xb3b1976f6c3a7f71277cbcfd60bc0e93d90669aaa9fad77f8e90c6b794caeaba,5175907,1519888302,0xf8dd3b838d56b0abddc90c781a0d72906ca5e285,0x60b4f817be376ae618d66303c28ee240422fb23a,0.040759600000000000,NULL,0x,0
18,0xf2195edb2ac3e4610b91b44b7462670e45aad5bac169f851ae9ab0872b3eb758,5175940,1519888967,0x839d11e26c3dfd4c4ac5ac215d8c0685ac90458b,0x60b4f817be376ae618d66303c28ee240422fb23a,0.450000000000000000,NULL,0x,0
19,0x781603b901283a187bd24f24f592f1fe1b2613037a7a60f9824c13eb14d589d7,5175941,1519888984,0xdade5a30c89dfd8d9ee3c37974712de304b3ff2f,0x60b4f817be376ae618d66303c28ee240422fb23a,1.023000000000000000,NULL,0x,0
20,0xb61dd07466a55c8c5d14aafedc66d727df6f6350684dbb00d8236fd3799b1595,5175971,1519889398,0xf646cbe3b030fb6c2569215f0117dba58badb95e,0x60b4f817be376ae618d66303c28ee240422fb23a,0.400000000000000000,NULL,0x,0
21,0xf97b9f845e0c3f5ffdb4ba8af337ee0e75947805ae98cae22c9ed6702463cc38,5175986,1519889677,0x390de26d772d2e2005c6d1d24afc902bae37a4bb,0x60b4f817be376ae618d66303c28ee240422fb23a,0.200000000000000000,NULL,0x,0
22,0x1ae597a8f0f3fe25ee2e38ec4f0a6619715e29b31771ce4b66a597f84e8adfe6,5175986,1519889677,0x267be1c1d684f78cb4f6a176c4911b741e4ffdc0,0x60b4f817be376ae618d66303c28ee240422fb23a,0.595000000000000000,NULL,0x,0
23,0x0c9282a37f15c0372e97d11f91723276048ead7d9bf0e1e6cc507f78dcb1397f,5175992,1519889833,0x9a1b592a59717245893e077ece90d62598222d87,0x60b4f817be376ae618d66303c28ee240422fb23a,0.500000000000000000,NULL,0x,0
24,0xd97db11f9c232cea730b57785a0117c054bee2b1c15279e9bec6e8a0e889dd3f,5176033,1519890413,0x024580b0794eca0b58a192a6f857456afb3a85c8,0x60b4f817be376ae618d66303c28ee240422fb23a,1.000000000000000000,NULL,0x,0
25,0x5c3443d8e19736cf2a5df3486aa7ac1e5cf77e7616316df70ece73961c1ce603,5176069,1519890847,0x19ad9cbe47482ecc7a5dbff813f61070325399c7,0x60b4f817be376ae618d66303c28ee240422fb23a,0.599811000000000000,NULL,0x,0
26,0x98813b56829573c26313f31f92145f82cd5d121f0e7e1e3d8bdaf2700c5d11f2,5176112,1519891468,0x240e54c6e532de07e4c35162e233a39a9c81d78e,0x60b4f817be376ae618d66303c28ee240422fb23a,0.150000000000000000,NULL,0x,0
27,0xf74824bafe5f9dcc0dc17db3e43204ff9d7f41dc8c05d97fc3332dcc338ad145,5176205,1519892920,0x2d37e1fb2f37ac918d94a72ce0f4acbd1dd0ec06,0x60b4f817be376ae618d66303c28ee240422fb23a,0.100000000000000000,NULL,0x,0
28,0x990ca0b9e9d6e2583174b902e1855e6077b10414139af5934c23a583a76051af,5176241,1519893424,0x4262efe3f096951b8f2d890f05f5f5f5a0574c72,0x60b4f817be376ae618d66303c28ee240422fb23a,0.459451130000000000,NULL,0x,0
29,0x0f7149914758648359d999f36c62cabdff65884c7b6afbc55bdd9f69e48bf40e,5176367,1519895093,0xfbb1b73c4f0bda4f67dca266ce6ef42f520fbb98,0x60b4f817be376ae618d66303c28ee240422fb23a,0.124000000000000000,NULL,0x,0
30,0x4594457438a138537b3b6c5ed22949036ddf383285852a17d8d5d89841034922,5176576,1519898312,0xf159ce2144fd71b2d455d17bb3d9ea9edf297e90,0x60b4f817be376ae618d66303c28ee240422fb23a,0.500000000000000000,NULL,0x,0
31,0xfc5170e73fa40f405514c3f28e624bf62982b305ce66b9e6941726a6926ef3cb,5177429,1519910900,0xac69f35fba5281a48246a062fce75372144867be,0x60b4f817be376ae618d66303c28ee240422fb23a,0.800000000000000000,NULL,0x,0
32,0x8649475917b35a0bd8d4719474bf962956f597c05b6e456d5e3d8530f69547a2,5177518,1519912129,0x48f149d5f467dca36ae5433d526a647314c4c882,0x60b4f817be376ae618d66303c28ee240422fb23a,0.310000000000000000,NULL,0x,0
33,0x115d133903022740dfddee59a1c99a3b3bc3cc5d224c411f3064b69d75f6c501,5177904,1519918035,0x1c0d39bb7511653bd2ebea5b4d85608a908ed9f7,0x60b4f817be376ae618d66303c28ee240422fb23a,0.099781600000000000,NULL,0x,0
34,0xb3166135d3e5a2dc331b68f7922acb271de2e50125d505a1fb88bddcb5e5a952,5178099,1519920904,0x0d8945737224fd193ef73782d101886b7dc35f74,0x60b4f817be376ae618d66303c28ee240422fb23a,0.500000000000000000,NULL,0x,0
35,0xc957bb5133326e76aa0ae4f79985e27da097e2494ddb4244981ef027a0dd23f3,5178537,1519927390,0x30b08c69a63850134b2511c6a9a865539b213272,0x60b4f817be376ae618d66303c28ee240422fb23a,0.400000000000000000,NULL,0x,0
36,0xbef37526f1ba7702365a8c48ee97dcbd17b4f47deba09096fcc1f8d0991410d4,5179054,1519934902,0xe58aaaa1c028076e3a93a7f9284a1f7e2d77aacf,0x60b4f817be376ae618d66303c28ee240422fb23a,2.819553230000000000,NULL,0x,0
37,0x65f93725384da2d44481ce1bba51a32ce7f12c082f3cb82d33be220db59ef121,5179216,1519937288,0x44630e62cd6a5e915dac6829bab09002097019dc,0x60b4f817be376ae618d66303c28ee240422fb23a,0.400000000000000000,NULL,0x,0
38,0x30e42138a8ea6729b2c97a2fa927dab9092103ecf5f007ea0f01bae511736d4a,5179791,1519945830,0xa1fabef0aa5f540d4db42d714e180444871c2f5b,0x60b4f817be376ae618d66303c28ee240422fb23a,0.100000000000000000,NULL,0x,0
39,0xfc3435c41a5bc07810c3313a3e8c12caa1129e0a66a1ae776116bd65954769f4,5179811,1519946158,0xa1fabef0aa5f540d4db42d714e180444871c2f5b,0x60b4f817be376ae618d66303c28ee240422fb23a,0.100000000000000000,NULL,0x,0
40,0x3671c93462c52739d10060c530f3f5277e0050d5b8e7cdbb60519763498a1fdb,5179817,1519946249,0xa1fabef0aa5f540d4db42d714e180444871c2f5b,0x60b4f817be376ae618d66303c28ee240422fb23a,0.100000000000000000,NULL,0x,0
41,0x9d116de0c26d6f8228e13001af1004a359e778c1e43c44e686075531b006329c,5179947,1519947862,0x1c4feee83ee3f176a5e6231a5879d4780780504e,0x60b4f817be376ae618d66303c28ee240422fb23a,0.020000000000000000,NULL,0x,0
42,0xbdb133ee9eca8b207ecb083d556830c56653ac2714cc9b1fd9ce9dcf60f35b8e,5180099,1519950268,0x349b0d2c6b9981bf437c816cd0e8e51ba2262b1f,0x60b4f817be376ae618d66303c28ee240422fb23a,0.110907300000000000,NULL,0x,0
43,0xfaa7500d22a6765da8d891464835181a357885a5c6f6b1a4937b72f0aed574bf,5180618,1519957387,0x93af6a125789986068287dae9a18cf690506cf43,0x60b4f817be376ae618d66303c28ee240422fb23a,0.022961000000000000,NULL,0x,0
44,0xdfc29ec7d5c6e93ce7606519a3a45a05e0174ba80736aa9322b2798533995a59,5181378,1519969341,0x2b5634c42055806a59e9107ed44d43c426e58258,0x60b4f817be376ae618d66303c28ee240422fb23a,0.520665000000000000,NULL,0x,0
45,0x682d8fbb5fa91302bd467192552be5832dbde35ceebd30e5917f7cf46beb681e,5182034,1519979390,0xfbb1b73c4f0bda4f67dca266ce6ef42f520fbb98,0x60b4f817be376ae618d66303c28ee240422fb23a,0.994000000000000000,NULL,0x,0
46,0x3fd10854ffa67cf81703ce51cfa40d45891cb643ff6f31aa401aad7ecc8ca625,5183391,1519998848,0x3671a3e172244a17e0c580b28475ee9c7c6696ed,0x60b4f817be376ae618d66303c28ee240422fb23a,0.115942030000000000,NULL,0x,0
47,0xb64551f21b0ff464fa1dabcde6b9e51dfffaa5b1d054c52414038f806c92a412,5222902,1520576984,0x60b4f817be376ae618d66303c28ee240422fb23a,0x9699430fb727815cb5e0f59e34fbb7ab378d5e07,8.000000000000000000,NULL,0x,0
48,0x369674a6862b7960aea0996b87cce2ce94ed628157fbdf70a0bafb61e928052b,5222910,1520577112,0x60b4f817be376ae618d66303c28ee240422fb23a,0x9699430fb727815cb5e0f59e34fbb7ab378d5e07,20.799526540000000000,NULL,0x,0
