,TxHash,BlockHeight,TimeStamp,From,To,Value,ContractAddress,Input,isError
0,0xaf0a0785e002355e2218e4bfab2b778ea8d6658123dcad4a22bca4baa3cd2381,5869989,1530203041,0x1bd4d7e19cbba8901e1daa943c7f6f1bc7f003ab,0x61cbef9db89e5d397bdde7ff9095bede35d4eeb5,0.500000000000000000,NULL,0x,0
1,0xbef60f2d647162c855f89abbbdc91c79fa472a5542969685a06883f4fe42ba86,5872966,1530247092,0x29d5527caa78f1946a409fa6acaf14a0a4a0274b,0x61cbef9db89e5d397bdde7ff9095bede35d4eeb5,0.014350000000000000,NULL,0x,0
2,0x50a209712705accbca9986ef18b176d344aaf82bd2ebe9a8aa1b0da294d5755b,5873157,1530249940,0x416299aade6443e6f6e8ab67126e65a7f606eef5,0x61cbef9db89e5d397bdde7ff9095bede35d4eeb5,0.016508000000000000,NULL,0x,0
3,0x24d46d5af779001eaea0b09da3b950b777536f7d1bddff544d761604373e8ffc,5881369,1530372214,0x09613d52dcd73af0abcec4c22dbccddf152da665,0x61cbef9db89e5d397bdde7ff9095bede35d4eeb5,0.000400000000000000,NULL,0x,0
4,0xf7d6a84d2e7d2b68510d2cdfff50a2d0d5f47b6bf7ed244c52da42e0dce576b2,5881909,1530380290,0x61cbef9db89e5d397bdde7ff9095bede35d4eeb5,0x09613d52dcd73af0abcec4c22dbccddf152da665,0.004000000000000000,NULL,0x,0
5,0x7a1a307061864f19bf6cb1c2b671bae3cae57c6b282e67e395c5d58f47efd5a6,5887351,1530461062,0x0681d8db095565fe8a346fa0277bffde9c0edbbf,0x61cbef9db89e5d397bdde7ff9095bede35d4eeb5,0.569590970000000000,NULL,0x,0
6,0xd62d31788eee0c83c05056a3e9ba3269f2e468177eaf656e01aad9dfc3637844,5907126,1530752023,0x3a1f210ecb64e15e4afa2dd4566f9628e5e957ad,0x61cbef9db89e5d397bdde7ff9095bede35d4eeb5,0.002000000000000000,NULL,0x,0
7,0x41f14b132d18014214d27d383df2a96e84c7307d92a82ea888176fe66c3c906d,5921926,1530971622,0x224b9f4666472682f3e805f4dc1e0fc39b7b96fb,0x61cbef9db89e5d397bdde7ff9095bede35d4eeb5,1.000000000000000000,NULL,0x,0
8,0xa26a929f425b7a1610a194a8059de244d0d1a1f891eddf5027e76213465e3ae3,5923918,1531001106,0x24fae9fc7089c6994426b4cf3e27cd57066bd5ac,0x61cbef9db89e5d397bdde7ff9095bede35d4eeb5,1.000000000000000000,NULL,0x,0
9,0x925dc8589032b7f69c4bd4d98679c9919b388683acc458f074750a490b76c12c,5934635,1531162103,0x224b9f4666472682f3e805f4dc1e0fc39b7b96fb,0x61cbef9db89e5d397bdde7ff9095bede35d4eeb5,2.000000000000000000,NULL,0x,0
10,0x0f8e4e49b06ba385db6e407fc78fe0bc67776b88f13af25412122bcd9f2ac7e9,5940405,1531247637,0xee8117daf433bf26424bad028b3606d943397d2f,0x61cbef9db89e5d397bdde7ff9095bede35d4eeb5,0.500000000000000000,NULL,0x,0
11,0x2b998716137ed0ec705bc8119871fdb4deef7fa53bbae6f5e849ff9b6a78b298,5940573,1531250072,0x2b9e2062e1aa0dee9ff561f195b18d93731efd05,0x61cbef9db89e5d397bdde7ff9095bede35d4eeb5,0.001000000000000000,NULL,0x,0
12,0xbe62d72b2a1922c31b45e899039d4b623399c312cddf6067f5903cad4c937740,5943620,1531296150,0x224b9f4666472682f3e805f4dc1e0fc39b7b96fb,0x61cbef9db89e5d397bdde7ff9095bede35d4eeb5,4.497820500000000000,NULL,0x,0
13,0xbc46e6295d2972aa034ab1f067fff5fae65367e0691e94bf99bf9143fc09d75f,5943652,1531296631,0x61cbef9db89e5d397bdde7ff9095bede35d4eeb5,0xcf8eb9ed443b63916e58cb26ae9320ec59f5258e,1.000000000000000000,NULL,0x,0
14,0x9fe17306e8311cfd09a36559a576207bc58e49cd900a742b1f9cd7b5b69bd01e,5947992,1531358595,0xd551234ae421e3bcba99a0da6d736074f22192ff,0x61cbef9db89e5d397bdde7ff9095bede35d4eeb5,8.383470730000000000,NULL,0x,0
15,0xecf0683575a68f1ca15e0e648871bf5ac51d7f7bf2c6b98e4eb0dba9ff5cfbfa,5962980,1531574231,0x61cbef9db89e5d397bdde7ff9095bede35d4eeb5,0xcd520357d39997ed089bce8950653071a1c6afc3,0.360000000000000000,NULL,0x,0
16,0x5dd612d8bd37673322b6fe520e38fa514f078356fbfdbfa4a91f83dd618578a9,5963799,1531586079,0x61cbef9db89e5d397bdde7ff9095bede35d4eeb5,0x682c697edac3e2ddc0d8fbd2166ab8cd97db3c2b,0.217200000000000000,NULL,0x,0
17,0xd850b21188ac11641a85af41a7aa9d8689bd9c76eb75a2426287ef582cc2ed84,5969703,1531671162,0x61cbef9db89e5d397bdde7ff9095bede35d4eeb5,0x048b3faeac2525e59597b98f6f63937f7815cd81,1.000000000000000000,NULL,0x,0
18,0x0e0f076d0146faadc92d84b05668298ca9d24c587f646cdd5986b564fdd185a7,5970793,1531687062,0x61cbef9db89e5d397bdde7ff9095bede35d4eeb5,0x9844f5c5f9aa7146a74ffc7b9227742acfa71dea,0.500000000000000000,NULL,0x,0
19,0x82914fae46325c3c2dda7a44c09826a867536ad8c67111e8b2d258858c94104f,5970810,1531687281,0x61cbef9db89e5d397bdde7ff9095bede35d4eeb5,0x9844f5c5f9aa7146a74ffc7b9227742acfa71dea,1.000000000000000000,NULL,0x,0
20,0x93a8c652b14c2d97118411cc066d7bde5712809508d1232f0d48fad97b1bf67c,5976669,1531773211,0x61cbef9db89e5d397bdde7ff9095bede35d4eeb5,0x9844f5c5f9aa7146a74ffc7b9227742acfa71dea,0.500000000000000000,NULL,0x,0
21,0xdb6e0a92d79d4768dcec0aa008f05139f54981567eed18964a1d3c21617d9511,5976675,1531773328,0x61cbef9db89e5d397bdde7ff9095bede35d4eeb5,0x9844f5c5f9aa7146a74ffc7b9227742acfa71dea,1.000000000000000000,NULL,0x,0
22,0xfec6517dfbeef1de472d17fb736c4795cc5bba83c409722e7ea826f534cc6882,5986398,1531917455,0x9844f5c5f9aa7146a74ffc7b9227742acfa71dea,0x61cbef9db89e5d397bdde7ff9095bede35d4eeb5,4.144047000000000000,NULL,0x,0
23,0x5ee8c6b851aef8073e1b5afc2aa98bc6166bb2fc3071f677d28732fa79d3ddf7,5986439,1531918131,0x61cbef9db89e5d397bdde7ff9095bede35d4eeb5,0x396229c961db3de17118c432d8057e20c0fd9303,0.380000000000000000,NULL,0x,0
24,0xab0642f89a7977f3a35583cd510b9c08843014e05c5810de9c35facbd06847c5,5986512,1531919033,0x61cbef9db89e5d397bdde7ff9095bede35d4eeb5,0xe5800a8c8b6d8618024e5969677b0a5a7b644877,16.647974200000000000,NULL,0x,0
25,0x9944b0793a565f5d679e3322d1a2f1fd4fecc86bb87cfc481742d06c78d83e0c,6028617,1532538579,0x4227ebb759024b7c4f71eb1c21e8ea87ce123f10,0x61cbef9db89e5d397bdde7ff9095bede35d4eeb5,0.010000000000000000,NULL,0x,0
26,0xa73e52632bfb44ba1343a80e08d31f6fb587c8b28390b443d262736958acfecb,6028632,1532538740,0x61cbef9db89e5d397bdde7ff9095bede35d4eeb5,0x5af2be193a6abca9c8817001f45744777db30756,0E-18,NULL,0xa9059cbb0000000000000000000000004227ebb759024b7c4f71eb1c21e8ea87ce123f1000000000000000000000000000000000000000000000000000000000ee6b2800,0
27,0xf3575a0d415e95f3ade2da91e4eaca9005fe8e46d01601ab02ba2dd5f9a44a90,6028643,1532538859,0x61cbef9db89e5d397bdde7ff9095bede35d4eeb5,0x4227ebb759024b7c4f71eb1c21e8ea87ce123f10,0.007610848000000000,NULL,0x,0
28,0xcb1dfbb6e5389ff71061177397f581bc3c11ac96044f81c6d12a70448a7f8b9c,6073558,1533192855,0xcc77f08393e6c6f2e282b1637279bb81b552bd78,0x61cbef9db89e5d397bdde7ff9095bede35d4eeb5,0.004139730000000000,NULL,0x,0
29,0x8923922a87004d2c26ae8e557a1de2661a37c3facaed5b4cdde487f139e1bf3e,6112994,1533768196,0xd33577609f71eeb9e72b8b077590f50f9cbbce0a,0x61cbef9db89e5d397bdde7ff9095bede35d4eeb5,0.500000000000000000,NULL,0x,0
30,0x287dd6eeb65b750d04ba30c1c41098bf4a8798245981206adc5bd460fd65766d,6132279,1534050115,0x61cbef9db89e5d397bdde7ff9095bede35d4eeb5,0x2694982d1e097e9eaada44daaadf7a4f666491a2,0.503278730000000000,NULL,0x,0
31,0x54a181caf94841ee96701259dfb6768e86a613dea5d78724455c9cb7db951384,6180892,1534761096,0xd33577609f71eeb9e72b8b077590f50f9cbbce0a,0x61cbef9db89e5d397bdde7ff9095bede35d4eeb5,0.500000000000000000,NULL,0x,0
32,0xf0de4ca6f058ba4eb29a6ab1a5724651c290c1a29a1267566849a9ef7198fa53,6199392,1535030710,0x61cbef9db89e5d397bdde7ff9095bede35d4eeb5,0x2694982d1e097e9eaada44daaadf7a4f666491a2,0.499139000000000000,NULL,0x,0
33,0xd6280deae76d2c4d685fdcb895014a25e2e62e4f6898750ba8c19a2ac96a1524,6222403,1535366180,0xb01cb49fe0d6d6e47edf3a072d15dfe73155331c,0x61cbef9db89e5d397bdde7ff9095bede35d4eeb5,0.350000000000000000,NULL,0x,0
34,0xfbc80f13b3181a5d7c7fb78546e5bc92324b985ff859c3522e5892a9a6352c75,6240800,1535635408,0x61cbef9db89e5d397bdde7ff9095bede35d4eeb5,0x2694982d1e097e9eaada44daaadf7a4f666491a2,0.349139000000000000,NULL,0x,0
