,TxHash,BlockHeight,TimeStamp,From,To,Value,ContractAddress,Input,isError
0,0x69b66e4c987477331b8c01377941d2bef66a5f5065d2e474868ca3f1dbc8975a,5835481,1529689337,0x33e4baa0aaff393b736297bb695066a7f991693b,0x61aa0c0a553f7dbc061b587720227f62bbc2fd4a,0.009790000000000000,NULL,0x,0
1,0x7ffad790c8092b5ae5c535b3295ddb0d72a8742361969629d42eaf3c41fc10ed,5846524,1529851259,0xc0df3db9f93b09cc64f276510a563c6844a304d2,0x61aa0c0a553f7dbc061b587720227f62bbc2fd4a,0.000599000000000000,NULL,0x,0
2,0x44e345b7327b2e396f8650fa44d525c83d5263146bff7dba011164a293fba91f,5983987,1531881400,0x61aa0c0a553f7dbc061b587720227f62bbc2fd4a,0xc56377502240cb942cd7cd5df621f32c6e4dcf48,0.010305000000000000,NULL,0x,0
3,0x9ddc5743184f2d51e1956a55c1d57b59abcb48fe2e2e701c37a804f1f175fe6d,6113951,1533782084,0x9f909ad288b03f5a1439ad1246ad79803a36eb23,0x61aa0c0a553f7dbc061b587720227f62bbc2fd4a,0.000549780000000000,NULL,0x,0
4,0xef0f4167ba6afedaf651ff324a0a1d3660e7905a2f4fd23b29146c0fa598f88d,6156800,1534408669,0x61aa0c0a553f7dbc061b587720227f62bbc2fd4a,0xf1def7f0e620f39531eb352fe13da6825218e7df,0E-18,NULL,0x,0
5,0x2f8487d71c0339742698b11a212114fb31e38871e2d0e603c583e7fab2d143cc,6158711,1534436356,0x61aa0c0a553f7dbc061b587720227f62bbc2fd4a,0x0cfda67b0067f1a99deb1cb80e0273a3f26d317c,0E-18,NULL,0x,0
6,0x00d3bbac822a3d77ac835e4e6dfda59f7b2e6afed10ed89f30cbb9898c19642c,6495717,1539270879,0x13098fdefba2129b8873bcff5c9ce2de1cf7f32f,0x61aa0c0a553f7dbc061b587720227f62bbc2fd4a,0.000616709000000000,NULL,0x,0
