,TxHash,BlockHeight,TimeStamp,From,To,Value,ContractAddress,Input,isError
0,0x713ff25f636da711fd0f59340f74966c5610d0b6ccf431c200528ab38c45d335,6128513,1533994669,0x0681d8db095565fe8a346fa0277bffde9c0edbbf,0x63f32b8ec6e4dea892149834a7b8d7c9e67b4a0a,0.690000000000000000,NULL,0x,0
1,0xe7edf8dd202d094d582055f1a7db5dd3f237e478830f642cedd3c6adeebd8f61,6128534,1533994943,0x308262d195a1758e30b0c4ea4704885d81653324,0x63f32b8ec6e4dea892149834a7b8d7c9e67b4a0a,1.140000000000000000,NULL,0x,0
2,0x38a5f030b3d4654b9326a4073e73ee9c86f36bbd1e9de46c5c8075f626ca4b11,6130014,1534016415,0x63a6aaa34bc53bba7086d3bf3e9fd041631ae845,0x63f32b8ec6e4dea892149834a7b8d7c9e67b4a0a,2.000000000000000000,NULL,0x,0
3,0x71586bd6fd187ffefc4edc7dc8480a6b04e9a69cb02af65ae834615d885920f2,6130319,1534020942,0x78314b0d5c23b09f279b9273ba2be51ca5243105,0x63f32b8ec6e4dea892149834a7b8d7c9e67b4a0a,2.710000000000000000,NULL,0x,0
4,0x473d142cf33dddb08ecaa100ca836b5a39cd866e967307b8c8bc64b24cebb88d,6130839,1534028264,0xa61429209493f0b07307adf5af50534edc07edc9,0x63f32b8ec6e4dea892149834a7b8d7c9e67b4a0a,1.200000000000000000,NULL,0x,0
5,0xb5235b9ff2e2f2a5efaac896a27388b70df55d17b961039fe884eb5da5fe9f03,6398566,1537902603,0x63f32b8ec6e4dea892149834a7b8d7c9e67b4a0a,0x47b6b634cf4f43e98ba48e9cab8bced1e0e5114d,7.739139000000000000,NULL,0x,0
