,TxHash,BlockHeight,TimeStamp,From,To,Value,ContractAddress,Input,isError
0,0xc76a7218547fbff874721aca09e437dbc5e662b7247889ce65947028a73e73e8,5642273,1526760447,0xfbb1b73c4f0bda4f67dca266ce6ef42f520fbb98,0x64b212d2fe54db498df6099e5a9afa8298068f89,0.994000000000000000,NULL,0x,0
1,0x1f2aa9474415a2667f1551c56fe62e614fb70f7142da0f4fa6a25cbc1e8e165f,5645111,1526803647,0x3f5ce5fbfe3e9af3971dd833d26ba9b5c936f0be,0x64b212d2fe54db498df6099e5a9afa8298068f89,0.614708200000000000,NULL,0x,0
2,0xbf273fe2ec76e39905d72286f7a3221f5a50675f22c460b9f2d053ee1730001b,5645178,1526804770,0xd551234ae421e3bcba99a0da6d736074f22192ff,0x64b212d2fe54db498df6099e5a9afa8298068f89,1.225812240000000000,NULL,0x,0
3,0xcced3cbaf7af10279405d60e674e73228dac386c12892c9abab1d8dcbb471773,5645212,1526805239,0x32be343b94f860124dc4fee278fdcbd38c102d88,0x64b212d2fe54db498df6099e5a9afa8298068f89,1.698913660000000000,NULL,0x,0
4,0x65d90ec795928d62e5868c376c60b45ba0524cd8dde164919702c487b51f2809,5645239,1526805590,0xd551234ae421e3bcba99a0da6d736074f22192ff,0x64b212d2fe54db498df6099e5a9afa8298068f89,7.049962310000000000,NULL,0x,0
5,0x39322d40d16a2272f494408c64e7af0730cfcddfd0f31b50c9121e234be94eac,5645390,1526807841,0xfbb1b73c4f0bda4f67dca266ce6ef42f520fbb98,0x64b212d2fe54db498df6099e5a9afa8298068f89,7.994000000000000000,NULL,0x,0
6,0xafd5f294f3cf478d6dcbf9cdceacc31256bdb97183e6bdda957eb539d13fb118,5657486,1526992356,0x64b212d2fe54db498df6099e5a9afa8298068f89,0x0da459b78e93d2b6b85248f4e3f788466082d84f,9.067396400000000000,NULL,0x,0
7,0x764cfe095c19855763ac44e67c0eb986e5f42bb8cb3599f1ca5cf0a02d6d6fca,5663690,1527088419,0x64b212d2fe54db498df6099e5a9afa8298068f89,0x6f152673acda4dee308748e7f2219efed2f3691e,10.508139010000000000,NULL,0x,0
