,TxHash,BlockHeight,TimeStamp,From,To,Value,ContractAddress,Input,isError
0,0x57f98944813f1ef98343dc055cfd8f261e1765e886f4c0417de1b26d8b07b682,5841725,1529781031,0xaa4ce0ee491ad9d85f4417e6d1a48e8a0cc8dd91,0x6668bd45b15e2775f03e738ef6257637a9745287,0.999000000000000000,NULL,0x,0
1,0xbd4f7e8424cdb52c5c67e015c8fffe238fa5719ccc2b6624eb735a0345c4ea88,5848325,1529877430,0x5baeac0a0417a05733884852aa068b706967e790,0x6668bd45b15e2775f03e738ef6257637a9745287,1.502273260000000000,NULL,0x,0
2,0xce308853bc5113a2eecbf3591a861ad8ad589391a94d646c06a109862abc4f40,5848733,1529883429,0x80d942c9c53dfad057dc530138fc991b5a54f4d5,0x6668bd45b15e2775f03e738ef6257637a9745287,0.540536220000000000,NULL,0x,0
3,0xc2ad5406465a0f14d46c3cda5f4242e4863f786bd23f3d571ee4bb7669f7759e,5848795,1529884203,0x5d0c1c07ad1fde4e360cb00750f0f46dd9dbf50f,0x6668bd45b15e2775f03e738ef6257637a9745287,0.600000000000000000,NULL,0x,0
4,0x9845ccbfd1b61739b4c56e6734b42a0ae22c9b65cd6b5767ed0c0ff9d08f8ac4,5849289,1529891021,0xcff9c6c04861f228451955ed6e446456fc0a3aac,0x6668bd45b15e2775f03e738ef6257637a9745287,1.000000000000000000,NULL,0x,0
5,0x9ddeb33b8e21affc7b088f89f9fdd4410e0f17d531de0bf5db8a977847ea3c5e,5849347,1529891798,0x4cfd92a0c566b4be15511bc8fd98f0a0ee615dcd,0x6668bd45b15e2775f03e738ef6257637a9745287,0.551000000000000000,NULL,0x,0
6,0x51ddd76bb80a3b82a370f69ea227c98550382f2645495ff61e9cc52cdf4736c4,5849500,1529894183,0x32be343b94f860124dc4fee278fdcbd38c102d88,0x6668bd45b15e2775f03e738ef6257637a9745287,5.000000000000000000,NULL,0x,0
7,0x5d20fe0df50be00db96749c5cafe9a56396f1188a18d31f04ac697f363a21864,5849834,1529899675,0x72da1846c0c21d51118a4346e5873c4e3a9071bb,0x6668bd45b15e2775f03e738ef6257637a9745287,0.500000000000000000,NULL,0x,0
8,0x3d058ec7a20564f82364966a2667807ce59472459e0155f65b7ea4fa7e34f6b4,5850118,1529904231,0xfbb1b73c4f0bda4f67dca266ce6ef42f520fbb98,0x6668bd45b15e2775f03e738ef6257637a9745287,0.594000000000000000,NULL,0x,0
9,0xf3bac833d8173fefdba40ea8f7a047e35dbd2d21f63e30e89972d1665fde6e0a,5851173,1529920997,0x22946aaeec029bf7b2ccc9fc9cfaded7ad00878e,0x6668bd45b15e2775f03e738ef6257637a9745287,0.520000000000000000,NULL,0x,0
10,0xdc87ec762146ff8751b75541bf91bc6b0c7fb6b595821776bd4060b348a65833,5851629,1529927956,0x3f5ce5fbfe3e9af3971dd833d26ba9b5c936f0be,0x6668bd45b15e2775f03e738ef6257637a9745287,0.500000000000000000,NULL,0x,0
