,TxHash,BlockHeight,TimeStamp,From,To,Value,ContractAddress,Input,isError
0,0xbdce48bba80b4373c158a662440105b834db1768d46bbefa82cb936050dd0713,5343495,1522334407,0x1522900b6dafac587d499a862861c0869be6e428,0x679c34c26e7841b9fc0ce0ff40579219ee3a1ed6,1.100000000000000000,NULL,NULL,0
0,0xf13cc05b9aa05afbfa60bc0e2bc51a7420fdfefa8ccc14c1f258f25a23f6f2e1,5343634,1522336293,0x51836a753e344257b361519e948ffcaf5fb8d521,0x679c34c26e7841b9fc0ce0ff40579219ee3a1ed6,1.053241570000000000,NULL,0x,0
1,0x96f4878e59d1de2a149eb1305ef2e04b53d0efa08f04ca882ceb9ba27f71e231,5343911,1522340410,0x3e08d82bd1ae1a883fb51b643bfa22ecc5e9c9d7,0x679c34c26e7841b9fc0ce0ff40579219ee3a1ed6,0.500100000000000000,NULL,0x,0
2,0x851417b85640cfbdf68605db267630116d4e335e734922793f394cc20de13212,5344587,1522350067,0x7499df08533c0619151943bc40ebed14be1f0e6c,0x679c34c26e7841b9fc0ce0ff40579219ee3a1ed6,0.500150000000000000,NULL,0x,0
3,0x87e5a025e72cc4fabc727919c4be895029ea4d84bd197bd507d39d95ba0884ee,5345389,1522361878,0xdbafe35b32a037e4854ab192a9552cfc14d6ce0d,0x679c34c26e7841b9fc0ce0ff40579219ee3a1ed6,1.247991685429947600,NULL,0x,0
4,0xfc8eaf3d2c7c2ba9dd56f3850d7a65a2c1de93a71a3b07a524219799bd21976e,5348788,1522411591,0x416299aade6443e6f6e8ab67126e65a7f606eef5,0x679c34c26e7841b9fc0ce0ff40579219ee3a1ed6,1.000000000000000000,NULL,0x,0
5,0x267f7aa0ec7b5900054a753e930ea6392fb45b4585c334ec40a9575f387514c0,5348820,1522412087,0x0fe62ad771bba8645b3cf49cbc070f660251d9de,0x679c34c26e7841b9fc0ce0ff40579219ee3a1ed6,0.500000000000000000,NULL,0x,0
6,0x4af9072b6fc115d7bc9f64b3b671ae788766a47ced56b4f037aff6478f36b306,5350325,1522433916,0x091acd7fcfb1e74020bb442473d4ca96541e9555,0x679c34c26e7841b9fc0ce0ff40579219ee3a1ed6,0.500000000000000000,NULL,0x,0
7,0x8fdd12dc39605894d7efa31cf6b5a44cb259a30307a72b2effa2fa44539b5633,5350438,1522435491,0x6c0cf82c1c7585d23dc1c874230502650ced5f67,0x679c34c26e7841b9fc0ce0ff40579219ee3a1ed6,0.881337580000000000,NULL,0x,0
8,0x696de1a69e54354b290e8f5ad1b411c18cb5169a04f373a7d239e07a3bdf5005,5353336,1522477943,0x3f5ce5fbfe3e9af3971dd833d26ba9b5c936f0be,0x679c34c26e7841b9fc0ce0ff40579219ee3a1ed6,0.990000000000000000,NULL,0x,0
9,0x7427273729f2f746a9abe92e8f68d0fc236be213c5dc08ea8c096d4161a12c9a,5355434,1522507212,0xb03ae967908438b6cbafa2bb54f0ca91af5c024e,0x679c34c26e7841b9fc0ce0ff40579219ee3a1ed6,0.500000000000000000,NULL,0x,0
10,0xff9f5dba157e163c14221b1bc815dfe2984f3f9ca8dd373e5eea3b10e07e67b8,5355878,1522513670,0x31c54aed24e86dcf92a2b0e2efdbd609ceda7b36,0x679c34c26e7841b9fc0ce0ff40579219ee3a1ed6,0.512701500000000000,NULL,0x,0
11,0x1efcde147f5dfb15029a87e2eb4f6be9ffdf6b059b1365cc63599737f3fb10c6,5356557,1522523313,0x17ba1841dc8bdc6068f815d9828cb8f534644b37,0x679c34c26e7841b9fc0ce0ff40579219ee3a1ed6,0.585708770000000000,NULL,0x,0
12,0x0060e161c7bbd704efc8cf072d87ed259a5cee8142bf333dc747b6d68f8b2bef,5357571,1522538015,0xff39e0ad9c78f1c88cd5b2eacce6afcea43ff4b0,0x679c34c26e7841b9fc0ce0ff40579219ee3a1ed6,0.010000000000000000,NULL,0x,0
13,0x8574bd747be7e678dac2144e6d8de4aa9654f9a1b88e0123881b697bfb6e0a7c,5373854,1522770531,0x3f5ce5fbfe3e9af3971dd833d26ba9b5c936f0be,0x679c34c26e7841b9fc0ce0ff40579219ee3a1ed6,0.989265000000000000,NULL,0x,0
14,0x6e2fac2df55a1d357f7cc739005729cbc7d9a645bc36bbfa3dbb6c5a7c84e1c8,5373903,1522771275,0x3f5ce5fbfe3e9af3971dd833d26ba9b5c936f0be,0x679c34c26e7841b9fc0ce0ff40579219ee3a1ed6,0.500000000000000000,NULL,0x,0
15,0x08524adbe33cce4284f35f408fd7b807c6307d6244917786af663160da37785a,5376043,1522801874,0x1595c383f52e474b28b5e6b4b8f72e92c1461474,0x679c34c26e7841b9fc0ce0ff40579219ee3a1ed6,0.500000000000000000,NULL,0x,0
16,0xf199a8d4d1f7a6f86c6b14eb63df7b2df6b99b4a5d238e8f6a7cb9e11de36b45,5389951,1523000903,0x4578a6932054c861599fa6a73c8818275f6cf468,0x679c34c26e7841b9fc0ce0ff40579219ee3a1ed6,0.500000000000000000,NULL,0x,0
17,0x13076f88eac4c533e632b8f17b22d7a59170dfc458ba1cdca2d1950f94756e2d,5542007,1525241714,0x679c34c26e7841b9fc0ce0ff40579219ee3a1ed6,0xc6d4b9953421edab8362c41e7cf1d1966cbdaf9c,12.370076105429947600,NULL,0x,0
