,TxHash,BlockHeight,TimeStamp,From,To,Value,ContractAddress,Input,isError
0,0x9cf7b461d0641ead27a141786d6b29fca5067e058de425582891652c10ee0881,6157643,1534420839,0x312363620c748a825a8e319a5d8adb7591ccd7e6,0x6896cf29fffc1736192fa41b4adfee42f7663db5,0.120000000000000000,NULL,0x,0
1,0xb220823047d6b58e33b3008121c9356c87b7abd60aa891a1d79f1a3f600fe7bb,6157658,1534420969,0xd551234ae421e3bcba99a0da6d736074f22192ff,0x6896cf29fffc1736192fa41b4adfee42f7663db5,0.732937560000000000,NULL,0x,0
2,0xb3a633b65abe5d17d226dcdf2af2d3fade8ecc80e3f40504eaa9f6f2ca87817c,6157701,1534421557,0x32be343b94f860124dc4fee278fdcbd38c102d88,0x6896cf29fffc1736192fa41b4adfee42f7663db5,0.696000000000000000,NULL,0x,0
3,0x0a3fab641c9585a18513578575549cafeff6cd20474dab55b601c6f54b3d5d05,6157770,1534422642,0x0c157a873a43025259a1af1630e2f38bfca9aadd,0x6896cf29fffc1736192fa41b4adfee42f7663db5,1.000000000000000000,NULL,0x,0
4,0xc9dd8555faee69dc9ad8c134ad0a389e2637d862f1b0303c735395a3db327b70,6157826,1534423447,0x3f5ce5fbfe3e9af3971dd833d26ba9b5c936f0be,0x6896cf29fffc1736192fa41b4adfee42f7663db5,3.912527010000000000,NULL,0x,0
5,0x50e51c7bea55ddd84729b7f1ab812734706ad7fb0c8ecb1b2109c50f96c9e315,6157833,1534423512,0xbe58ba134152cb26c93b1385acc57bdb2aab3f5f,0x6896cf29fffc1736192fa41b4adfee42f7663db5,0.005000000000000000,NULL,0x,0
6,0x44166b7076349bad14e035ac1f984e199fe0e75f3fba01afed86557880c05690,6157874,1534424159,0x05e28069162e0645732aedfcba7406656573a79f,0x6896cf29fffc1736192fa41b4adfee42f7663db5,0.500000000000000000,NULL,0x,0
0,0x777834ecb32f849999981f306c8123be27ce7d3618032e93430751ba1954d9bc,6157959,1534425303,0xd4f5bf184bebfd53ac276ec6e091d051d0ed459e,0x6896cf29fffc1736192fa41b4adfee42f7663db5,0.099000000000000000,NULL,NULL,0
7,0xe7dde6b5ebda9c0d3817b07f12fc3996fe1dd58d55f2e54e9ae168bc881d49bc,6157994,1534425690,0xc3d9c17d7f6988c0fe7ebe929c47efccbd92be13,0x6896cf29fffc1736192fa41b4adfee42f7663db5,0.600000000000000000,NULL,0x,0
8,0xbc9e9eafe1234c8d87bf9567c44d9c433769842ddc18cb46386a228eb97ad028,6158044,1534426400,0x532017b238c7baab39c6b789a27bbca687b66c7b,0x6896cf29fffc1736192fa41b4adfee42f7663db5,0.022000000000000000,NULL,0x,0
9,0x973287a3db972485d30dd8c98deff4c441720e196e145bd976e53704b1373c89,6158138,1534428061,0x3c42129ee7ef6c2561a2971850439ad2b06fb150,0x6896cf29fffc1736192fa41b4adfee42f7663db5,0.279591925784011296,NULL,0x,0
10,0xc815e791643b18e9503589a74d69fe2970f970a3fa31f262adbe505edd28d47f,6158292,1534430175,0x3c42129ee7ef6c2561a2971850439ad2b06fb150,0x6896cf29fffc1736192fa41b4adfee42f7663db5,2.000000000000000000,NULL,0x,0
11,0xd78e25b0d9d494c527a4d96f80ce6d0a84cfa88da294cd045318193ad806930b,6158309,1534430421,0x7f334061a26762ba10f77923416391dbe7ccf77b,0x6896cf29fffc1736192fa41b4adfee42f7663db5,2.010000000000000000,NULL,0x,0
12,0x16e292114a6c8025f674315b501a4f32c51715e24e4fc63e1e59b1f8c6a9164e,6158728,1534436642,0x4afe1b1857dd0ff16a4cc46f8be92ab1165e6458,0x6896cf29fffc1736192fa41b4adfee42f7663db5,0.500000000000000000,NULL,0x,0
1,0xc7c67ddf28ff58cf828c1811eb190be2e0fff185fb0ef450cb55ed57a05c4953,6158981,1534440227,0xd4f5bf184bebfd53ac276ec6e091d051d0ed459e,0x6896cf29fffc1736192fa41b4adfee42f7663db5,0.062000000000000000,NULL,NULL,0
13,0x745d3cfe66c9c0e6a56289f67b8769a7335a14c12d91861948638fd2edf6a3ac,6159142,1534442330,0x368077673c06a7c50e66af7dca076a28a2bbc022,0x6896cf29fffc1736192fa41b4adfee42f7663db5,3.000000000000000000,NULL,0x,0
14,0x7cce498153c0ec46850d13c31b42021fb54cb0716cb8158b5d5dcb69b5734ab4,6159400,1534446231,0x3f5ce5fbfe3e9af3971dd833d26ba9b5c936f0be,0x6896cf29fffc1736192fa41b4adfee42f7663db5,0.490000000000000000,NULL,0x,0
15,0x718e63e35053df1aa5acba02085d2cc9a570f219716ebd1134c887eb0e224fd1,6159583,1534448810,0x8e4d764121795932327c81a382f1a7263e03b7e3,0x6896cf29fffc1736192fa41b4adfee42f7663db5,1.000000000000000000,NULL,0x,0
2,0xe3f3cf1066f92d2b289e04d79a5dedebeffd9e30f331dc9992ed55442fc4dd8d,6159643,1534449539,0xd4f5bf184bebfd53ac276ec6e091d051d0ed459e,0x6896cf29fffc1736192fa41b4adfee42f7663db5,0.001800000000000000,NULL,NULL,0
16,0x6d3235410335b5f58a5593bef5068a3b8ff58522a490531094517c52d1b71a01,6160161,1534456870,0x0681d8db095565fe8a346fa0277bffde9c0edbbf,0x6896cf29fffc1736192fa41b4adfee42f7663db5,0.084795560000000000,NULL,0x,0
17,0x5aaeca81026e45ce4a653b5460708c7e975eebdf592211435c9af6ecc595eef9,6160289,1534458808,0x51836a753e344257b361519e948ffcaf5fb8d521,0x6896cf29fffc1736192fa41b4adfee42f7663db5,0.212667990000000000,NULL,0x,0
18,0x09f1ed7d0ee7fb04e18694a42a7a73eddaf1c3a7d8f789fc9ea444726d889372,6160388,1534460329,0x15ad76647ac43c4863f32a9989133ea49c1a9b34,0x6896cf29fffc1736192fa41b4adfee42f7663db5,10.000000000000000000,NULL,0x,0
19,0xb5d74495d4234520222ea9172be1435dcc4af425f02731834884ba04217399b1,6160761,1534465258,0x0f83e18c0fd533319c1ccfa8d2cf1ae80f1624b0,0x6896cf29fffc1736192fa41b4adfee42f7663db5,2.428000000000000000,NULL,0x,0
20,0xb6c8b5d70f886cc31fd07cc7e2cd2b09fea0fe70287f6a8bb86bbd2903a6f32e,6160774,1534465469,0x74d551632bc6c01f8393347b14c2dd11f4623bb7,0x6896cf29fffc1736192fa41b4adfee42f7663db5,0.010000000000000000,NULL,0x,0
21,0xa1365614ae2ecbf118145125123acdea04bc597fe9f93f2b1bdc8951d8aa2c31,6161523,1534476810,0xd551234ae421e3bcba99a0da6d736074f22192ff,0x6896cf29fffc1736192fa41b4adfee42f7663db5,2.394000000000000000,NULL,0x,0
22,0x42038e8ce370cc51bb1e47e63c63936f5d8e640856667556b492db551bdbb767,6166306,1534547294,0x563896c0d8a18378959d5b6b073de3dcee7807db,0x6896cf29fffc1736192fa41b4adfee42f7663db5,0.538870180000000000,NULL,0x,0
23,0xef4482031d7d1ca5f7b3dfc2867c0cf516a0521861977eb164fb927df15d7bb4,6166430,1534549144,0x6896cf29fffc1736192fa41b4adfee42f7663db5,0x09266742064f91839e3d5a6db23a3ed6a84ec733,26.500000000000000000,NULL,0x,0
24,0x2185dd67162d4c3c08266bdbc6f808bca5fef5e9a05fa38a3eaa2583a3106a9f,6168618,1534581986,0x6896cf29fffc1736192fa41b4adfee42f7663db5,0x239e18dfcbd25bc9b1bdd3acea391047b39030b7,6.150000000000000000,NULL,0x,0
