,TxHash,BlockHeight,TimeStamp,From,To,Value,ContractAddress,Input,isError
0,0xac48c5df016d6daa74b012fb6b9acb7e15f9acac60be261b9485ca0c215257fc,6289781,1536345879,0x51836a753e344257b361519e948ffcaf5fb8d521,0x684ede6645f1b71d77e0aeac519114ee8be3c410,1.001769360000000000,NULL,0x,0
1,0x0ff75a3d0c770f1fa67aaeeaa6a6a4bf1cf221cc9f9ccb24e9652b6b097a0ff9,6295158,1536423876,0xd551234ae421e3bcba99a0da6d736074f22192ff,0x684ede6645f1b71d77e0aeac519114ee8be3c410,0.590000000000000000,NULL,0x,0
2,0x164002f07538999463b3dbb104d2b20eec97716a71430b69af9d9d63dd711579,6299132,1536482756,0xebaab573e727fa3a8468cb2d35b1b3e006b00995,0x684ede6645f1b71d77e0aeac519114ee8be3c410,1.850000000000000000,NULL,0x,0
3,0x47da66eb0e41df163f86790385eaa4f4f86f4218f500afc77d184a66e8754e89,6307523,1536604288,0x684ede6645f1b71d77e0aeac519114ee8be3c410,0xe2f2feb4189a873058be210fa78ca587e665183f,3.441286360000000000,NULL,0x,0
4,0x16e7da6efda140e092c65400603c5904b70593d53eee0698c33fac654922f422,6313910,1536696334,0xb004c5788bce12add57297da15fdbfa78d0d9493,0x684ede6645f1b71d77e0aeac519114ee8be3c410,0.500000000000000000,NULL,0x,0
5,0x2b3f6c542b7f64b19e541fd9029295181488ac81103767c4a7f1a2fa46e4b539,6328860,1536909471,0x684ede6645f1b71d77e0aeac519114ee8be3c410,0x2071f18868af1e7bc53e23d369313cfd7716eecf,0.499517000000000000,NULL,0x,0
6,0x9fd7498b47cf1d8b9fd185fdfa110423e290d0df77f63327095d4ee1b53297b1,6350844,1537222799,0x9b94b8c3133662c934c4fd94c4a5229f9991f3e9,0x684ede6645f1b71d77e0aeac519114ee8be3c410,0.500000000000000000,NULL,0x,0
7,0xf30002ba207e9cd256323f425086b286468c3f4bb1fb9529f08a5083e7ea3cf3,6372146,1537528312,0x684ede6645f1b71d77e0aeac519114ee8be3c410,0x6a520abe921fbc87de02446c9ed1c95f33a97fb6,0.499517000000000000,NULL,0x,0
8,0x4794878fa655662081097b980e72ca04dfb0b20ba1bacec41cf4e6853df7f830,7440300,1553550037,0xbab1567a101cf2b63279c86f61a400b7cdb74b72,0x684ede6645f1b71d77e0aeac519114ee8be3c410,0.005848362000000000,NULL,0x,0
9,0xea4d70310e291513747b07b668f7e9a81d34e7024480ede8c9e0df1ec8d14eae,7440391,1553551414,0xf5bec430576ff1b82e44ddb5a1c93f6f9d0884f3,0x684ede6645f1b71d77e0aeac519114ee8be3c410,0.095000000000000000,NULL,0x,0
10,0xc6c7949182d6e1ee9bfd203a3e34c4b25c3a889a9124c11d88cbb0031eb02928,7440398,1553551644,0x684ede6645f1b71d77e0aeac519114ee8be3c410,0xf230b790e05390fc8295f4d3f60332c93bed42e2,0E-18,NULL,0xa9059cbb0000000000000000000000000019a4112adf56ab35ac56cd3aaaac261a07aa880000000000000000000000000000000000000000000000000000000000218608,0
11,0x7f0b1a765284fb67a8e2bf4cb6f37f6ec742541cbf2ebd2a62537c2868cfa886,7440406,1553551782,0x684ede6645f1b71d77e0aeac519114ee8be3c410,0x6c6ee5e31d828de241282b9606c8e98ea48526e2,0E-18,NULL,0xa9059cbb0000000000000000000000000019a4112adf56ab35ac56cd3aaaac261a07aa880000000000000000000000000000000000000000000044fb4867efce62918000,0
12,0xfc5c9f4f5759f2c830f47afbf00bd51c8a726dc45ed0e72ffc62807917ea78b6,7440414,1553551839,0x684ede6645f1b71d77e0aeac519114ee8be3c410,0xa15c7ebe1f07caf6bff097d8a589fb8ac49ae5b3,0E-18,NULL,0xa9059cbb0000000000000000000000000019a4112adf56ab35ac56cd3aaaac261a07aa88000000000000000000000000000000000000000000000f1d8d2d7137cb1f8000,0
13,0x4201c3a9cef23b4b57f289fcace759d50fd715dc7b8a741becac03418a2583e3,7440422,1553551955,0x684ede6645f1b71d77e0aeac519114ee8be3c410,0x0019a4112adf56ab35ac56cd3aaaac261a07aa88,0.099000000000000000,NULL,0x,0
14,0xaf17d434bd95daac0f0a2f405a99146f6f82259bacd59fb326506a20301d2206,7443720,1553596036,0xbab1567a101cf2b63279c86f61a400b7cdb74b72,0x684ede6645f1b71d77e0aeac519114ee8be3c410,0.044000000000000000,NULL,0x,0
