,TxHash,BlockHeight,TimeStamp,From,To,Value,ContractAddress,Input,isError
0,0x638a294b049f49dd0882a1118f5fe453a9a7685d7e53cf381aae45fe86df8cc2,6170968,1534616194,0x64523b0ef26418da9570851c4f4b638fa8638783,0x6b4888b308d6013407190dfeefbb4c7dc2eaa61f,0.100000000000000000,NULL,0x,0
1,0xe3d5d25121d9426666e15faf3632c4b9768241e47d20b18dda5608c0657091d5,6182369,1534783075,0xd551234ae421e3bcba99a0da6d736074f22192ff,0x6b4888b308d6013407190dfeefbb4c7dc2eaa61f,1.055684020000000000,NULL,0x,0
2,0x18f988a89adffea2fd057db882896cf58fcb2b99c53733384ef855c683c91407,6183196,1534794774,0xb2bbde55ab34d0d0d1c5ea8b26ec3c44d14a8eb9,0x6b4888b308d6013407190dfeefbb4c7dc2eaa61f,0.016300000000000000,NULL,0x,0
3,0xa6f7fff85fb487a5be31598ed00d9028d8ba7ecb999986758f2ddbcc0d09f85a,6189040,1534879247,0xe0d3bdb80700d5d10871a607181fd889a8155446,0x6b4888b308d6013407190dfeefbb4c7dc2eaa61f,0.600000000000000000,NULL,0x,0
4,0x6644e059407f45694ebf3aca1e048f8913368d05162754857dc63a1d9425e9c7,6194330,1534955916,0x6b4888b308d6013407190dfeefbb4c7dc2eaa61f,0xa01998f61c40d64ee84dfc00332511a298e4f72d,1.771501020000000000,NULL,0x,0
