,TxHash,BlockHeight,TimeStamp,From,To,Value,ContractAddress,Input,isError
0,0x773aa82a88c0be75cdd95c67d703f2247d33f9e94f041508c3c43e7d9f0719ae,5454118,1523928764,0x05734e79fa98502c08118030dc5dad0e9566f9b2,0x6c561b72f34dd3727fc1a8c22c0bfe00e5cb4bf0,0.520000000000000000,NULL,0x,0
1,0x4919591ca09c7624b1cd68b5b3a1591317343adc504f12f177b09e4d2989fe42,5454399,1523932727,0xfbb1b73c4f0bda4f67dca266ce6ef42f520fbb98,0x6c561b72f34dd3727fc1a8c22c0bfe00e5cb4bf0,0.994000000000000000,NULL,0x,0
2,0x343479c01a4644c4894672768f5028736badc959656c58b3228619fcca1c7ddc,5454484,1523933800,0xbb9c53612595b935c4e5483c41d4d05f146294cc,0x6c561b72f34dd3727fc1a8c22c0bfe00e5cb4bf0,0.701298280000000000,NULL,0x,0
3,0x37d642e910be9f0143ebf7623cf8729136d132adf354c0cc023a2e71911085ad,5454722,1523937123,0xfbb1b73c4f0bda4f67dca266ce6ef42f520fbb98,0x6c561b72f34dd3727fc1a8c22c0bfe00e5cb4bf0,0.514000000000000000,NULL,0x,0
4,0x0bb2730b5aab20ee05aaa7d82f1023615876923348e6e0101c5ca9b8fe42f810,5455073,1523942221,0xfbb1b73c4f0bda4f67dca266ce6ef42f520fbb98,0x6c561b72f34dd3727fc1a8c22c0bfe00e5cb4bf0,0.994000000000000000,NULL,0x,0
5,0xbd4ea37c8c84e3c1a632e276cab7c80c8f0fb65363d2b725a1b5a14bad23633a,5456594,1523965461,0x534f609c20b2de2d8137ec1441f87586769a7691,0x6c561b72f34dd3727fc1a8c22c0bfe00e5cb4bf0,0.531606420000000000,NULL,0x,0
6,0xef57765039c5d2d2db18dc4fcb8a49c5ceac5e23d73a8faf80cec1b7e77afad9,5456719,1523967525,0xb2ef169fb84d62140da38ae0a020cb7ed7c97410,0x6c561b72f34dd3727fc1a8c22c0bfe00e5cb4bf0,0.500000000000000000,NULL,0x,0
7,0x0d83fb11005b4ae582deb715331a1e58cf4468637bf598958c8c20d1c07c9af7,5456765,1523968238,0x6e42fea4e598059a343b50e2cc7d5ac0da3e5e1a,0x6c561b72f34dd3727fc1a8c22c0bfe00e5cb4bf0,0.550000000000000000,NULL,0x,0
8,0xc8a41752b0e9bee68c8f1ac6c0d0d3d671c6057647ea89db5171a4b211c3a75a,5456875,1523970004,0x9c5bd7e786395f063b725c2c45de157606419ec7,0x6c561b72f34dd3727fc1a8c22c0bfe00e5cb4bf0,0.500000000000000000,NULL,0x,0
9,0x9221c3a38f7b7e46233378b5a002605da817accca799791fcb6a257ced3edcaa,5457080,1523972868,0xd551234ae421e3bcba99a0da6d736074f22192ff,0x6c561b72f34dd3727fc1a8c22c0bfe00e5cb4bf0,19.970000000000000000,NULL,0x,0
10,0x058ed8f564de4d9b15d42328c1a3ca1130c1890fd262dfa387fb8c18ffa226dc,5457339,1523976786,0x0681d8db095565fe8a346fa0277bffde9c0edbbf,0x6c561b72f34dd3727fc1a8c22c0bfe00e5cb4bf0,0.913044130000000000,NULL,0x,0
11,0x6123b3897116b3f00685ddec6d8a2eafff45c7519ff4545700b09dbb4b7c1318,5457350,1523976980,0x564286362092d8e7936f0549571a803b203aaced,0x6c561b72f34dd3727fc1a8c22c0bfe00e5cb4bf0,0.892568230000000000,NULL,0x,0
12,0xd23d2574462a88bef77b18edaeb1fbaab5338c01903aa8192f56f333093c9e2b,5457397,1523977592,0x0681d8db095565fe8a346fa0277bffde9c0edbbf,0x6c561b72f34dd3727fc1a8c22c0bfe00e5cb4bf0,0.990000000000000000,NULL,0x,0
13,0x447b560cf9f100d2a75ccd6b0d65ce3a792f26a3aa5ff103ea09fcbde51d06cd,5457426,1523977939,0x5bb2164a37fb4bb52558510eb5d14525f3dfc20e,0x6c561b72f34dd3727fc1a8c22c0bfe00e5cb4bf0,0.017549820000000000,NULL,0x,0
14,0xc7ff5a8b92e1e89fbdc1d8b7bbc91442c243c2f25fc31af092b15f2d000b6f81,5457430,1523977993,0x2655b2b92e70d0bfe739ac65b4b82993c62319ae,0x6c561b72f34dd3727fc1a8c22c0bfe00e5cb4bf0,1.000000000000000000,NULL,0x,0
15,0x528d6bebe8bf7e01ca5ffe905b14d1f1cdb08f7cd7c6c5feeb0986fd9f102f29,5457434,1523978047,0x7071f121c038a98f8a7d485648a27fcd48891ba8,0x6c561b72f34dd3727fc1a8c22c0bfe00e5cb4bf0,0.508620000000000000,NULL,0x,0
16,0xad7b52e42b0ba6a5a75ea116b500fa1d8489793fb9028e56decd017d67f158a4,5457446,1523978283,0x0975ca9f986eee35f5cbba2d672ad9bc8d2a0844,0x6c561b72f34dd3727fc1a8c22c0bfe00e5cb4bf0,0.500000000000000000,NULL,0x,0
17,0xf37d58e796000884dcb73856223318c3f3d31a5702a4964a6e3ac8b2e702bb84,5457468,1523978723,0xb9ee1e551f538a464e8f8c41e9904498505b49b0,0x6c561b72f34dd3727fc1a8c22c0bfe00e5cb4bf0,0.900000000000000000,NULL,0x,0
18,0x49f15e0b293d1b4e4399c0047391451d6e518ed3db7868e46a73a92d24d255f9,5457482,1523978942,0x9bf78ffb9a9098a7571047cfa04c801d166adbd0,0x6c561b72f34dd3727fc1a8c22c0bfe00e5cb4bf0,0.800000000000000000,NULL,0x,0
19,0x3aa10dd544d08b4f8438b76fb2619755ed0e4223a59283ec7cffedfc82b8bd12,5457519,1523979430,0x22b84d5ffea8b801c0422afe752377a64aa738c2,0x6c561b72f34dd3727fc1a8c22c0bfe00e5cb4bf0,0.200000000000000000,NULL,0x,0
20,0xcb0ab95fb083528cc6abcf402e9284ef979cbf58dc2e0e3890bea35b80a8e20a,5457564,1523980150,0xf5bec430576ff1b82e44ddb5a1c93f6f9d0884f3,0x6c561b72f34dd3727fc1a8c22c0bfe00e5cb4bf0,0.495000000000000000,NULL,0x,0
21,0x2c4b1228e6d11a44a47ac90c518b302b765491c16defa7a10beba5e5486d5e10,5457594,1523980608,0x8ddaf43b1a35d580be6b0e5034f8d6d4754b00c6,0x6c561b72f34dd3727fc1a8c22c0bfe00e5cb4bf0,0.584225900000000000,NULL,0x,0
22,0x6bc60c621318477f2e8e2794d76efbf43269f4f24f3daef5abd65fbd0afc0cae,5457622,1523981108,0x3f5ce5fbfe3e9af3971dd833d26ba9b5c936f0be,0x6c561b72f34dd3727fc1a8c22c0bfe00e5cb4bf0,1.390000000000000000,NULL,0x,0
23,0xb563a516d02b2e82f8d228621e960a477657995f7d2a96d282f575ca5dc3d288,5457622,1523981108,0x3f5ce5fbfe3e9af3971dd833d26ba9b5c936f0be,0x6c561b72f34dd3727fc1a8c22c0bfe00e5cb4bf0,1.041385240000000000,NULL,0x,0
24,0x32dc655bc55f40547e3bf3608b7304995aa25b831c2b898abbb6145621820830,5457660,1523981683,0xc814884026e0aac918107f01599eabfdc65e7a2b,0x6c561b72f34dd3727fc1a8c22c0bfe00e5cb4bf0,0.500000000000000000,NULL,0x,0
25,0x7ac78afc001fd4c60668fcda8f91d384395cae1571ff7e62f7b872c9e0a326d5,5457701,1523982369,0xfbb1b73c4f0bda4f67dca266ce6ef42f520fbb98,0x6c561b72f34dd3727fc1a8c22c0bfe00e5cb4bf0,2.566485770000000000,NULL,0x,0
26,0x7cd829827188c7c4554781e8ccf3228c91efddcfecc9104a081220a4fd7045ee,5457780,1523983466,0x0681d8db095565fe8a346fa0277bffde9c0edbbf,0x6c561b72f34dd3727fc1a8c22c0bfe00e5cb4bf0,1.945350600000000000,NULL,0x,0
27,0x19dacc99d031626f71b72029c6cf76a0ab5bb8643444cf3900c5ba4345dabefc,5457800,1523983773,0x564286362092d8e7936f0549571a803b203aaced,0x6c561b72f34dd3727fc1a8c22c0bfe00e5cb4bf0,0.939080910000000000,NULL,0x,0
28,0xb2ed362aafc4a7fbb0bc8440892ac73e7e65395fc24398d0d7908bae3ef8f866,5457813,1523984045,0x0681d8db095565fe8a346fa0277bffde9c0edbbf,0x6c561b72f34dd3727fc1a8c22c0bfe00e5cb4bf0,0.518503320000000000,NULL,0x,0
29,0x20d85c4a7bc5fa0b18a242cc52ef1146869ce03307630336fa3f92de1d8723a0,5457930,1523985689,0xd551234ae421e3bcba99a0da6d736074f22192ff,0x6c561b72f34dd3727fc1a8c22c0bfe00e5cb4bf0,0.510000000000000000,NULL,0x,0
30,0xf934f7a03ef3fb45fff3f5b5e81e9e462c712d8e108bc13d33cf0cf2ae4d7bc5,5458255,1523990420,0x33f15e0153c7ec122d02613f774838f6c8a1c36d,0x6c561b72f34dd3727fc1a8c22c0bfe00e5cb4bf0,0.500000000000000000,NULL,0x,0
31,0x2e240b47fdd2e9a429da42c1a898e061e94f07f2b92a4905e7024275626788b0,5458283,1523990904,0x3f5ce5fbfe3e9af3971dd833d26ba9b5c936f0be,0x6c561b72f34dd3727fc1a8c22c0bfe00e5cb4bf0,4.990000000000000000,NULL,0x,0
32,0x3044aa2eef878808ebebc02633e17968578766c27626efe29b025cd6b298bfdc,5458379,1523992273,0x1fd6267f0d86f62d88172b998390afee2a1f54b6,0x6c561b72f34dd3727fc1a8c22c0bfe00e5cb4bf0,2.000000000000000000,NULL,0x0000000000000000000000000000000000000000,0
33,0x449bbe6c23278ea03e739710b7d585f4b5884339a09697128c1ecc9d82467e45,5458399,1523992515,0xd551234ae421e3bcba99a0da6d736074f22192ff,0x6c561b72f34dd3727fc1a8c22c0bfe00e5cb4bf0,0.562163080000000000,NULL,0x,0
34,0x8fa2fafb5a0a30cbab6d157566e0024126b51fc4bad6745b159ccbc2d03da756,5458413,1523992679,0xb5236a4c6acf5f0c8653fc6bfcd6c94a296da621,0x6c561b72f34dd3727fc1a8c22c0bfe00e5cb4bf0,1.000000000000000000,NULL,0x,0
35,0xb6ee5bacf63f4a9307d2120c1991ecda94e9ccb6b266c002971d08435afaab2f,5458436,1523993027,0xf32edbc68c2278d6219e7efa46eacc93b4735287,0x6c561b72f34dd3727fc1a8c22c0bfe00e5cb4bf0,0.500000000000000000,NULL,0x,0
36,0x274fb022ba6bb387c63ca2991995b922eaefc86e645263ef838a4afb85f6b07e,5458464,1523993393,0x3f5ce5fbfe3e9af3971dd833d26ba9b5c936f0be,0x6c561b72f34dd3727fc1a8c22c0bfe00e5cb4bf0,0.050100000000000000,NULL,0x,0
37,0xc66295d16b6b04a14c300d8d70d5f63946e5bac68f4ba72e66bc263f70f835fc,5458471,1523993528,0xdb042285e3f244f1383e5c054c50d258d8e37aae,0x6c561b72f34dd3727fc1a8c22c0bfe00e5cb4bf0,0.500000000000000000,NULL,0x,0
38,0x01114e1ce1498de2c7d05049e9b152320bcd3b6946d2ac6cd7f922f6386d7272,5458603,1523995187,0x829144b3c73716fc33763f9cd2abe52e1c802a8d,0x6c561b72f34dd3727fc1a8c22c0bfe00e5cb4bf0,0.500000000000000000,NULL,0x,0
39,0x25f4fa81ae3123995f02fb56b69b6fbaefc48acc8e55a4c1b09616ee86cfa313,5458744,1523997388,0xfbb1b73c4f0bda4f67dca266ce6ef42f520fbb98,0x6c561b72f34dd3727fc1a8c22c0bfe00e5cb4bf0,0.500000000000000000,NULL,0x,0
40,0x94240dfb625e72f6fd4ee750873d014d78f488819031f63cdb3eebe9e55e1db8,5458802,1523998236,0xfbb1b73c4f0bda4f67dca266ce6ef42f520fbb98,0x6c561b72f34dd3727fc1a8c22c0bfe00e5cb4bf0,0.994000000000000000,NULL,0x,0
41,0x5c199e1995ba762fef93aee185132bafc3e67b4b84dfa663cd88356501e32db4,5458837,1523998573,0x564286362092d8e7936f0549571a803b203aaced,0x6c561b72f34dd3727fc1a8c22c0bfe00e5cb4bf0,0.580000000000000000,NULL,0x,0
42,0xb757bd3fa16769dcb5e4cd274e2d80023f4de79a398281412a666aa949f78b16,5458845,1523998691,0xf5bec430576ff1b82e44ddb5a1c93f6f9d0884f3,0x6c561b72f34dd3727fc1a8c22c0bfe00e5cb4bf0,0.102352420000000000,NULL,0x,0
43,0x7dfe8c00580d19f20055e4016e8760daf9745cdcf3c4a0209622a8f19418cc72,5458972,1524000418,0xc5b7cba5b036a02e8ff7699f7172fd87852cedef,0x6c561b72f34dd3727fc1a8c22c0bfe00e5cb4bf0,0.500000000000000000,NULL,0x,0
44,0x9414e1e2bf7cf0bd71fae0cc5a55a82253446368557884c4ea54847cc8b2cef3,5459003,1524000892,0xfbb1b73c4f0bda4f67dca266ce6ef42f520fbb98,0x6c561b72f34dd3727fc1a8c22c0bfe00e5cb4bf0,0.500000000000000000,NULL,0x,0
45,0x487e9490217033e49bf2e0e631c5c14fa2b090347f5ff3bf205e834ab2f90800,5459017,1524001079,0x0681d8db095565fe8a346fa0277bffde9c0edbbf,0x6c561b72f34dd3727fc1a8c22c0bfe00e5cb4bf0,0.520000000000000000,NULL,0x,0
46,0x75e99a05c1d899ebd3ee833e2ccbf6f4a447387f7885d39d4f68472f296017c7,5459080,1524001983,0x14e49db799184e4ccc2732f06728c9a153011671,0x6c561b72f34dd3727fc1a8c22c0bfe00e5cb4bf0,0.600000000000000000,NULL,0x,0
47,0x6991731bf1c9223e1538feab541e839f0fa7c5c16fb34d4466415d7b1228e92d,5459088,1524002078,0xa8bd4fef3a9f6f3088ce8b93429f02b31348a59e,0x6c561b72f34dd3727fc1a8c22c0bfe00e5cb4bf0,0.001000000000000000,NULL,0x,0
48,0xe82d36a03fc13f4581536fe02124c1f11d81d8e20c549a8118098791f524bb11,5459106,1524002337,0xdd6ec9f00a15a151e8b0f582930cf850a1d075ec,0x6c561b72f34dd3727fc1a8c22c0bfe00e5cb4bf0,1.000000000000000000,NULL,0x,0
49,0x5cee23fb898975469dde45f0b9c1a95766ec7a1f866481656f7846075222b62a,5459124,1524002643,0x3787d6f1e62154d51f77a1f444cb85f43b12cc3c,0x6c561b72f34dd3727fc1a8c22c0bfe00e5cb4bf0,0.600000000000000000,NULL,0x,0
50,0x9970dbe473792fac5fb0d52a00b5c5ee2cbf1d35e8694dfec1fb0cc18a8e7f71,5459210,1524003955,0xfbb1b73c4f0bda4f67dca266ce6ef42f520fbb98,0x6c561b72f34dd3727fc1a8c22c0bfe00e5cb4bf0,0.100000000000000000,NULL,0x,0
51,0xf3b5ddb387a72a8ff088b7777e768c39d4f96d572df28a637198eae2f83b6059,5459237,1524004273,0xaef8bab068690a8fe455fa91ae1e3f4a305d0147,0x6c561b72f34dd3727fc1a8c22c0bfe00e5cb4bf0,0.600000000000000000,NULL,0x,0
52,0x07ad9e39bb134731ac20cdcacd1ce371955a1d806747b15b7af0998a1a12b060,5459292,1524005175,0x564286362092d8e7936f0549571a803b203aaced,0x6c561b72f34dd3727fc1a8c22c0bfe00e5cb4bf0,0.990000000000000000,NULL,0x,0
53,0xdb9a44c8be16d2dba9ba882f379e8826cf3aad4e5cb13aed8e7074d6c465da2f,5459335,1524005810,0x0681d8db095565fe8a346fa0277bffde9c0edbbf,0x6c561b72f34dd3727fc1a8c22c0bfe00e5cb4bf0,1.715786820000000000,NULL,0x,0
54,0x2577845c2083155ffac2341a2f6e4a91cc04351b22d59016cdd176c36f43d432,5459407,1524006718,0x7202d5104183da3d4bf8af8d66786447c6384bb9,0x6c561b72f34dd3727fc1a8c22c0bfe00e5cb4bf0,0.550000000000000000,NULL,0x,0
0,0x2fd05566a6e7bffe75b55618f161ec978e2b005245a059251100f0d8dfbddc94,5459421,1524007001,0x1522900b6dafac587d499a862861c0869be6e428,0x6c561b72f34dd3727fc1a8c22c0bfe00e5cb4bf0,0.500000000000000000,NULL,NULL,0
55,0xd808b65df8b9500fe93a200aa9ac52d693fb4569c84ba34464bda1bf234e3839,5459837,1524013017,0xfbb1b73c4f0bda4f67dca266ce6ef42f520fbb98,0x6c561b72f34dd3727fc1a8c22c0bfe00e5cb4bf0,1.000000000000000000,NULL,0x,0
56,0x0bba61ad165951d41605cfe661d85f9de26b5db4e6aa55655422741ee2eb8094,5459987,1524015281,0x3f5ce5fbfe3e9af3971dd833d26ba9b5c936f0be,0x6c561b72f34dd3727fc1a8c22c0bfe00e5cb4bf0,0.510000000000000000,NULL,0x,0
57,0xfefc042d7e1ba30a7a49ecabf77bc89fb385c5128cfebcfcf8a792d4a6e23ca8,5460051,1524016094,0x390de26d772d2e2005c6d1d24afc902bae37a4bb,0x6c561b72f34dd3727fc1a8c22c0bfe00e5cb4bf0,0.500000000000000000,NULL,0x,0
58,0xd3f24133709641335672fbf6cf511a10c0ee03d41c0f61b3ec38a61e9f5847bc,5460117,1524017075,0x390de26d772d2e2005c6d1d24afc902bae37a4bb,0x6c561b72f34dd3727fc1a8c22c0bfe00e5cb4bf0,11.000000000000000000,NULL,0x,0
59,0xd68ecb52aee375f649977501f69caa1804a13cec6d9a0e290bd1964bad90ec6f,5460132,1524017301,0x564286362092d8e7936f0549571a803b203aaced,0x6c561b72f34dd3727fc1a8c22c0bfe00e5cb4bf0,1.069289280000000000,NULL,0x,0
1,0xdd88e4f967acbc12fe6079ab6ed60b371ab9312cfaa4be5a2665a38a0c4e9982,5460144,1524017486,0xd4f5bf184bebfd53ac276ec6e091d051d0ed459e,0x6c561b72f34dd3727fc1a8c22c0bfe00e5cb4bf0,0.500000000000000000,NULL,NULL,0
60,0x5c065fd532731b6ba36a42e7b67c906fae53aa9e30610b11f8429161a4117f23,5460233,1524018756,0x3f5ce5fbfe3e9af3971dd833d26ba9b5c936f0be,0x6c561b72f34dd3727fc1a8c22c0bfe00e5cb4bf0,0.491170770000000000,NULL,0x,0
61,0xce91b317c5bbdbbb0298e390696d6c8054ee4d663eaf991db855a19f64788309,5460251,1524019131,0xfd0658dc9c3ae4c98abc4ab1300241936f488fb4,0x6c561b72f34dd3727fc1a8c22c0bfe00e5cb4bf0,0.001000000000000000,NULL,0x,0
62,0xdf7e0605d10055729442457c50a674b6d41d3e5a55780647cdd7cf2e62e427ae,5460282,1524019491,0xfd0658dc9c3ae4c98abc4ab1300241936f488fb4,0x6c561b72f34dd3727fc1a8c22c0bfe00e5cb4bf0,0.002000000000000000,NULL,0x,0
63,0x9a69dba2f8d6c84d0bd11dbc8f0385a0a01099ed46022528ada7f055465493c3,5460309,1524019783,0xfbb1b73c4f0bda4f67dca266ce6ef42f520fbb98,0x6c561b72f34dd3727fc1a8c22c0bfe00e5cb4bf0,0.500000000000000000,NULL,0x,0
64,0xa8872795c6c2ef70a7e989d046eec3c935b2c87b0601efe996914a2c896c3d09,5460465,1524022094,0xbd9477144bb8ce56fa33fdd4881037750187e51b,0x6c561b72f34dd3727fc1a8c22c0bfe00e5cb4bf0,2.250000000000000000,NULL,0x,0
65,0x19b32e5ef3e89be62976189cc497bf358463a00cf006e9464e5bf76634149a6f,5460834,1524027779,0x564286362092d8e7936f0549571a803b203aaced,0x6c561b72f34dd3727fc1a8c22c0bfe00e5cb4bf0,0.490000000000000000,NULL,0x,0
66,0xb8f3e3bac8fe503373ae2fc72dcdbdb6a9bc0ae9f2c3dfb7c3e16a2ce760d831,5461153,1524032881,0xd59e2efdebbc91e580c63c16222e9475e5e70c68,0x6c561b72f34dd3727fc1a8c22c0bfe00e5cb4bf0,0.500000000000000000,NULL,0x,0
67,0xe894bac10bf54ecc18f9e17f6b668125e6f473bff3f4430784afdfbab4802126,5461192,1524033398,0x564286362092d8e7936f0549571a803b203aaced,0x6c561b72f34dd3727fc1a8c22c0bfe00e5cb4bf0,0.590000000000000000,NULL,0x,0
68,0xcf043fb194b8d43b03289decb684e2689f0cd30ce0bc3f84901820029ba19da9,5461280,1524034850,0x422f4f9791b58213d33735635eecf3609cfa9050,0x6c561b72f34dd3727fc1a8c22c0bfe00e5cb4bf0,0.500000000000000000,NULL,0x,0
69,0x47faa9763f8911fbbdc2c6e916916288148c972d419c0ff8bc2e09957bbd383d,5461754,1524042343,0x6cf9d07d8e24c86bbcadb4ceddadbb19884430bb,0x6c561b72f34dd3727fc1a8c22c0bfe00e5cb4bf0,1.500000000000000000,NULL,0x,0
70,0x9b75bc16fe7fa827a2ef852b142ec037f7edb99090eece5a488ef5bdb18dbb19,5462095,1524047036,0x6c561b72f34dd3727fc1a8c22c0bfe00e5cb4bf0,0x74de117d3b6052fd667d8387b3855b913f4e969a,85.344530990000000000,NULL,0x,0
