,TxHash,BlockHeight,TimeStamp,From,To,Value,ContractAddress,Input,isError
0,0x5fd9fa18bbc00afc85dda5c975cec7f16ad44916ba6ed3d4d7ba25ffcf40555c,6455090,1538702085,0x84edf7e23ffb010fe02481dc247d966102c2c59a,0x73328f4f21693c22ffb2009125f6e4906af76af8,0.009438900000000000,NULL,0x,0
1,0xd7e46ebe9ffc41d452fdc216cd4b8584e8ffef9e829fe572a1ec74bc67eafd6b,6455093,1538702136,0x5aad1e298a00a7a8673979c1864508d3fe95394e,0x73328f4f21693c22ffb2009125f6e4906af76af8,0.001260480000000000,NULL,0x,0
2,0xb700ce1583a9fa69ffd709d527a2f8ba4115584b2af5393c25584e81cb1feb76,6455199,1538703538,0xca547d0e7211aa10f88548c0c64b299caf9b0cd5,0x73328f4f21693c22ffb2009125f6e4906af76af8,0.653852940000000000,NULL,0x,0
3,0x259db8c98ad972fc25a043f5017b0ae943def68c87d80d95ab87267979f44278,6455724,1538710995,0xa7719dd06008f588bb0b642d1896376764b6d92e,0x73328f4f21693c22ffb2009125f6e4906af76af8,4.800000000000000000,NULL,0x,0
