,TxHash,BlockHeight,TimeStamp,From,To,Value,ContractAddress,Input,isError
0,0x5e3fd42be270d175544305f02751a371139f5b9cc91d0756df0c4208fffab5e5,6040458,1532712844,0xd551234ae421e3bcba99a0da6d736074f22192ff,0x74dde07c099e4f017e95e30d0235ada70c7f126f,0.493869380000000000,NULL,0x,0
1,0x5ae897ac1fc7c5d79225df4a3ae32e827162d0d97203e6d178e9c2b61280779f,6043313,1532753669,0xa95350d70b18fa29f6b5eb8d627ceeeee499340d,0x74dde07c099e4f017e95e30d0235ada70c7f126f,0.170000000000000000,NULL,0x,0
2,0xe4c77b031c965bc180e0480e07dcf3a79e06020e144764aaa2cba24aed9be9a6,6044387,1532768921,0x74dde07c099e4f017e95e30d0235ada70c7f126f,0x68aacf41fa22ecd5ca0bb102da46b0f503e2e168,0.663386380000000000,NULL,0x,0
3,0x4643677e411de83a64b15bd2bf9bf05a6a43607035d6717dad4f202ddec2769a,6045189,1532780906,0x564286362092d8e7936f0549571a803b203aaced,0x74dde07c099e4f017e95e30d0235ada70c7f126f,0.989843680000000000,NULL,0x,0
4,0xabef7c2517e0f0abb6901ce65645fe7f9b56cf8adedc5746be527fc290033ef0,6046916,1532806246,0x74dde07c099e4f017e95e30d0235ada70c7f126f,0x68aacf41fa22ecd5ca0bb102da46b0f503e2e168,0.989360680000000000,NULL,0x,0
