,TxHash,BlockHeight,TimeStamp,From,To,Value,ContractAddress,Input,isError
0,0xe38421d0b7247a38552b17495f49db8eb3ccfe7e69be17b8dfdc9d4e9205493a,6317165,1536742839,0xd010930c2507af3b9b35c4fae136784281c6833e,0x759c2d713f89fef9b73418d4db7cda16f2bc8c26,2.600000000000000000,NULL,0x,0
1,0x3d8da1499bb29a91d6351cf4154f5c05ccba3327e664135955b5babd85b9a52b,6317168,1536742913,0x759c2d713f89fef9b73418d4db7cda16f2bc8c26,0x78d60c8ff9ab728fedd8b3eaa39520247662f4f9,2.123488750000000000,NULL,0x,0
2,0x030f7b0da48484ae5325c9e4c20eb6a4c2418bacfc066e5cdbe36c05a2e907cf,6321171,1536799712,0x759c2d713f89fef9b73418d4db7cda16f2bc8c26,0xe505ad6a560b0a2fec70d58d89d6e99538cbc5f7,0.475409260000000000,NULL,0x,0
3,0x0600660c17bbe116cf800727d893da7a8ffda7d2564236f97531e0442fde912a,6325161,1536857117,0xe4b3dd9839ed1780351dc5412925cf05f07a1939,0x759c2d713f89fef9b73418d4db7cda16f2bc8c26,1.040000000000000000,NULL,0x,0
4,0x91e9360b96aaf26ba64e2d86ffc14177c654df17215601e44ed61a94ca7ef48c,6325169,1536857250,0x759c2d713f89fef9b73418d4db7cda16f2bc8c26,0xb90a8fbb93d1900980ae8eafb3367128682d4d63,1.032565210000000000,NULL,0x,0
5,0xd967dd73a3946b9a06a8890385f0892000cc7d09601ad85d807dca2c8ea07c7d,6329215,1536914675,0xe3f626a9b32f97737495618d9b332ead22a3ad8b,0x759c2d713f89fef9b73418d4db7cda16f2bc8c26,0.000100000000000000,NULL,0x,0
6,0xc7002072c2b9914895a46862cae8684fabfe1b8c51a44300b49f73c79f4d36b9,6329646,1536920889,0x3052cd6bf951449a984fe4b5a38b46aef9455c8e,0x759c2d713f89fef9b73418d4db7cda16f2bc8c26,1.267401250000000000,NULL,0x,0
7,0x9f5b92de6919d1a7720597c7ed7db94b8ea6244500e2cbcebde67665958eb663,6329725,1536921953,0x759c2d713f89fef9b73418d4db7cda16f2bc8c26,0xff4219fcc5a4bec67ba7649117d6bbc6b318da5f,1.106466780000000000,NULL,0x,0
8,0x52c763d2699031f44f57af6019cbb93e10ce647391f8ccf7f409deecb793d460,6330289,1536930020,0xeb6d43fe241fb2320b5a3c9be9cdfd4dd8226451,0x759c2d713f89fef9b73418d4db7cda16f2bc8c26,2.186508200000000000,NULL,0x,0
9,0x6519945c2e2c3dde5d72b002bcf328221b7491a66c3d307867a902a1ffed9d62,6330307,1536930278,0x759c2d713f89fef9b73418d4db7cda16f2bc8c26,0x7c03b1cff4f34eb206700c0fde8e96b927ec0c2a,1.240540000000000000,NULL,0x,0
10,0x7e4cd1c7331cacc47a5be4f2ba38a74a20b96010a019246b8e78df1b2b51ffee,6330313,1536930353,0x759c2d713f89fef9b73418d4db7cda16f2bc8c26,0xf25f6e1025a9563d1cccd0d21bb9886d570b89fd,1.066502090000000000,NULL,0x,0
11,0x0e32aaaf98d1b70aa5b8525ae2d4c870b37c63c14eb36a391815549a2b54114c,6335086,1536998421,0xc55eddadeeb47fcde0b3b6f25bd47d745ba7e7fa,0x759c2d713f89fef9b73418d4db7cda16f2bc8c26,6.154588750000000000,NULL,0x,0
12,0x9e011b15925d0b7e6274f70e74cad928646387c59df8c89a1911f72bffa1ea97,6335120,1536998910,0x759c2d713f89fef9b73418d4db7cda16f2bc8c26,0x20edd44f8934da73d0879f3f1e9fd50445b9eb5c,3.000000000000000000,NULL,0x,0
13,0xb83136e4b6e9583f9ae0295ba044a6122671cc1ea32e38a5e7d33832fb54e7b6,6335146,1536999352,0x759c2d713f89fef9b73418d4db7cda16f2bc8c26,0xea659e1f54c07dc143a7f5a53b5d4e41220bbad4,3.036101540000000000,NULL,0x,0
14,0x1b15b3d8fd279909f97f85a585aa5af24d0a710280eff5438684e24f836f7bd4,6336146,1537013499,0xedcf747510cb428d7ef57fa5174d6a5c108905c7,0x759c2d713f89fef9b73418d4db7cda16f2bc8c26,1.000000000000000000,NULL,0x,0
15,0x50952837ba64fe148b11d241c0d2c058ead4e3cc7cbbabb1e4106373c3e1db87,6336190,1537014181,0x759c2d713f89fef9b73418d4db7cda16f2bc8c26,0xc73638d1ae60361d1d46f92c0d2575764b40059d,0.544117400000000000,NULL,0x,0
16,0x99bd6ce31266c8dc5d565f73016669398e20bb7ba829a0278f9248823dc8a2a4,6336190,1537014181,0x759c2d713f89fef9b73418d4db7cda16f2bc8c26,0xdeee3affd2092b9633f8fca1954db982f1b280dd,0.483657000000000000,NULL,0x,0
17,0xaca0c005c4e2474ef0cf4e677c7162ec412aaa3a554efb753e6ea432ed591ec5,6336685,1537020941,0x3052cd6bf951449a984fe4b5a38b46aef9455c8e,0x759c2d713f89fef9b73418d4db7cda16f2bc8c26,1.000000000000000000,NULL,0x,0
18,0x8010918a912b0165e5891133f54b1542f341b78159628f20d0d5c2c564b58d82,6336695,1537021132,0x759c2d713f89fef9b73418d4db7cda16f2bc8c26,0x5a0f95b5767d0828aa4bebc8c774cac0c7ed9203,1.101496110000000000,NULL,0x,0
19,0x55387c7fa7ded4a35c67f159baaa21f5b0fba5c70a1a7315f8846b62ce6aa16e,6337209,1537028592,0x4ce3a0a10789ee3137b409b8dbe313fdc3bfcf87,0x759c2d713f89fef9b73418d4db7cda16f2bc8c26,0.020000000000000000,NULL,0x,0
20,0x9206383370d7e40fb4bfb82c7862b58beba347aa43a4817e4229f17dad65dba5,6342216,1537100735,0xed4c32d2b9bd49cf2118857d5cc1a4d57516bfc6,0x759c2d713f89fef9b73418d4db7cda16f2bc8c26,0.020000000000000000,NULL,0x,0
21,0x0b07de8f7cedddd9421bc2140fcf01f429bd7d4075da62179cc29a3b36073546,6342270,1537101580,0xc1a012e58ad5a229e4a7051e07bc5bdf2ecb91a2,0x759c2d713f89fef9b73418d4db7cda16f2bc8c26,0.232622800000000000,NULL,0x,0
22,0x2572d93c3678a7be37f477ef14d7111aa2db9ef53a8698d1dbdf0cbf1d5b6009,6349532,1537204314,0x7ed1e469fcb3ee19c0366d829e291451be638e59,0x759c2d713f89fef9b73418d4db7cda16f2bc8c26,1.079110000000000000,NULL,0x,0
23,0x55bc50aead83ba84d42e56720ab484807668cac89b56abcd9602b39a93585e70,6349546,1537204491,0x759c2d713f89fef9b73418d4db7cda16f2bc8c26,0x4ed13fbe0980d3ad301d3d8e36ee36c7abc0e863,1.129412300000000000,NULL,0x,0
24,0x03793bb1c8a82257a07d445a9efc4e70427976c72ba7d5852c4f62d5d0f3fd53,6350368,1537216128,0x759c2d713f89fef9b73418d4db7cda16f2bc8c26,0x12a636aa4e4ed9fb5596d48ff79c749fa8dc6c25,0.258384650000000000,NULL,0x,0
25,0x017e65cde7609c29c08328594738c02688b93b768dd52b99c598a365447e1687,6352771,1537250066,0x05e75a1cb9836c3e669638bb575ecfe8274da764,0x759c2d713f89fef9b73418d4db7cda16f2bc8c26,1.060000000000000000,NULL,0x,0
26,0x8cf4651f530ba7fef826570fec5c00e43b89ac29caa5116bade6b9651407a212,6352961,1537252928,0x759c2d713f89fef9b73418d4db7cda16f2bc8c26,0xb175a3d27f07c5dee609f1e5951c1ceb20967102,1.022368000000000000,NULL,0x,0
27,0x318956f912b515abadfbb6428c6944fc63ab9303233d70bff2de9f1b43fac970,6353685,1537263539,0xd9ad84bbdfdcd99fdec6d760258949d1b695f46f,0x759c2d713f89fef9b73418d4db7cda16f2bc8c26,0.008000000000000000,NULL,0x,0
28,0xc413173c937c661be82de9e53389ffd9372d6b588be2dc1c6a2213e48556f02a,6364949,1537424039,0x03d7e2d4222990a65286ecea611714b340573733,0x759c2d713f89fef9b73418d4db7cda16f2bc8c26,0.070000000000000000,NULL,0x,0
29,0x96bd6e791ec55f35e21558e358e120e9f490b881c661933eee747e33d99e7004,6365062,1537425795,0xeb6d43fe241fb2320b5a3c9be9cdfd4dd8226451,0x759c2d713f89fef9b73418d4db7cda16f2bc8c26,21.995000000000000000,NULL,0x,0
30,0xf6909e570464851d69eb846e49126b4f5b865ee5d327381818ba5b99588372e9,6365070,1537425900,0x759c2d713f89fef9b73418d4db7cda16f2bc8c26,0x6b8022af263868e9cb06f073b99aefc7bcc89b89,9.054721030000000000,NULL,0x,0
31,0x571b482af9376dc204343fdec286f51baef6004c18e8b594bfeb8af933185903,6365111,1537426474,0x759c2d713f89fef9b73418d4db7cda16f2bc8c26,0xd95b8d403dcf0a9820ac0d51e6df1f2bc4cf479c,10.000210000000000000,NULL,0x,0
32,0xb1adc2d88531918c9678b7ee4373dabfb5eb5e3c06bd1274c1973322d48f21fd,6365119,1537426649,0x759c2d713f89fef9b73418d4db7cda16f2bc8c26,0xfedb12dbb0196f882220b379951403cb9a8fa682,3.000900000000000000,NULL,0x,0
33,0x462ace6970e915efdade4bee68a5f8d996dc685a28b74a56a43d9a9a7d151860,6365627,1537434032,0x2b5634c42055806a59e9107ed44d43c426e58258,0x759c2d713f89fef9b73418d4db7cda16f2bc8c26,0.484244160000000000,NULL,0x,0
34,0x945eeef1c039e3e7bc650b607b4cd11510d7461d5578547ff53068e41db33f4f,6365726,1537435572,0x759c2d713f89fef9b73418d4db7cda16f2bc8c26,0x091a7c26e8ae217340b31004bd642251b9d92589,0.532884120000000000,NULL,0x,0
35,0x43dea6616e0205602b2558c90a4648a3d58609d36f128f8e751d2433f5046455,6365739,1537435695,0x03d7e2d4222990a65286ecea611714b340573733,0x759c2d713f89fef9b73418d4db7cda16f2bc8c26,1.000000000000000000,NULL,0x,0
36,0x66124f581233bf4de3202df465e059ca8767e5dbc149b6afaa9e70f4c1dcfa67,6366495,1537446163,0x759c2d713f89fef9b73418d4db7cda16f2bc8c26,0x1fda4067276383ec049073736acecfd8eda5db67,1.002024940000000000,NULL,0x,0
37,0x9017c74f26d792e1be15f284b5f14be44af6c47335dd7a6071aef3c81e558b3b,7247577,1550727321,0x759c2d713f89fef9b73418d4db7cda16f2bc8c26,0x79fa4d9f112547858ec1d7276a495436c7b1a853,0.002000000000000000,NULL,0x,0
38,0x1d58cf708d0809a5c70f98178aaca78e3236fe7b9beca237536989b7e9de8234,7638872,1556225773,0x759c2d713f89fef9b73418d4db7cda16f2bc8c26,0x0b44611b8ae632be05f24ffe64651f050402ae01,0.001028980000000000,NULL,0x,0
