,TxHash,BlockHeight,TimeStamp,From,To,Value,ContractAddress,Input,isError
0,0x98927440df270157091ed19a4452f3ce23495fd2c65ed5492fa8ddb4ba6d2848,5512052,1524789743,0x65e2c5175e2e618f48e70343b14c31b280e42d90,0x762ad6be3f56a132f99cc0cd6ba4c84d1e992824,0.964538100000000000,NULL,0x,0
1,0x242c099ffa49a2aec2d711d5dc4b14087b229c6b0b3043b1102be137329ed2c4,5512156,1524791482,0x762ad6be3f56a132f99cc0cd6ba4c84d1e992824,0x96c3beb65ddbe2fbb321c8845ae049da467aa912,0.964097100000000000,NULL,0x,0
2,0xe965ca884c9032aa4c0135005a407fd38651a4b6eb6edf568467972d41a8dc3a,5607802,1526234514,0x594bbeeb85e196cb597aa1ac30807491b9707c8c,0x762ad6be3f56a132f99cc0cd6ba4c84d1e992824,0.500000000000000000,NULL,0x,0
3,0xa8fd7bd9eb17cc388bae92af457b271169f9c7ccc851812e024158a05766dac9,5607814,1526234674,0x594bbeeb85e196cb597aa1ac30807491b9707c8c,0x762ad6be3f56a132f99cc0cd6ba4c84d1e992824,0.500000000000000000,NULL,0x,0
4,0xcf6658f1961249c82f1a2535670064f56838e678e2427b56511e7da157376048,5610825,1526280243,0x40469efa96c1449f9f0fc5580d1659bc1205c446,0x762ad6be3f56a132f99cc0cd6ba4c84d1e992824,0.002838800000000000,NULL,0x,0
5,0x0846aa02712195d1db5775e1893ff4f2dddc2e042420008004f0a2f389c3b23e,5610959,1526282137,0x762ad6be3f56a132f99cc0cd6ba4c84d1e992824,0x4d3c12d790c0a47407a690959f16f1169f2f9d91,1.000000000000000000,NULL,0x,0
6,0xb6e4a6e5888ad756c5d955ed9d68a7babf2d010087aecefe7e7bf905d2dd6119,5639483,1526716562,0x116950bce23f4280fadd8e4611dde99548159fea,0x762ad6be3f56a132f99cc0cd6ba4c84d1e992824,4.017434680000000000,NULL,0x,0
7,0x39a9d6829c28e5bcd501345ec4f50e3314e98cb71c30bc0c7e80b42d42045cb7,5640114,1526726404,0x762ad6be3f56a132f99cc0cd6ba4c84d1e992824,0x78148ce5ab6a58a8e67af15bf582d1e854597023,4.000000000000000000,NULL,0x,0
8,0x1cf40f21714f0c35e2e4a6c6d0301cc977ab9ceeef778965a844f86ebba8d749,5686690,1527440746,0x762ad6be3f56a132f99cc0cd6ba4c84d1e992824,0x0b4de0d3bd52a9833e3e57b9598df79a6868753e,0.018824400000000000,NULL,0x,0
