,TxHash,BlockHeight,TimeStamp,From,To,Value,ContractAddress,Input,isError
0,0xa72b3627735e38211c2096267c233ea4f238b2e43114261ef4005617ae61d661,5542497,1525249320,0xc61ee1242d80a7b857796b21c1eea0e912b09e72,0x78c544eede78eb781707a1d46377bf6be9d028df,0.500000000000000000,NULL,0x,0
1,0xd4aadccaaed4ad25ad2a3a9fe96953e2fe3aaac8c14d68bdbab537a60f6f8d33,5543122,1525259066,0x32be343b94f860124dc4fee278fdcbd38c102d88,0x78c544eede78eb781707a1d46377bf6be9d028df,0.690000000000000000,NULL,0x,0
2,0x0464ed6ececd0edfe4b5fdc0adb2b41eb799cf17bdce97e90e00f1a37c38f7a7,5544005,1525272532,0x564286362092d8e7936f0549571a803b203aaced,0x78c544eede78eb781707a1d46377bf6be9d028df,0.880000000000000000,NULL,0x,0
3,0xb193de07f940482e6fb37f1a58ef42f5bc68511bd706ad9bca53b02bbc8798e4,5547873,1525331334,0x78c544eede78eb781707a1d46377bf6be9d028df,0x7fdf79604f76386daa2ba10e1830b123d7141e15,2.060000000000000000,NULL,0x,0
