,TxHash,BlockHeight,TimeStamp,From,To,Value,ContractAddress,Input,isError
0,0xb474cc127187b4712fad97a97a81951517634b2c8ca4a8c73cbc62a4507cb318,6793727,1543486842,0x0bb7fc6f8a01e4ee8446f9661558398f0e8e35dd,0x7908e104ae43e5e6bac2d3fdaae3ccdf07ed8b8c,3.190180600000000000,NULL,0x,0
1,0x5388bc94951524205e858b465e3c0590c36c29d8a4bb22efbdaf2a82e3a0d4d9,6801261,1543594107,0x7908e104ae43e5e6bac2d3fdaae3ccdf07ed8b8c,0xbc071e5db159ed473db47ebf27f24fe7d24bba3f,0.890000000000000000,NULL,0x,0
2,0xf74469a4d5ddb738abedb28cf104640ea19fd9155d322f339d764f739075f1d8,6801567,1543598577,0x7908e104ae43e5e6bac2d3fdaae3ccdf07ed8b8c,0xbc071e5db159ed473db47ebf27f24fe7d24bba3f,0.180000000000000000,NULL,0x,0
3,0x91d2249d12cd4cecadb2850cbe6f254ec827b0910f6c3b235920a6318b07aa4c,6802844,1543616388,0xd1b4a96a39706051a5547bb52c07ae2bc25f0586,0x7908e104ae43e5e6bac2d3fdaae3ccdf07ed8b8c,5.000000000000000000,NULL,0x,0
4,0x8538705efcdb88e17ac9f479dee674516d5274309c1aa251e12299c03a2e6084,6803120,1543620358,0xef645826efd185c187d39937992e367673337db8,0x7908e104ae43e5e6bac2d3fdaae3ccdf07ed8b8c,0.541399430000000000,NULL,0x,0
5,0x6d200520fb6414a3df6f17e5812cdf17e5c2d2661a4ae4b77b87e6159f27e098,6803290,1543622914,0x6b19c46df8b1e1ad87dda872a3243add046e2dee,0x7908e104ae43e5e6bac2d3fdaae3ccdf07ed8b8c,0.500000000000000000,NULL,0x,0
6,0x69cf924dae6820e38eb650edc17cf869ea46d9da2ae87c1212a2d4c6b355c10a,6803576,1543626606,0xfd5ed7de258745d1d027edce1328525a9541dbc6,0x7908e104ae43e5e6bac2d3fdaae3ccdf07ed8b8c,1.994000000000000000,NULL,0x,0
7,0xcf65bb76801197b5d3ab693b20fde798ea02a7cacea0d3a7bbe4f8c96cb2aaf7,6805648,1543656291,0x06c5998ef7950d70ac95a9b2b4d05c0ac5dd343e,0x7908e104ae43e5e6bac2d3fdaae3ccdf07ed8b8c,1.000000000000000000,NULL,0x,0
8,0x0b35d43e77ab43cad35b5b39f6353ce165ee2c41213f5a6dee27cac19f5fa2f6,6807039,1543676274,0x2e5d78a434c8cc744442832990267931104808dd,0x7908e104ae43e5e6bac2d3fdaae3ccdf07ed8b8c,0.500000000000000000,NULL,0x,0
9,0x324d8c7bb6d3ee8b9030d165ad97f61e7446a6842750ec4f9257bbd0076cd995,6807976,1543689675,0x86941d4aa9f2d781390dafc3ff49e915928ad44b,0x7908e104ae43e5e6bac2d3fdaae3ccdf07ed8b8c,0.700000000000000000,NULL,0x,0
10,0xedda7ee9be27a3014d624e14ca1e2d728bea390fd67367cf209f17d382c59e8e,6812884,1543761009,0x0681d8db095565fe8a346fa0277bffde9c0edbbf,0x7908e104ae43e5e6bac2d3fdaae3ccdf07ed8b8c,4.665000000000000000,NULL,0x,0
11,0xe7c5f02983b4381bd56cd68f8eab60d8c354654b8317803857c099e85f463342,6813252,1543765887,0xadfbc06a9b81346c22246de4cb9a9fb153d8249e,0x7908e104ae43e5e6bac2d3fdaae3ccdf07ed8b8c,0.500000000000000000,NULL,0x,0
12,0x9669007951ef6d4434fed05b5c2127ca3b5403280eea9f5e55277ef600c9f10c,6813355,1543767141,0xeec606a66edb6f497662ea31b5eb1610da87ab5f,0x7908e104ae43e5e6bac2d3fdaae3ccdf07ed8b8c,5.000000000000000000,NULL,0x,0
13,0xda3f266be808a6fc36af8479e4ccb0c9f38a6d4238feda0ff10f9ea0f3462373,6813904,1543774855,0x81cf29fb78c17e6121711a2509835a62e6fe7b17,0x7908e104ae43e5e6bac2d3fdaae3ccdf07ed8b8c,1.500000000000000000,NULL,0x,0
14,0x1e1b3b05bb359f4638f9c80b17e1100ab7505c8da0e7502a4cf2b9b568f6b719,6814681,1543785723,0xd05d4f3c7eabcf201098ccea4d57f833f2ee7fe9,0x7908e104ae43e5e6bac2d3fdaae3ccdf07ed8b8c,6.000000000000000000,NULL,0x,0
15,0xb2f7ea06139a77406bbb05a073e9f586cd2887b2511422195d1e2f970662f4f7,6815321,1543794393,0x564286362092d8e7936f0549571a803b203aaced,0x7908e104ae43e5e6bac2d3fdaae3ccdf07ed8b8c,1.000000000000000000,NULL,0x,0
16,0xb238cd1f4691b8f5bb4240e87b631c3ac73bda3eb57bd3664f302819f618c4e5,6815333,1543794623,0x2b5634c42055806a59e9107ed44d43c426e58258,0x7908e104ae43e5e6bac2d3fdaae3ccdf07ed8b8c,1.010000000000000000,NULL,0x,0
17,0xc7d6f4cc72d55c24986cc0c7c848f6f55cecdc64ec8a125c11dbcf44f3387413,6815358,1543794985,0x0820bd0cdb1bea7de5aa069b934e316698b8e05b,0x7908e104ae43e5e6bac2d3fdaae3ccdf07ed8b8c,1.500000000000000000,NULL,0x,0
18,0x848ebd6336680799c9a199e85f18684bbdde9ea0762b98f07c7223f2022afba1,6815607,1543798814,0x564286362092d8e7936f0549571a803b203aaced,0x7908e104ae43e5e6bac2d3fdaae3ccdf07ed8b8c,1.080938000000000000,NULL,0x,0
19,0xb7daa32da28f428debdc753d7b8786834ce25fd06017702b56706c0bc31f8386,6815752,1543800906,0x6101c1e486411988f4682149cd5064e88026f0f5,0x7908e104ae43e5e6bac2d3fdaae3ccdf07ed8b8c,2.000000000000000000,NULL,0x,0
20,0x9daece257b116bf3c4b911bea9f7a77fbd19360fb87f0c3a3d111adc50f119bd,6824217,1543922118,0x7908e104ae43e5e6bac2d3fdaae3ccdf07ed8b8c,0x4fdc804f7d6328b5bc1f8d0cb5933906aa16d689,0.180000000000000000,NULL,0x,0
21,0xb1ef73fefe2980142517f728d7032e4bdc6b8c0e62ee66181bc7c5cdcee672dc,6824554,1543926608,0x7908e104ae43e5e6bac2d3fdaae3ccdf07ed8b8c,0xedf7e5bb38b77bd9895f52cd54d013eedd849cd4,0.270000000000000000,NULL,0x,0
22,0x5f5d33c2564057532363d33bff9944cd80db0ab6e5457092583197e2f3b0f37d,6826614,1543955591,0xc6ed98e6abfe85caf2b407ffa5dfde4675e550b9,0x7908e104ae43e5e6bac2d3fdaae3ccdf07ed8b8c,2.000000000000000000,NULL,0x,0
23,0xfde62117c57e79689d5f600e6e4b1d8af533078bffff52651f6cecc95f793989,6829669,1544000684,0x7908e104ae43e5e6bac2d3fdaae3ccdf07ed8b8c,0xbc071e5db159ed473db47ebf27f24fe7d24bba3f,2.080000000000000000,NULL,0x,0
24,0x44e38387dfa26f529cf1a6a364f6be12af3632b69e3a938e10c64177ca1585ce,6831887,1544031889,0xa2713cec32dbfc3d06df827a997433985ba8310a,0x7908e104ae43e5e6bac2d3fdaae3ccdf07ed8b8c,0.600000000000000000,NULL,0x,0
25,0x9223bdba1c7cb67af258f53729f7ca5b85f5d6c3b193ef8746c7273410f86017,6835221,1544079797,0x7908e104ae43e5e6bac2d3fdaae3ccdf07ed8b8c,0x4fdc804f7d6328b5bc1f8d0cb5933906aa16d689,0.200000000000000000,NULL,0x,0
26,0x3653f03ba64dbcfe3aa2274f7776155a0a4d88ab601360743114f4ffa0bd155d,6838133,1544121674,0x7908e104ae43e5e6bac2d3fdaae3ccdf07ed8b8c,0xff518189ab59c74d282e3356e7a04ccf17c1154b,36.400000000000000000,NULL,0x,0
27,0xe4c1e795c83a0893977b97ee274de27dba65d419d0c056f361dfbe02b0f9fae5,6846348,1544239716,0x7908e104ae43e5e6bac2d3fdaae3ccdf07ed8b8c,0xd6e1f355f67126bbb59ef8c7c2885859a9514cff,0.050000000000000000,NULL,0x,0
