,TxHash,BlockHeight,TimeStamp,From,To,Value,ContractAddress,Input,isError
0,0x80a4fbbbae7e2abb1ef8851e0bd83ed167a014d01aaaa0744f1811dc437fe382,5703337,1527694925,0xbecda16259b150826240ae4b0b3ca67ffaaada4b,0x798fb97bda4db2bdb5f75553f5a1ba73a5edcf30,0.510000000000000000,NULL,0x,0
1,0x4ace923b825af5085d035c157e9ea9e10b5dd5b07b623c79391d7db18d0d911d,5703744,1527700856,0xf2c77984d444bd3ecca940da435e0acaa33f18be,0x798fb97bda4db2bdb5f75553f5a1ba73a5edcf30,0.500000000000000000,NULL,0x,0
2,0xca95e7070d803640b4228f6e5cddce19564a87067fd77e8f3be0cfc3c1ce31c4,5704649,1527714747,0x876eabf441b2ee5b5b0554fd502a8e0600950cfa,0x798fb97bda4db2bdb5f75553f5a1ba73a5edcf30,2.207300000000000000,NULL,0x00,0
3,0xd788067a1dc9e836aaee94b8763812822add42ebbb0040226b4701d53408a3b3,5705905,1527733675,0x0681d8db095565fe8a346fa0277bffde9c0edbbf,0x798fb97bda4db2bdb5f75553f5a1ba73a5edcf30,1.978124450000000000,NULL,0x,0
4,0x859f810f119e0bbbb17424733b12fd55d323c344090c57977b9d0284dc204b48,5706832,1527748286,0x97fbc07cd6456b30dfded8067c392594d102a291,0x798fb97bda4db2bdb5f75553f5a1ba73a5edcf30,1.600000000000000000,NULL,0x,0
5,0xda8ae9e47ca7700068e4bf088f7fd15d95366099742501643035ecaacb8032fc,5708180,1527768535,0x389c407b09feb6c6b2919687e79e62501aaa7541,0x798fb97bda4db2bdb5f75553f5a1ba73a5edcf30,0.500000000000000000,NULL,0x,0
6,0x4d8fadce88c71902c08624008824f19837d0843259b6bc0f94fc0a0dd2c3194a,5717671,1527914106,0x259347f74bc35a7619c76bedea890dd7a55cfbc3,0x798fb97bda4db2bdb5f75553f5a1ba73a5edcf30,0.570000000000000000,NULL,0x,0
7,0xad683065f5a93e581a8d70f270eb3263c05b8ade53fb4b6bf6423c3d7b5f21ab,5737119,1528212145,0xd8578cb4bc49f8ad6b96acdd35ce3e02a1aa653f,0x798fb97bda4db2bdb5f75553f5a1ba73a5edcf30,0.500000000000000000,NULL,0x,0
8,0x3de17334dc948bea8e72783a0b9fc16e372e40b861d7fc8b70f71e40d407c8bb,5807102,1529270382,0x798fb97bda4db2bdb5f75553f5a1ba73a5edcf30,0x25d00f68f7cfe908c21bc257b554ba2e8cb3303c,8.364563450000000000,NULL,0x,0
