,TxHash,BlockHeight,TimeStamp,From,To,Value,ContractAddress,Input,isError
0,0xdd6fab83d2621d2f507a1a7158a6715b4f206a5a549903655ef804e15c7180ad,5900498,1530654010,0x5807340024c476671e026ba02b0ab82a8cec3fbf,0x79b570f107f07589244c76ad8fd9a7cca0fb80ef,0.500000000000000000,NULL,0x,0
1,0xb66802306f9cc4b069f504cb602c1a51df388c2c2a4cd12a6043b827cbb0cf8f,5900941,1530660476,0x51bfe0f0d13afdcf5865f55a5402086088b6b569,0x79b570f107f07589244c76ad8fd9a7cca0fb80ef,0.500000000000000000,NULL,0x,0
2,0x9c517fdd7ceb27493b022565fc7d5073762adeef8f487af66d72c5dd8e5af0b2,5902176,1530678720,0x390de26d772d2e2005c6d1d24afc902bae37a4bb,0x79b570f107f07589244c76ad8fd9a7cca0fb80ef,0.870000000000000000,NULL,0x,0
3,0xbb819d3acaf7764b10beebc531b6c4647f82be9f36359ee61bbd6924c39dafae,5902272,1530680009,0x59a5208b32e627891c389ebafc644145224006e8,0x79b570f107f07589244c76ad8fd9a7cca0fb80ef,0.005010000000000000,NULL,0x,0
4,0xef920674220dea8537dd578f876095d1889e698a3088cf77f9993dd6ed9a2ab7,5902581,1530684635,0x6cc5f688a315f3dc28a7781717a9a798a59fda7b,0x79b570f107f07589244c76ad8fd9a7cca0fb80ef,0.242000000000000000,NULL,0x,0
5,0x9aae021fce56e468550460bc0296a1fb292eab0a1417074aa2b566807169f52f,5902629,1530685289,0xac837d7eeee8bd55b500fffb4849659eed8a25bf,0x79b570f107f07589244c76ad8fd9a7cca0fb80ef,5.000000000000000000,NULL,0x,0
6,0x6bab5e8886979276b4bf2aa3b86ad8649a9ba3af14461fd04b4dd856ddf355e2,5902641,1530685425,0xac837d7eeee8bd55b500fffb4849659eed8a25bf,0x79b570f107f07589244c76ad8fd9a7cca0fb80ef,5.000000000000000000,NULL,0x,0
7,0x13f64850cbd3128fd3735345c502ca61c9c0b8572ca39c66fc7ff0dfe3e6516e,5902658,1530685692,0xac837d7eeee8bd55b500fffb4849659eed8a25bf,0x79b570f107f07589244c76ad8fd9a7cca0fb80ef,13.000000000000000000,NULL,0x,0
8,0xcbf9f83c44905f54bb535fa3752db62efbd61448219d320e9e61a50f53f225f3,5903151,1530693074,0x3f5ce5fbfe3e9af3971dd833d26ba9b5c936f0be,0x79b570f107f07589244c76ad8fd9a7cca0fb80ef,0.613369930000000000,NULL,0x,0
9,0xd6423b875bbdb219eb718f968e4462a37e4c152d9a7be0d26bdfe53cdef5798f,5903275,1530694791,0x1f973b233f5ebb1e5d7cfe51b9ae4a32415a3a08,0x79b570f107f07589244c76ad8fd9a7cca0fb80ef,2.049954000000000000,NULL,0x,0
10,0x7f54d9b328f2e19ae1a2db13318d7d0c1980b6a70744fa8ef3f7b6c0daeb9466,5903692,1530701056,0x26fba0235872961babe1122dcffb9dfafd7588da,0x79b570f107f07589244c76ad8fd9a7cca0fb80ef,0.598509000000000000,NULL,0x,0
11,0xf4e89fb92989f3184ee30f28bd2c36b18818c00da94c31a71c0d040d066c18b8,5903975,1530705506,0x45a81de52a1246ee0b223b44492a3fa69a578b6e,0x79b570f107f07589244c76ad8fd9a7cca0fb80ef,4.263681730000000000,NULL,0x,0
12,0x27a3da4d4a86072dd921aac824c52f973f6b22f19ac15ad084c23122fa068043,5904209,1530708984,0x1f973b233f5ebb1e5d7cfe51b9ae4a32415a3a08,0x79b570f107f07589244c76ad8fd9a7cca0fb80ef,0.630000000000000000,NULL,0x,0
13,0x674cb7496264781015073c264c186bf5e1c7d59ce989db997a40a127d4b9ba22,5904489,1530713316,0x5cb48c3a0ac845a0763688d76afc841111d2ffb0,0x79b570f107f07589244c76ad8fd9a7cca0fb80ef,0.001052370000000000,NULL,0x,0
14,0xe0c995b9c65649f6bd12bd5ba8e837bf4cfe06e703253dc7a44f53b28f2e900b,5904496,1530713412,0x90bb4f47da699a47dc5ccd39bf8bbc9fdf57ceb0,0x79b570f107f07589244c76ad8fd9a7cca0fb80ef,0.098509000000000000,NULL,0x,0
15,0x31c6d4c5c8e3eaef3c52b5edf6ac5421ef40a640cfd03ba9ccbe8f53dbddfc83,5904596,1530714999,0x513c54d8fcb608abda60a77fca17c304822703a0,0x79b570f107f07589244c76ad8fd9a7cca0fb80ef,0.210313790000000000,NULL,0x,0
16,0x74a242b9db71fe4b952b54898f43f42f2c4e530c09e091cd705778bdf67c362f,5904899,1530719297,0x3f5ce5fbfe3e9af3971dd833d26ba9b5c936f0be,0x79b570f107f07589244c76ad8fd9a7cca0fb80ef,0.490000000000000000,NULL,0x,0
17,0x6c77666e9c1cc47f83dac72b7ee7411028818e7f14265e253c146ffee7391a1d,5904989,1530720494,0xb9ee1e551f538a464e8f8c41e9904498505b49b0,0x79b570f107f07589244c76ad8fd9a7cca0fb80ef,0.509187620000000000,NULL,0x,0
18,0x8910b96ddca1a27ac585fb833abfe0af196226ec49cede59f53957123b17e7b4,6759707,1543003369,0x79b570f107f07589244c76ad8fd9a7cca0fb80ef,0xbde39607d4d78ca5ad0709fc14ca117a88d372a3,25.000000000000000000,NULL,0x,0
19,0xea6a46d994f9a1c3f6064ccc0ea10c0775a4c6aacbd86546046ca4aed0db8c04,6828472,1543983782,0x79b570f107f07589244c76ad8fd9a7cca0fb80ef,0x8d3b1c5e0af1c3937e1f9f164d7080ae3ae43c8d,9.560000000000000000,NULL,0x,0
