,TxHash,BlockHeight,TimeStamp,From,To,Value,ContractAddress,Input,isError
0,0x554fb1e37bf540467adaf7783263988fa2ab91a53dd1fb448ac4dae6f4b8e625,6153608,1534361230,0x7c4e90e4896037d09a303e2ed906511586ceb03b,0x7cd912f8df67b1e56e7aa82a66f4a518c76c0108,0.559569830000000000,NULL,0x,0
1,0x5395eaab06a365e343f7bd4404ecc5a8f6f0570a2e91ed10efc7b4012055fde6,6157410,1534417459,0xe4b3dd9839ed1780351dc5412925cf05f07a1939,0x7cd912f8df67b1e56e7aa82a66f4a518c76c0108,0.030000000000000000,NULL,0x,0
2,0x94ef8119153753fb6ba425db92aef838cb09769ff0c2b10e0fc6824613b7ea8f,6157445,1534418066,0xe4b3dd9839ed1780351dc5412925cf05f07a1939,0x7cd912f8df67b1e56e7aa82a66f4a518c76c0108,0.600000000000000000,NULL,0x,0
3,0x3ba28d17e3800c77a5517e839b3ce7d84b792c2048ce175ff83de9b588036d84,6158480,1534432797,0x7cd912f8df67b1e56e7aa82a66f4a518c76c0108,0x4840ca74cb0bb3fc79f8b0770d217d558e6243ca,1.179569830000000000,NULL,0x,0
4,0x498be938575eb4ff2267c9256ac0ecd6da101e286b7895882c17e7c1eb4b2302,6217875,1535299942,0xeedc40ce46cb255869fbcde2a483156f3e7c8c91,0x7cd912f8df67b1e56e7aa82a66f4a518c76c0108,0.073536800000000000,NULL,0x,0
5,0xda9389f4e2397820141fb412878f104025101566144a7dbeea93d36a39c43f05,6217923,1535300607,0xc64e2ef0cef1f7f3f4317e6694d9c772ea9413ed,0x7cd912f8df67b1e56e7aa82a66f4a518c76c0108,0.001824680000000000,NULL,0x,0
6,0x8022ff20aca236fb57b0e1892cd0bb4f6ccf227e5bf1f919ffa7579ab4e82a0a,6231633,1535500657,0x87e35d6841343515ad3dfbdf1a4b7bdd3e7d9592,0x7cd912f8df67b1e56e7aa82a66f4a518c76c0108,0.900000000000000000,NULL,0x,0
7,0xf8108a8bf5caca02c63f32329e5f797f40028829d950136889013c04ec9c4ffb,6232348,1535511375,0x7adade709a17a6a5fe4675d51aa4953286d87319,0x7cd912f8df67b1e56e7aa82a66f4a518c76c0108,0.613512950000000000,NULL,0x,0
8,0x86f058ec97b57e594b9efdb3c5f414fc04bff7cf70a7d3cb0e4a291725cc0e9e,6233253,1535524891,0x7cd912f8df67b1e56e7aa82a66f4a518c76c0108,0x672e2f628133688d91b3cb1d76fdd6f332d23cee,1.588013430000000000,NULL,0x,0
