,TxHash,BlockHeight,TimeStamp,From,To,Value,ContractAddress,Input,isError
0,0xc42badb13fa5d905b7b0b4e43e4c52cb08606adfc01935be3dda551b2f82886a,5374207,1522775940,0x0c98b6196fe0ad15f40e4f35b7f25070f55cdda1,0x7cb3ce3248e7c0cd320f3440d437a92a54f541f0,0.065186840000000000,NULL,0x,0
1,0x3aabd3d41444764d4b95926f053ae99055a20cebe8e900e03572954eabe96692,5374213,1522776006,0x7cb3ce3248e7c0cd320f3440d437a92a54f541f0,0x7ed1e469fcb3ee19c0366d829e291451be638e59,0.065123840000000000,NULL,0x,0
2,0x10532550073de913b664e565e1ad0527535f989ab0f9955307b12cedfacfc49a,5464884,1524089003,0x8556e2cbb880c30a05cc4e1ed8470a2de705e17e,0x7cb3ce3248e7c0cd320f3440d437a92a54f541f0,0.002000000000000000,NULL,0x,0
3,0x18a777e9685eccd43e3fbe41dcb703b71a29b55abc7fb2af23e7fbd4934fff6e,5464892,1524089123,0x7cb3ce3248e7c0cd320f3440d437a92a54f541f0,0x7ed1e469fcb3ee19c0366d829e291451be638e59,0.001934900000000000,NULL,0x,0
4,0xf3833055180e0e5dd71be979122034eefa5dd1e0ed8fccfc59648400242be954,5595707,1526053589,0x8aaffe453b24a16c5d072d12cd3418ce90e41f3c,0x7cb3ce3248e7c0cd320f3440d437a92a54f541f0,0.009700000000000000,NULL,0x,0
5,0xbba44e3f848c552d423ded9adcec8ac03247a64fa2782e5c8bcb4a577f46ca05,5595733,1526054032,0x7cb3ce3248e7c0cd320f3440d437a92a54f541f0,0x7ed1e469fcb3ee19c0366d829e291451be638e59,0.009385000000000000,NULL,0x,0
6,0x17093ce81e42153088b62b8e2756e9ff2be833cb53b0c1600c35aef1c376ae4b,5599920,1526115881,0x0f0de841dc4d8486a21337cac8ed4eb9eab19f2d,0x7cb3ce3248e7c0cd320f3440d437a92a54f541f0,0.007900000000000000,NULL,0x,0
7,0xa3d3c868c63fb94135bc9488784c191b34e9f96bfac47c88d27bb9f5353c8a02,5599933,1526116075,0x7cb3ce3248e7c0cd320f3440d437a92a54f541f0,0x7ed1e469fcb3ee19c0366d829e291451be638e59,0.007733429252608000,NULL,0x,0
8,0x2f82fe5ab6f53f3d0733440da794ee4c05b8cbfe3bd2ec92f15c491a147e8388,5657798,1526996901,0xfbb1b73c4f0bda4f67dca266ce6ef42f520fbb98,0x7cb3ce3248e7c0cd320f3440d437a92a54f541f0,0.504000000000000000,NULL,0x,0
9,0xb55bd8a3359c22778f3902dbba1e0d374969c1af561a29e28127ae57de2f7d0d,5657821,1526997206,0x7cb3ce3248e7c0cd320f3440d437a92a54f541f0,0x7ed1e469fcb3ee19c0366d829e291451be638e59,0.503729100000000000,NULL,0x,0
10,0xace78ba25b5b79587f4f611e3e00c760999067106914f351bc50d2fceb087ed4,5673301,1527235837,0x59a5208b32e627891c389ebafc644145224006e8,0x7cb3ce3248e7c0cd320f3440d437a92a54f541f0,0.040356940000000000,NULL,0x,0
11,0xb7aee9aae619b83bd8d8fa2c64ed6b46f59a4e3559cf4ee610d865e846654d34,5673331,1527236218,0x7cb3ce3248e7c0cd320f3440d437a92a54f541f0,0x7ed1e469fcb3ee19c0366d829e291451be638e59,0.040083940000000000,NULL,0x,0
12,0x4a77cbcd7407c229e1f45c095502e69920ee5de58191917dd1887669709c9ba2,5875432,1530284599,0xc7e69ad7753384db55c5fc1cae38316a828c5b07,0x7cb3ce3248e7c0cd320f3440d437a92a54f541f0,0.050000000000000000,NULL,0x,0
13,0x4c41c05dad93c833b29c354bab52584d3335640c47307e4552bfae3def2bd34c,5875459,1530284928,0x7cb3ce3248e7c0cd320f3440d437a92a54f541f0,0x7ed1e469fcb3ee19c0366d829e291451be638e59,0.049895000000000000,NULL,0x,0
14,0x17c17381ce3c075cde8e9de5d25495d6811efdc3d2e3c8b95bab2c9f2547cec6,5916681,1530894118,0xe6c349077f771fd0f94fa712481b8081467c414a,0x7cb3ce3248e7c0cd320f3440d437a92a54f541f0,0.292315480000000000,NULL,0x,0
15,0x46041996b427dcafe9cf34ae310d3fe647abf8f5e83e2acb4992931074ee8e21,5916704,1530894439,0x7cb3ce3248e7c0cd320f3440d437a92a54f541f0,0x7ed1e469fcb3ee19c0366d829e291451be638e59,0.290423380000000000,NULL,0x,0
16,0xd6bfb4f3846dc590efa9f7d7564cd216196a653ba87c231b208e86d70951e941,6022519,1532448384,0x911b11f3e2eb49754c7ee85338c67bb8898b35c9,0x7cb3ce3248e7c0cd320f3440d437a92a54f541f0,0.500000000000000000,NULL,0x,0
17,0x83341ac24386f6b9bf466956a4312b7692d35bcc8dcdbac926576b584cb721de,6022617,1532449901,0x4a6f88f22f6f9de38a16452c03d3f708979c48d7,0x7cb3ce3248e7c0cd320f3440d437a92a54f541f0,0.500000000000000000,NULL,0x,0
18,0x47aa66627208cd14bf9eb4455c14915a497bd1278ce17c5db2d41c1bbf43e9e4,6022841,1532453161,0x5e7d08984855e3f033be923f342ac1bafaceda0b,0x7cb3ce3248e7c0cd320f3440d437a92a54f541f0,0.500000000000000000,NULL,0x,0
19,0x59c64844e616c47525725a6494ce067850e1a1b04cef78d4f707dfe19a6d4d0b,6025098,1532486672,0x6e9c9431839282a6448f204f1af91d212df65d07,0x7cb3ce3248e7c0cd320f3440d437a92a54f541f0,0.019000000000000000,NULL,0x,0
20,0xaacbfd3c37edbc23ad982c05a4034255a9fd17c953d8227f0ed5eca9f6f7c7b6,6039878,1532704094,0x7cb3ce3248e7c0cd320f3440d437a92a54f541f0,0x6025d96932d378be7d0a46343b437678a126ecca,1.518974800000000000,NULL,0x,0
