,TxHash,BlockHeight,TimeStamp,From,To,Value,ContractAddress,Input,isError
0,0xe71793ef9ff8dcf5f7cdb3454fbe1ca07ec08ad2769067a26057bfda82772caa,6167005,1534558015,0x1eff65acabd234d96f150461a923cc762fbefa9c,0x7debe420a36349fb8014c181c9a7e835e83efb23,0.630175790000000000,NULL,0x,0
1,0xf21db3f4a4b175c9ac3ab92905434ef7232ea8b4c980ed385c21dcd787c6cdf4,6167110,1534559706,0x8d5623405ad81cd9a027baf000deb18ce9701386,0x7debe420a36349fb8014c181c9a7e835e83efb23,0.500000000000000000,NULL,0x,0
2,0xfb6d4f1353698da8ad660bc386b8303caba00f1200c2872ebb60a5cd695907d6,6167134,1534559955,0x8d5623405ad81cd9a027baf000deb18ce9701386,0x7debe420a36349fb8014c181c9a7e835e83efb23,1.210000000000000000,NULL,0x,0
3,0x33d54c6adbcece0582cf1569cfcb0a159c6aa75891a2a4777e28ac78bcb377c3,6167164,1534560490,0x377810a2ca29447b15dd22ff2769049b7095f6c9,0x7debe420a36349fb8014c181c9a7e835e83efb23,0.506329110000000000,NULL,0x,0
4,0x1ec0f2133e8a05928c2f7dd96897e48c9413587e1d0d1e7eefb5488e9aa37792,6167317,1534562873,0x6a084c247a15ef291d49b4e01227fb3acd2b3b38,0x7debe420a36349fb8014c181c9a7e835e83efb23,0.500000000000000000,NULL,0x,0
5,0x0faa0168b508a113f01298b89be9e17fd5e8588764607466c4e685c19a8fdd61,6167335,1534563057,0x244a0be9dbed440f6f95c75518940626bdac1f0a,0x7debe420a36349fb8014c181c9a7e835e83efb23,0.500000000000000000,NULL,0x,0
6,0xe753933a5b9601f75000bb959427b8c6149fbfeb7b08172c50ed198395bc7974,6167355,1534563322,0x6ff286084ae9f93b5b043df440a43c003f198eba,0x7debe420a36349fb8014c181c9a7e835e83efb23,0.501154930000000000,NULL,0x,0
7,0xc06f070ffa81d9736d67a5abc16bc2afe6f8963e463d3b71666ae5985e3bf659,6410072,1538066190,0x7debe420a36349fb8014c181c9a7e835e83efb23,0x93ba44cb6bdc1e8cb033fd1cc5c85bd8bd26eced,4.346798830000000000,NULL,0x,0
