,TxHash,BlockHeight,TimeStamp,From,To,Value,ContractAddress,Input,isError
0,0x42965dd26a69c155da4015d25b3f2d5509041454d2979ee430e0b4cd0313a2fa,5635961,1526663573,0xb9313b04cb6934da7c162085e37f2e56ee2aa24d,0x7ea4270d456bc7b3e1c72f8a21a88a90c3d60147,1.000000000000000000,NULL,0x,0
1,0x9d5a1292aae1a122800ba254728bb4a5bcdcb2a3fecc69675e8392cbf39323db,5651427,1526899389,0x3f5ce5fbfe3e9af3971dd833d26ba9b5c936f0be,0x7ea4270d456bc7b3e1c72f8a21a88a90c3d60147,0.490000000000000000,NULL,0x,0
2,0x95718d4a357dad5a9a8649ec4e2ba35099cfb143198146fbe066b8d4b9177c07,5653294,1526928057,0x003e36550908907c2a2da960fd19a419b9a774b7,0x7ea4270d456bc7b3e1c72f8a21a88a90c3d60147,0.190779777607215470,NULL,0x,0
3,0xd48092c220774f369f722bbdb58797f8d758d83510605a0720e6fd384b5bae5e,5722873,1527994373,0xf5bec430576ff1b82e44ddb5a1c93f6f9d0884f3,0x7ea4270d456bc7b3e1c72f8a21a88a90c3d60147,0.714508380000000000,NULL,0x,0
4,0x0efa7731b93c2b7c751b7e01fa71c33da47167b46439681b05de880ea4fe39aa,5729845,1528101675,0x1fc9baa3d1f4ab58a45988a323b1e0ff93a29218,0x7ea4270d456bc7b3e1c72f8a21a88a90c3d60147,1.944962880000000000,NULL,0x,0
5,0xeccdc4629e538719fd5631c8a4902a7f2063e9c5afd74f13c8d0596d34f56610,5738863,1528239691,0xfbb1b73c4f0bda4f67dca266ce6ef42f520fbb98,0x7ea4270d456bc7b3e1c72f8a21a88a90c3d60147,0.494000000000000000,NULL,0x,0
6,0x93b57b4c771df34c2900f23568e5f96d86b4cee4d41680b40f5b1c71f10d06c0,5800498,1529174110,0x67a46c88ec58eab81090e52e3a0b6394b127d110,0x7ea4270d456bc7b3e1c72f8a21a88a90c3d60147,9.999916000000000000,NULL,0x,0
7,0xfff453b13382bdc6a7f7704c66d2c19630ffe1e7b42f47b14e0d8b0f0dddfc43,5810753,1529323704,0x7ea4270d456bc7b3e1c72f8a21a88a90c3d60147,0xbe0433c528a586880422142f7901a35f356e1b48,0.500000000000000000,NULL,0x,0
8,0xc7914759a1390d6c05fcb6d065648e3ee3c4b1e12cf52a6ece5298d5bd3d06b6,5810802,1529324432,0x7ea4270d456bc7b3e1c72f8a21a88a90c3d60147,0xbe0433c528a586880422142f7901a35f356e1b48,14.331256037607215470,NULL,0x,0
