,TxHash,BlockHeight,TimeStamp,From,To,Value,ContractAddress,Input,isError
0,0xd4a12c458e3e556060ed80778fc1a2336026e319c258de86fd671ee6005bdc64,6330229,1536929211,0x416299aade6443e6f6e8ab67126e65a7f606eef5,0x81e7eae5baa0979398ba5c4b09cafcb8c690062b,1.031030630000000000,NULL,0x,0
1,0xdce08e1d1f9ecce3db0103180322abb281b88654516dfa7ff6377adf8455533e,6330262,1536929633,0xfaddd6e692275644ea21262948aef7831b963ce4,0x81e7eae5baa0979398ba5c4b09cafcb8c690062b,7.046462200000000000,NULL,0x,0
2,0x6268410755cea0235e84898d489c44e81ba53bd8dde88376f17d823f61990264,6330362,1536931164,0x6437631f9177723566114632d59d9effecec154f,0x81e7eae5baa0979398ba5c4b09cafcb8c690062b,1.000900203187084144,NULL,0x,0
3,0x585065163024b2ea0fe1682f03fbcfa0667ce45bbaf2ef866549153e67007f38,6330395,1536931535,0x8958618332df62af93053cb9c535e26462c959b0,0x81e7eae5baa0979398ba5c4b09cafcb8c690062b,1.093000000000000000,NULL,0x,0
4,0x8f9c367e4f3c4ed22b5871b307dfc0ecc23bcfb39c48ab54e09af660d0c24414,6330525,1536933650,0x9e9e97e0c3b60f8e6ab3e362cff9e134adfbffb0,0x81e7eae5baa0979398ba5c4b09cafcb8c690062b,3.200000000000000000,NULL,0x,0
5,0x80fe6ddf39b16afb0981d664e4b01d3f0a66418ab01fe66f7782c344200d4fc1,6330527,1536933659,0x51836a753e344257b361519e948ffcaf5fb8d521,0x81e7eae5baa0979398ba5c4b09cafcb8c690062b,0.995000000000000000,NULL,0x,0
6,0x2172c400f94303dcda283d21c5bc95c158b0a0127a15024b791de37a75288624,6330550,1536934119,0x3f5ce5fbfe3e9af3971dd833d26ba9b5c936f0be,0x81e7eae5baa0979398ba5c4b09cafcb8c690062b,2.428868450000000000,NULL,0x,0
7,0x265da3af083238c941a24fca7fe8b132684ea2cc97c9744dbda02d158e54795d,6330658,1536935647,0x0681d8db095565fe8a346fa0277bffde9c0edbbf,0x81e7eae5baa0979398ba5c4b09cafcb8c690062b,0.990000000000000000,NULL,0x,0
8,0xfe38560de385e50cc6460602fe7d95805b0fade32726ee88dc23558a029a0698,6330673,1536935956,0x4fed1fc4144c223ae3c1553be203cdfcbd38c581,0x81e7eae5baa0979398ba5c4b09cafcb8c690062b,0.002800000000000000,NULL,0x,0
9,0xa8a8b5b661991413fc4d7331bac7d467b4e1001d65db9ffd4cddefcc462b95d0,6330774,1536937445,0xefb58e5698c725106976ad64131c8e3bf4ce5685,0x81e7eae5baa0979398ba5c4b09cafcb8c690062b,1.100000000000000000,NULL,0x,0
10,0xe6abe7313f4aef84c64e703afe814cb7f0e23805bfc340c6ab3dcde45d57c2bf,6556943,1540133389,0x81e7eae5baa0979398ba5c4b09cafcb8c690062b,0x45e1b79a4b2d4a4873c6f2c938e5f958268b28c2,18.885982483187084144,NULL,0x,0
