,TxHash,BlockHeight,TimeStamp,From,To,Value,ContractAddress,Input,isError
0,0x5fc66b6dd7d8f34eba66984baf98afa85807f6a9948e4b3872ef11e5feace02f,6125354,1533948468,0xb9828d9d7315d9f5bfc862bfc99dc92c2c865eed,0x857e4c43d8d1c4ab0a1217c22fdb1eb87d3775c6,0.041234280000000000,NULL,0x,0
1,0x2cdd3dfa4e42826dbdaff148d19bdbbf34389a33081c0d28fe4e9f26c143293b,6125364,1533948680,0x5f3b6d57044b15fc555a30646b7c692043af1b0e,0x857e4c43d8d1c4ab0a1217c22fdb1eb87d3775c6,0.420669730000000000,NULL,0x,0
2,0xbf9c0969369af0405ec02ea6af19945f6c7c9dc28bb7c843f904b1dcc0716189,6125487,1533950417,0xccf345682e3bcf136849d99efb8e5bd3c21be1a1,0x857e4c43d8d1c4ab0a1217c22fdb1eb87d3775c6,0.500000000000000000,NULL,0x,0
3,0xa292fd0926a8377ccafd23e7c55a837d1b4f1dac54bcaf8c86c158fd0fe58151,6125497,1533950519,0xd5717e1277960490b8efd4cbe1b22ef4908f818a,0x857e4c43d8d1c4ab0a1217c22fdb1eb87d3775c6,0.200000000000000000,NULL,0x,0
4,0x068e69a761ce402b725239607616d89c9d973be5aa671d065d332dd0f8ecce78,6125582,1533951619,0x5e845344d206a0e8c020143b1e2123858e46c396,0x857e4c43d8d1c4ab0a1217c22fdb1eb87d3775c6,0.610910870000000000,NULL,0x,0
5,0x0c9f0aa283b5e4f0e7771f256a8c41ec6051e661aa3b79306a3c793073bd0912,6125597,1533951860,0x586f47c85bee7cae9455a19176c13feaafc2896d,0x857e4c43d8d1c4ab0a1217c22fdb1eb87d3775c6,0.050000000000000000,NULL,0x,0
6,0x09d9ddf2b56f301d74143ee9d554b07d991a2a947738ad8650cf031ee49db0b2,6125881,1533956013,0x564286362092d8e7936f0549571a803b203aaced,0x857e4c43d8d1c4ab0a1217c22fdb1eb87d3775c6,0.796769980000000000,NULL,0x,0
7,0x429457476e425575a75d756b3a8252e05edc0a98709b7527623b64a00fa7d3d8,6125881,1533956013,0xe5d4f33f23058bb08c8c3fe53e74b61a20be8381,0x857e4c43d8d1c4ab0a1217c22fdb1eb87d3775c6,0.599874000000000000,NULL,0x,0
8,0x043f9f8dec8bdf4211a253769bd3a7185901c60ebe34fecb5deb8e24aeb38649,6127067,1533973527,0xfcb65d1b706f14734225c9843f7542d991f1ee93,0x857e4c43d8d1c4ab0a1217c22fdb1eb87d3775c6,0.499832000000000000,NULL,0x,0
9,0x9c3df7d012857b18024422dfb056a26a8b7a99fc4333cae797fac9a7c0bd6bed,6127403,1533978609,0x0d365913cceda8781027f9a07269cf2617b90e40,0x857e4c43d8d1c4ab0a1217c22fdb1eb87d3775c6,0.700000000000000000,NULL,0x,0
10,0xa7b09c9209c06200d7c52f5daa35fa9d4bb007f53db0c4be0e3084acda215628,6129960,1534015523,0x857e4c43d8d1c4ab0a1217c22fdb1eb87d3775c6,0x397109145285966488f40ceea99618f0316d6c9e,0.100000000000000000,NULL,0x,0
11,0x483d03048a561afa26afad7c29e7d4daaac21669bc2a595970e475d4df7d682e,6130023,1534016550,0x857e4c43d8d1c4ab0a1217c22fdb1eb87d3775c6,0x360d1fb801f750296d4b8707f1b64b7f4780a638,0.200000000000000000,NULL,0x,0
12,0xcb8467040a13c4200a75da9eebfd4fbc705382c0894389201e524dc02bb0eb03,6144917,1534235716,0x857e4c43d8d1c4ab0a1217c22fdb1eb87d3775c6,0xb37e7c43f05a45bafa523a5c72bbf7b6b0ee4c1d,0.100000000000000000,NULL,0x,0
13,0x2a72d580c2d12a000899498c942f524352d843c4fc538d9798f6921c93be8df1,6144942,1534236110,0x857e4c43d8d1c4ab0a1217c22fdb1eb87d3775c6,0x31e58c4205d5fbb9d2f75217e7aa92108f67c786,0.200000000000000000,NULL,0x,0
14,0x652541906f5c827a952ec87bd377ef1c4f5769ee696fba22b1917261e6bb6ff5,6154184,1534369803,0x857e4c43d8d1c4ab0a1217c22fdb1eb87d3775c6,0x604f755afe585265eef5ac36c36b12c6fc800ae3,0.020359515420390000,NULL,0x,0
15,0xa57273a50710cf639461632f6e901ae3a35e70493c7404d212ec7b8df8a423af,6398618,1537903382,0x857e4c43d8d1c4ab0a1217c22fdb1eb87d3775c6,0x47b6b634cf4f43e98ba48e9cab8bced1e0e5114d,3.793765344579610000,NULL,0x,0
