,TxHash,BlockHeight,TimeStamp,From,To,Value,ContractAddress,Input,isError
0,0xc791d0aa9668dd8e27894d37f9b61c0df69579292ddb2f959228fb6da81fe124,5492947,1524505385,0x313858bde882ddbcbb104e30463f0ca350fea543,0x870c34e732a43e43e6a58dcbf14f4d9b823d4ca5,0.382110430000000000,NULL,0x,0
1,0xf8eac1e8d5e50e845921a428dd4b335a5e43e0f42b3d7348f37f3b5c578fd194,5492970,1524505715,0x313858bde882ddbcbb104e30463f0ca350fea543,0x870c34e732a43e43e6a58dcbf14f4d9b823d4ca5,0.516579110000000000,NULL,0x,0
2,0xf28dafca38a1d36be15c5fc099eb2eeac98d0ebeacbcceec6bbfc7889d49e917,5649136,1526865056,0xd551234ae421e3bcba99a0da6d736074f22192ff,0x870c34e732a43e43e6a58dcbf14f4d9b823d4ca5,10.000000000000000000,NULL,0x,0
3,0xedfb62219cef20040f88ebcce17715e5ef8e2cf77b44de26a83c429f007e013a,5652227,1526911738,0xaf84d582ba7acc8d27bb5251913c17fb0a5f8dad,0x870c34e732a43e43e6a58dcbf14f4d9b823d4ca5,1.470000000000000000,NULL,0x,0
4,0x6368ef5f43451d7a612c5ca21c652b0ee204ab9a97f77631a1d77cd299e0a99f,6063214,1533041685,0x870c34e732a43e43e6a58dcbf14f4d9b823d4ca5,0xe0d49f2cb863ac77b1515f409b95449a4f8456f9,0.200000000000000000,NULL,0x,0
5,0x48f0713714a1a5eb52e46a1d7501a1ced158316e0b1283f328af73f9031e337c,6117522,1533834750,0x870c34e732a43e43e6a58dcbf14f4d9b823d4ca5,0x239e18dfcbd25bc9b1bdd3acea391047b39030b7,12.000000000000000000,NULL,0x,0
6,0x6315d9bad2982381fa1c5a70caa956fd489dd9951947a8225aaacd70d6a63f88,6299254,1536484407,0x870c34e732a43e43e6a58dcbf14f4d9b823d4ca5,0x0781e59819cbb11c7ed6e9432f61053f5ff7a708,0.054019010000000000,NULL,0x,0
