,TxHash,BlockHeight,TimeStamp,From,To,Value,ContractAddress,Input,isError
0,0xd1847476ef78d06be7967af69aae65597090ee1c54245fe564f2a3729a45a059,5567416,1525627406,0x33cf5e0616e6d203e9f4966f83960220135b98be,0x89c0e39f3b3be95c238912788687dbaebe7e6a2b,0.661977310000000000,NULL,0x,0
1,0x20e4fa42da64c78a57acd17a6356cbd7686c7c63a7f1788b6008d34977b21c89,5567462,1525628171,0xef5dd4b2553faea153b936f45c404b3b95d95e55,0x89c0e39f3b3be95c238912788687dbaebe7e6a2b,1.000000000000000000,NULL,0x,0
2,0x15b08fec67d71df5e113556353e3d98944db28fe71d4347cd8078be44f8790c7,5568953,1525650080,0xbf0986641fdc9381b9bb9d3567b4929040d49eba,0x89c0e39f3b3be95c238912788687dbaebe7e6a2b,0.501224360000000000,NULL,0x,0
3,0xbe5d532ecb2c1d00505f15260dbeb6c0eb4944e74c9060c1041256ae705eb7a1,5569317,1525655198,0xfbb1b73c4f0bda4f67dca266ce6ef42f520fbb98,0x89c0e39f3b3be95c238912788687dbaebe7e6a2b,0.594000000000000000,NULL,0x,0
4,0x3a6854e03e6baf19062e372fa1281ff910edcf3cf6ca3ed55cadac7806c4eccb,5569589,1525659680,0x5521a68d4f8253fc44bfb1490249369b3e299a4a,0x89c0e39f3b3be95c238912788687dbaebe7e6a2b,2.500000000000000000,NULL,0x,0
5,0x39aa82efb2fa3d39b99efb6821e4c51dfb74ed6125a8dc521898f02416a8b8f2,5569803,1525662651,0xcf053d7ef5972fec723416dd9013154f0886fa6d,0x89c0e39f3b3be95c238912788687dbaebe7e6a2b,0.500000000000000000,NULL,0x,0
6,0x92ec9730025258bbbfab5ed61332b0b28bebdec4a1a05771e5549a98392db46a,5570123,1525667628,0x443830f4da1d1fd2c3a4d11da6dcffe9012fd6aa,0x89c0e39f3b3be95c238912788687dbaebe7e6a2b,0.500000000000000000,NULL,0x,0
7,0x232af17e42f15738b894e05a6aa444cb98feec337ca05fd018aca997e8dcb8ff,5570385,1525671298,0x64abf70fd41df0a2686600b75e227612eecde5b1,0x89c0e39f3b3be95c238912788687dbaebe7e6a2b,1.183285050000000000,NULL,0x,0
8,0xd423f3aafd180c148d6e5fd8120648c3121525b15f1a6a86f04dc5dbd1439c43,5570580,1525674247,0x06e1e1b1ad0d550a13a232ba4c2c04ddcf321c09,0x89c0e39f3b3be95c238912788687dbaebe7e6a2b,0.510000000000000000,NULL,0x,0
9,0xe4c70ac04d42d055282fa8abef99d4213cfe96e821f9c5cabf028233c8703a40,5570619,1525674973,0x532017b238c7baab39c6b789a27bbca687b66c7b,0x89c0e39f3b3be95c238912788687dbaebe7e6a2b,0.597000000000000000,NULL,0x,0
10,0xaedeaebc6e896fa1a5961b9acdae37f3d327a4a54c7b832fb644501d23012150,5570740,1525676864,0x876eabf441b2ee5b5b0554fd502a8e0600950cfa,0x89c0e39f3b3be95c238912788687dbaebe7e6a2b,0.852859660000000000,NULL,0x00,0
11,0x9c3445b72e0e3fa6f39ce5a32940a31a58420fff77002aefbfe0e9275138e966,5570748,1525677000,0xe8c0a52a36d885a1d359e392b9c6e6a06b24a3b3,0x89c0e39f3b3be95c238912788687dbaebe7e6a2b,0.030000000000000000,NULL,0x,0
12,0xfc3da3999784056f70fcc14dd7023148d49fad7131ac6f7947ce94b1d9616b0f,5570789,1525677658,0xd551234ae421e3bcba99a0da6d736074f22192ff,0x89c0e39f3b3be95c238912788687dbaebe7e6a2b,0.406019910000000000,NULL,0x,0
13,0x2eed094571e318c865ed33aaa8688f3358820bd2f41cdc3efd4c7da0572e8101,5570837,1525678189,0xd551234ae421e3bcba99a0da6d736074f22192ff,0x89c0e39f3b3be95c238912788687dbaebe7e6a2b,0.390000000000000000,NULL,0x,0
14,0x0f259297035f3a66847e1f710f0735656f18e70a9ddb4bd478857fd32079bd74,5571108,1525682353,0xe8c0a52a36d885a1d359e392b9c6e6a06b24a3b3,0x89c0e39f3b3be95c238912788687dbaebe7e6a2b,0.480000000000000000,NULL,0x,0
15,0x6a50b616fad256eab16af196215c874edc9a0fdf384a99bbe1e830fbf7c83c39,5571475,1525688327,0x0ad8eb6316bf5c04351c3a1f69a8accf1a94b0e8,0x89c0e39f3b3be95c238912788687dbaebe7e6a2b,1.000000000000000000,NULL,0x,0
16,0xcbc5ed28e8332444a7aa7086b7252622541f731d685207e12f5b85a4ec95d0c9,5571652,1525691018,0x3f5ce5fbfe3e9af3971dd833d26ba9b5c936f0be,0x89c0e39f3b3be95c238912788687dbaebe7e6a2b,7.990000000000000000,NULL,0x,0
17,0x7b13c9a8cd0c123b99c7b44059a2b18f1d83a52d3b61ed6959c194ff5001f6e8,5574673,1525735112,0x41a313bc923927a86a384c9128718300fd75c34f,0x89c0e39f3b3be95c238912788687dbaebe7e6a2b,1.246400000000000000,NULL,0x,0
18,0xef43e830479b1619404358c007b7d9c11a688b88bc6222ce9403f6107ddf23af,5576927,1525768682,0xed862fa6f3cc446bfc4c460c29f286bfcd23ba89,0x89c0e39f3b3be95c238912788687dbaebe7e6a2b,1.000000000000000000,NULL,0x,0
19,0xc1d7fbd7cab5530b1387ed4ff804deabb5784aa55bfb31a07c3d0bd29cf4c434,5576944,1525768990,0x01bcd89c75ac9da802a1bd65e93841d26623b1d6,0x89c0e39f3b3be95c238912788687dbaebe7e6a2b,1.000000000000000000,NULL,0x,0
20,0x8aa3e08449b53b1369c8e73ed99c4f98c0e806872b1b1cbf037a89d1954e8fa6,5577934,1525783776,0xe21bc8d4f47dbd9e4dd29229333d1999c33d0e87,0x89c0e39f3b3be95c238912788687dbaebe7e6a2b,0.500439230000000000,NULL,0x,0
21,0x48b5ccc0f5e059de31edc4f53b48116f273ee891eb0736c358adf4106d741b62,5600551,1526125465,0x390de26d772d2e2005c6d1d24afc902bae37a4bb,0x89c0e39f3b3be95c238912788687dbaebe7e6a2b,1.090000000000000000,NULL,0x,0
22,0xed461cd660841886ddf47d0052b7ce1af7281b6642d5fd82bede81c461f9aae3,5600616,1526126406,0xe21bc8d4f47dbd9e4dd29229333d1999c33d0e87,0x89c0e39f3b3be95c238912788687dbaebe7e6a2b,1.090000000000000000,NULL,0x,0
23,0x09380b1d82594023a71fed3a52b671f431fedf2f8b380c25ad16d838f72f9036,5609071,1526253309,0x89c0e39f3b3be95c238912788687dbaebe7e6a2b,0xd4cafc2c617805b57e3a9a101cfd1434e3838e97,25.613205520000000000,NULL,0x,0
24,0x2333fe6ed6a769f088555701f936eb52637a8d52ee04ca0245d56baa4c87d761,5622620,1526459487,0xa459b305bc5f08389854f28a796a28e44f270970,0x89c0e39f3b3be95c238912788687dbaebe7e6a2b,0.671000000000000000,NULL,0x,0
