,TxHash,BlockHeight,TimeStamp,From,To,Value,ContractAddress,Input,isError
0,0xffe66bd8804785d54e37d04ddd95158a4d74b821a75d0338ba89b0bfe8b2e88c,7048882,1547223496,0x0ea8da0fcf4c321da679f8fe9d12ddd3e401bc05,0x8a16589539096694a829d68ef8db4a95b628deef,131.002860730000000000,NULL,0x,0
1,0xb103fd71d1b7a3b0abba240fb4582b2e7dccfda9ec2074946010c38148baa70a,7049110,1547227348,0x8a16589539096694a829d68ef8db4a95b628deef,0x4817d74db306a6547f18d462f187affefaac313e,0.100000000000000000,NULL,0x,0
2,0x03d88635c81ff349f8e49218449f6dd6e8bbdf122e644b8e30e3bc323070ecb1,7049129,1547227591,0x8a16589539096694a829d68ef8db4a95b628deef,0x103b4e7f316a058a3299e601dff7e16079b72501,0.020000000000000000,NULL,0x,0
3,0xe1ae9b6e1796fca856073a4cf475bb3040a86c9d9fd25f297980331c5f2a6a8d,7049215,1547229051,0x8a16589539096694a829d68ef8db4a95b628deef,0x1ae598ea59283576d72864291d01a47d368aac22,0.100000000000000000,NULL,0x,0
4,0xb6a248e98f9828ad0ed00b91f550e40144e139df426b97af4ae3b233442caffe,7075983,1547643144,0x8a16589539096694a829d68ef8db4a95b628deef,0xd9b9919cbeda6bf4b9e63e0b6dbee65bc076f55d,5.000000000000000000,NULL,0x,0
5,0x8acfcd68380eee537ccd248894e1d9efa85fa5c0d4d61340322488c11cda1b52,7076084,1547644615,0x8a16589539096694a829d68ef8db4a95b628deef,0xc808abbc0b3c679f6406ee3e0edf9ff7b3029047,50.000000000000000000,NULL,0x,0
6,0xcbe9e972ff0b7d615fd4a77411f8a8899e007a4cc1396ba7f19c4b9bb3057b9f,7076205,1547646615,0x8a16589539096694a829d68ef8db4a95b628deef,0x0ca04974c31b011491cf9a3b27fa9039e023efe4,75.775509471000000000,NULL,0x,0
