,TxHash,BlockHeight,TimeStamp,From,To,Value,ContractAddress,Input,isError
0,0x18be8e783e72658a2c5778f16533bac2c2600cbff29d4f8545b55df6e191e189,4333343,1507037100,0x458f14497244e14f27aa4acfbce267246970049e,0x8cf893f11f6037b14f0f827b9ed6aeef38931fb4,10.000000000000000000,NULL,0x,0
1,0x22e0dab744ffc89920ae773c93db52a5a7ae252329cfa9c4a54938d2e66f5f70,4333350,1507037261,0x376f4b51286f112146e95c9d5df9cf725cca6c55,0x8cf893f11f6037b14f0f827b9ed6aeef38931fb4,1.000000000000000000,NULL,0x,0
2,0x542dd50ec1bf57d31351094579f801e8399b28a83b81155d3c1faa171638a194,4333369,1507037906,0x2a3c2bb09b9165cc0ec58b6adfd5fe7c6bc7d8b3,0x8cf893f11f6037b14f0f827b9ed6aeef38931fb4,5.000000000000000000,NULL,0x,0
3,0xf7804049f3c323953d7c1c15ec8138ae2b13301b7948f9205e8c05876b28938c,4333369,1507037906,0x938e3dfeee769539e8e9da6fb32b66ee01f8063e,0x8cf893f11f6037b14f0f827b9ed6aeef38931fb4,1.000000000000000000,NULL,0x,0
4,0x69193ae508afa593e43c2280eb75f81afaefa37dd47cccad1dac392caf573c71,4333370,1507037944,0x40eee415be5d9281ddafb9877401cbf773407732,0x8cf893f11f6037b14f0f827b9ed6aeef38931fb4,0.600000000000000000,NULL,0x,0
5,0x50130f292b69337404f8821918584e56833f99d6c30d65b92bace14e6c3683f0,4333401,1507038829,0x3251d12515d3dcf2d7de9dec8bffb3669caa8071,0x8cf893f11f6037b14f0f827b9ed6aeef38931fb4,0.043401603000000000,NULL,0x,0
6,0x4154b608b05d2e8ece7a2d2d3a3cec3a5f31bb3745945fb6f8a4cfd18e21600f,4333469,1507040762,0x7072a3f2e0be7588c0ef9a68d6107aba32fdcf17,0x8cf893f11f6037b14f0f827b9ed6aeef38931fb4,2.000000000000000000,NULL,0x,0
7,0x1aae933163b153f50714da7d07bf4d626657febdc108cc2a049faf5e9bab9d5a,4333487,1507041307,0xcce32436e9d599f030532853ece8b3dd4cf0e2f3,0x8cf893f11f6037b14f0f827b9ed6aeef38931fb4,1.200000000000000000,NULL,0x,0
8,0x0f6690b9bbf871dbb58af82a78cbab2d5219ea9ee575f08c6436bd0d1792d717,4333530,1507042940,0xec30eacdb39705ec281e10891d605cb0be41e094,0x8cf893f11f6037b14f0f827b9ed6aeef38931fb4,7.200000000000000000,NULL,0x,0
9,0x2f2865496a5744fadd5db4be10a3ae590733ff1f1d1205805838c369fbf62eb9,4333743,1507049129,0xcdecf175ad76412f219f384d158958c1bbab22c5,0x8cf893f11f6037b14f0f827b9ed6aeef38931fb4,10.000000000000000000,NULL,0x,0
10,0x7adfeac5b10ee377c3f8e7ea8a47bd910a0c4db3b3771bc34a7640ecbfac45b1,4333837,1507051565,0xddcc8ebfc3b2d711a96da87377716fb23fdd6e03,0x8cf893f11f6037b14f0f827b9ed6aeef38931fb4,29.000000000000000000,NULL,0x,0
11,0x83bc9fb0792cc217ef5092d1276c122cab372190ef193080dfec7b6f9a2c83ca,4333951,1507054779,0xb0f7ea19dd99cd4c395155a9f07988123d8392fc,0x8cf893f11f6037b14f0f827b9ed6aeef38931fb4,0.058000000000000000,NULL,0x,0
12,0xa5716307e4d50df0f85dd32f9a1f22b672ad32cae8abb7d30ae9b75737db0d0a,4334076,1507058733,0xd8cf440de3591f5bada0666f9010605f0c63f93a,0x8cf893f11f6037b14f0f827b9ed6aeef38931fb4,1.000000000000000000,NULL,0x,0
13,0x6fbc0f4e9c17247334c6f2281af05564165cd6a0dbd8e5a7f4b00bd67cf715a0,4334358,1507067124,0xc07f99cb5a24ae54ae9fb30d4e81d415d363f4d7,0x8cf893f11f6037b14f0f827b9ed6aeef38931fb4,1.000000000000000000,NULL,0x,0
14,0xabc9ed487dbf6c280fda27c2abb2151f6ccee8174e95d034f5c31d65e5549875,4334913,1507083432,0xa723bad9bdf68de45e754f39f89e2bf3cda972e9,0x8cf893f11f6037b14f0f827b9ed6aeef38931fb4,0.010000000000000000,NULL,0x,0
15,0xbe0a4f9e348fdc2d9d6779341e901425ce7787df6782c00e6820bba581c92f57,4334940,1507084118,0xe3c8288868260e13cfdb3c38d7cc2f739b3f5084,0x8cf893f11f6037b14f0f827b9ed6aeef38931fb4,3.000000000000000000,NULL,0x,0
16,0xeae305331f3446dd0c868c3364f57dd0889ff59df6ec7f46f6d3657306b982c7,4336025,1507117594,0x409fefe0212a75d8c117ac834123d462bce9635c,0x8cf893f11f6037b14f0f827b9ed6aeef38931fb4,0.140000000000000000,NULL,0x,0
17,0x23d943396e3dadd9fedb8bbbcea62c55b6ec05dc0b9bae79742360d8917d8ab2,4337134,1507149668,0x84a9e7aab31a62e2c3992c644310f35c29023421,0x8cf893f11f6037b14f0f827b9ed6aeef38931fb4,0.343910542000000000,NULL,0x,0
18,0xedaa0a8a93e948c6aeaace4d412e03eeeb79271ea1b33b51a6360faf6301604d,4339709,1507225895,0x34fa9f8c69e4e280ef02711c3e40e2975bb705af,0x8cf893f11f6037b14f0f827b9ed6aeef38931fb4,0.999607195000000000,NULL,0x,0
19,0x0f7896e765b7fbaa1d3f155991c7e679ae8706262571c16ca7f0d1da249356ea,4346901,1507443123,0xdd976409233dc467ddf7e42b53e96501df682332,0x8cf893f11f6037b14f0f827b9ed6aeef38931fb4,2.000000000000000000,NULL,0x,0
20,0x9ec8a9ed021708cbbe63d26ba29508b2fe59858267d0872a21f96a9621a379da,4352948,1507624867,0x9e73908839816a87e51215e1a1702c3bb5051abc,0x8cf893f11f6037b14f0f827b9ed6aeef38931fb4,10.000000000000000000,NULL,0x,0
21,0x31792843363366a5b6c05e0f4a4e8bee7042614bea164544966905a12f53951f,4410294,1508704831,0xdc399a12ed6ef076c701914773d9206387378e3a,0x8cf893f11f6037b14f0f827b9ed6aeef38931fb4,1.510436716000000000,NULL,0x,0
22,0xf6fe408ccc4ecae0e133a75635d9c537e2222467b5cb5fdcaba451dd0e43aba8,5015860,1517554542,0x8cf893f11f6037b14f0f827b9ed6aeef38931fb4,0x05100d807e021578968c0c4edae8692ca156d537,87.096356056000000000,NULL,0x,0
