,TxHash,BlockHeight,TimeStamp,From,To,Value,ContractAddress,Input,isError
0,0x2196fbc2a486466f68e353b7a8e71f1c095a1e59c1185b2ccf1299ceb7714b38,5702938,1527688745,0xd551234ae421e3bcba99a0da6d736074f22192ff,0x8f9f6aadaf78225b94a84ca9ca80328d0d6b21ea,10.676664090000000000,NULL,0x,0
1,0xa6142d804802dc9c74ffa419bfeb880b114222b89beb2716a2a7d0abd2ccccf7,5712992,1527842725,0xa95350d70b18fa29f6b5eb8d627ceeeee499340d,0x8f9f6aadaf78225b94a84ca9ca80328d0d6b21ea,1.000000000000000000,NULL,0x,0
2,0x4479f893ead5959db125c0d6c1faf55a9f519996b8b3f5b783d3a92dbe346bf7,5716455,1527895499,0x8f9f6aadaf78225b94a84ca9ca80328d0d6b21ea,0x27e807a795da45314213bbaa5c511bca1e433e7f,4.000000000000000000,NULL,0x,0
3,0xd2edbb8f26a998d4b368f0853d13746f31d999fe18b5756199be6914fc1bf49c,5716475,1527895762,0x8f9f6aadaf78225b94a84ca9ca80328d0d6b21ea,0x7a34bf408b5b01f56a26dc65f2a5310bf6b931e2,4.000000000000000000,NULL,0x,0
4,0xf9faf5196c8fabc7b04245b723b577d196b2d21c486c5c2f6a708ec93708cf60,5716498,1527896122,0x8f9f6aadaf78225b94a84ca9ca80328d0d6b21ea,0xfac3a95915b0eecf04d7a6de55712e200367cc26,3.670000000000000000,NULL,0x,0
5,0xb0ef882ad2c1d6a7d8b5e40d6edd0ed92131ed8636d1e405d56ca707e22d3e10,5718946,1527933698,0xe3314bbf3334228b257779e28228cfb86fa4261b,0x8f9f6aadaf78225b94a84ca9ca80328d0d6b21ea,0.095000000000000000,NULL,0x,0
6,0xe2b9261622fddfccfc9e921b492a7af13aa5129891661e5ac28a6805749927b2,5719552,1527943095,0xe88185d93a2bc46ccc8cd2872d4704a3d5c096cc,0x8f9f6aadaf78225b94a84ca9ca80328d0d6b21ea,1.000000000000000000,NULL,0x,0
7,0xc9214df01ac7034a88e62649ad0dc3def8fdc8772481573f7cd296f4a4711bd8,5724582,1528020025,0x8f9f6aadaf78225b94a84ca9ca80328d0d6b21ea,0x742f00eb420fc63104f42ead629f1978c02f551d,1.000000000000000000,NULL,0x,0
8,0x5ffd1952c964007ffb089c24683c2d13e67de4cef03bddb3813507e45ff67810,5739822,1528254015,0x8c570da85b10dcdd0fa59477bd4490590701142c,0x8f9f6aadaf78225b94a84ca9ca80328d0d6b21ea,0.500000000000000000,NULL,0x,0
9,0xd16808fdbe5dede1f7da2b3426653ba5987c30d4cd93cc0afd35008fb3560129,5749876,1528408359,0x8f9f6aadaf78225b94a84ca9ca80328d0d6b21ea,0x202bdd3806a0a34e23f0efdb84145769ce69074d,0.597000000000000000,NULL,0x,0
