,TxHash,BlockHeight,TimeStamp,From,To,Value,ContractAddress,Input,isError
0,0xf26445b90bb00fa217e66bc61abf715775201813dae2a705c0d3ae60569472fc,6140744,1534174747,0xecd8b3877d8e7cd0739de18a5b545bc0b3538566,0x91718fdc91ea6a5267fae873ea3d8f612ed5a3ba,1.581620880000000000,NULL,0x,0
1,0xdc9f494e8ee7d812ac02ac22bfea8da8004fa255ea7c439d2c6566e1f4bc3e5b,6141396,1534184513,0xc14b149ada739cd8f629ab6f99b7d7ab2797e13f,0x91718fdc91ea6a5267fae873ea3d8f612ed5a3ba,1.000000000000000000,NULL,0x,0
2,0x66a5cbc8e1965afd2cbb86834c6b258725fa146dff169b3ff94cd98f6bd01ab4,6141459,1534185430,0x479bc694549101e6f939f54c7b39db0720617372,0x91718fdc91ea6a5267fae873ea3d8f612ed5a3ba,0.003462420000000000,NULL,0x,0
3,0xf5e47ceab505125db1cf5b974b542d1221978d1e0042beb7d77a91814d4f9314,6141463,1534185490,0x9ceba7290580e5863e3cd8428c4cb1ff7fa41cd9,0x91718fdc91ea6a5267fae873ea3d8f612ed5a3ba,2.037577580000000000,NULL,0x,0
4,0x75136ae688c73afc94401746764ce241bc5b0a03fdb9bc58f77583e7f67aede2,6144413,1534228256,0xe4b3dd9839ed1780351dc5412925cf05f07a1939,0x91718fdc91ea6a5267fae873ea3d8f612ed5a3ba,5.000000000000000000,NULL,0x,0
5,0x05d3efa6baa2a8556ab886fac1dca0d2463bb80520168909b1112debc1ef13b7,6234463,1535542719,0x91718fdc91ea6a5267fae873ea3d8f612ed5a3ba,0xef99cdbd5cd2f0e2f62f3495760ff61687f71a64,9.622568480000000000,NULL,0x,0
