,TxHash,BlockHeight,TimeStamp,From,To,Value,ContractAddress,Input,isError
0,0x06858fca5d2aef68841dafeed3a6f6883523632221572919eb5f3192b5dd686f,5683444,1527390329,0xffce1fe0187440f8374cbd2ff1b52372e804e2d0,0x916d37534f95f30c35a60a58150f48c2d0ff4be2,0.175621594363454000,NULL,0x,0
1,0xd139e42f33f35a34a18e530e44e6387ed3a48097a0591c47ef64e518faee7950,5694263,1527555300,0xd551234ae421e3bcba99a0da6d736074f22192ff,0x916d37534f95f30c35a60a58150f48c2d0ff4be2,0.500000000000000000,NULL,0x,0
2,0xcbd7e667589531f5eae9b35e36c876c2a555aaeac6f80da3e69dea87f0c2750c,5697800,1527609349,0x0681d8db095565fe8a346fa0277bffde9c0edbbf,0x916d37534f95f30c35a60a58150f48c2d0ff4be2,0.694100000000000000,NULL,0x,0
3,0x96be175cddf2882535196934be19bcd569ee9f5048855927e96be58a3831468f,5714258,1527862816,0x2df5c21862d779566b48dbc734ca08401fd3719d,0x916d37534f95f30c35a60a58150f48c2d0ff4be2,0.800000000000000000,NULL,0x,0
0,0xa8ec4fce2531b54deecb4e894de2bca76fee07ccf3fbebca484e580ddf26f9b3,5731818,1528130917,0xd4f5bf184bebfd53ac276ec6e091d051d0ed459e,0x916d37534f95f30c35a60a58150f48c2d0ff4be2,0.500000000000000000,NULL,NULL,0
4,0xb1035892859bbf9b7b768e5881d8f56609bb6bbade5c969c035db4cfb3f75d8a,5731947,1528132894,0xfbb1b73c4f0bda4f67dca266ce6ef42f520fbb98,0x916d37534f95f30c35a60a58150f48c2d0ff4be2,0.030320370000000000,NULL,0x,0
5,0x9924ad0f8901936643307ca5b24dbe4ae43699e8f301a6edba5651606106324e,5838413,1529733422,0x35a577635064b1ea477e584b883499ca1fd92818,0x916d37534f95f30c35a60a58150f48c2d0ff4be2,1.800000000000000000,NULL,0x,0
