,TxHash,BlockHeight,TimeStamp,From,To,Value,ContractAddress,Input,isError
0,0xaabdaa8731fad046ff50c5385581d7e83bbe39975ce9f01e348f4fa08efb0b2b,6311570,1536661692,0x0681d8db095565fe8a346fa0277bffde9c0edbbf,0x964a7c09e3db065ece947fdb7f90bf0068a6f98e,0.490000000000000000,NULL,0x,0
1,0xf5ca974c494bf40b76d10ff5a8a3a34c28f8db7aedd04df54fa6994842280ec7,6312033,1536668942,0xd24400ae8bfebb18ca49be86258a3c749cf46853,0x964a7c09e3db065ece947fdb7f90bf0068a6f98e,7.000000000000000000,NULL,0x,0
2,0x276cd4b1b159c076db4c380c4835046414e88788e55bc48740fa2ccca46d300a,6312625,1536678259,0x244688af3ae372ae1d2f6586645bae7fe81caccf,0x964a7c09e3db065ece947fdb7f90bf0068a6f98e,28.000000000000000000,NULL,0x,0
3,0xfc6a0ee5905f306dc01e7192fba500c1eb62fcd0bb8d32e54be6749bf5591d55,6426839,1538303713,0x964a7c09e3db065ece947fdb7f90bf0068a6f98e,0x61b83582d2f2182edf54cdad898b47734e5b7808,15.000000000000000000,NULL,0x,0
4,0xb7653ab54813b89ec3478341750749d9062f5e234e95d8fdc10b51ba21744f54,6426869,1538304112,0x964a7c09e3db065ece947fdb7f90bf0068a6f98e,0x99eef580ca92451453053675116ac07c8d0023c7,20.489000000000000000,NULL,0x,0
