,TxHash,BlockHeight,TimeStamp,From,To,Value,ContractAddress,Input,isError
0,0xfde39afbf6f0e16e09073ea5d0005bbd82059bb49e752228432561d8d81d925f,6848253,1544266875,0x0f556c5ac270aba556f61c6a329d74213d36b089,0x977062d52f782564e8b2cbdc0f68f2183656474d,86.151174060000000000,NULL,0x,0
1,0x85044aa99fcaf5c1aaca6008c39aa7052ea80d315292f5f508316dad06630fa9,6854976,1544363020,0x0f556c5ac270aba556f61c6a329d74213d36b089,0x977062d52f782564e8b2cbdc0f68f2183656474d,2.795994400000000000,NULL,0x,0
2,0xa22d49adc2b229972e7e96983082063287082a75f9cd2bfe84c875586848d044,6861246,1544450891,0x5baeac0a0417a05733884852aa068b706967e790,0x977062d52f782564e8b2cbdc0f68f2183656474d,1.264295990000000000,NULL,0x,0
3,0xdbe85938b31296a65edc792921398c0011190427987e5b9f11657a30178fb706,6884584,1544783497,0x977062d52f782564e8b2cbdc0f68f2183656474d,0x83b5584f3e1ec9acfd4f99533adb2f1ab891f880,2.300000000000000000,NULL,0x,0
4,0x18f6c82e4422a5731e94929269fe77d88adf3e948e9a845fc4123ad5f9ba854f,6884623,1544784181,0x977062d52f782564e8b2cbdc0f68f2183656474d,0xdb15e40427d94c558c5966e373d0a9dfc5ecb769,27.900000000000000000,NULL,0x,0
5,0x7fc7e7d9016bc57b9d156728a97ffbcec86e920efb41f00dd3a4cdb97f9d240c,6933370,1545494570,0x977062d52f782564e8b2cbdc0f68f2183656474d,0xe915e406eae392271facbcb3cb8037852cea1ecd,1.000000000000000000,NULL,0x,0
6,0x9199bfd896c0d4ee77c5cd52997a03a4c6e56ea5e11250d475cb84ece0668240,6933403,1545495142,0x977062d52f782564e8b2cbdc0f68f2183656474d,0xdb53ffdeee10c2f4cc350cf17859d6a95b84a63f,59.008020450000000000,NULL,0x,0
