,TxHash,BlockHeight,TimeStamp,From,To,Value,ContractAddress,Input,isError
0,0xab05c2bdf113c5a688cd83e905a51106294546d67aa4650f19a7ffb5bb8cefce,6655290,1541524924,0x564286362092d8e7936f0549571a803b203aaced,0x975c5dae9d3c022fc30d065d839d2d7422de04c2,1.000000000000000000,NULL,0x,0
1,0x59aa67a668250f25f11f2fd12cb2574ca402fd8d1ed711df8fd001e04ed26a29,6655464,1541527294,0xf480f37ddf37145d3945c8bab143ccceaee08478,0x975c5dae9d3c022fc30d065d839d2d7422de04c2,0.000462449130595634,NULL,0x,0
2,0x43fb8895d53379ab3046723e460529afbaf6abd8160fad1b1aacbf921e525092,6655561,1541528760,0xe31acb8490c4e281db3432d5cf522b6cd7094aa3,0x975c5dae9d3c022fc30d065d839d2d7422de04c2,1.063201250000000000,NULL,0x,0
3,0x3c3508b5034e13c0f65b9553b9b9ec23d2b67e427572f13b7f9702562cf0b5e5,6655700,1541530725,0x346f3cdd90ec2c3027d3f47292811d85a67af4e4,0x975c5dae9d3c022fc30d065d839d2d7422de04c2,0.001000000000000000,NULL,0x,0
4,0x534d617b7e9c96d1310a9409560c0792a17e36bc54cb2ad42ad764c77776edf6,6656151,1541537143,0xce4bee3184e9c6eb692a9372c1b69b0dca39c74c,0x975c5dae9d3c022fc30d065d839d2d7422de04c2,1.000000000000000000,NULL,0x,0
5,0x0d12aae1079e6f9dc5612ea57a4c288e027df6a123781990bdcf2941fb80efb7,6656351,1541539880,0x564286362092d8e7936f0549571a803b203aaced,0x975c5dae9d3c022fc30d065d839d2d7422de04c2,5.000000000000000000,NULL,0x,0
6,0x03d243c5f4809381e3784cf02c98f1cb62c80ad19f116078f05d1bda071b0dbe,6656536,1541542366,0xeffe712bf9ecd84b150f4f1afc5af8d4ff5fc5e7,0x975c5dae9d3c022fc30d065d839d2d7422de04c2,0.010000000000000000,NULL,0x,0
7,0xbfa4eec7f33099ae5302d97b17674107ae5a09048a16ffc13cbda0f45277fc22,6656623,1541543600,0x89de84080e4b7be92f288decdabbcac30ba40a57,0x975c5dae9d3c022fc30d065d839d2d7422de04c2,0.005000000000000000,NULL,0x,0
8,0x13feab0b7f48210790bf8f8981764812a82b9095109f46457a3378f2eab4ff8c,6656629,1541543704,0x32be343b94f860124dc4fee278fdcbd38c102d88,0x975c5dae9d3c022fc30d065d839d2d7422de04c2,1.090000000000000000,NULL,0x,0
9,0x454b1e212a81289f8203fdc77aee2d910b152cd81f8d1eecaa1da8c101a96ed7,6656680,1541544470,0x564286362092d8e7936f0549571a803b203aaced,0x975c5dae9d3c022fc30d065d839d2d7422de04c2,2.090000000000000000,NULL,0x,0
10,0xc6eb0be30ab0c2b7f6e46da53d27abfd86aa5099279e17e11d5b5670fc7191e3,6656712,1541544915,0x691b26489aed5f9a5187291e940018842e63cbd7,0x975c5dae9d3c022fc30d065d839d2d7422de04c2,1.371428570000000000,NULL,0x,0
11,0x08ed95742c650bf5897568e8b22d3a91b7e7e1f81d62fc081f839dd0ae82db54,6656901,1541547749,0x0681d8db095565fe8a346fa0277bffde9c0edbbf,0x975c5dae9d3c022fc30d065d839d2d7422de04c2,0.992294330000000000,NULL,0x,0
12,0xcc53fd6dfa949198a456837ff59938a563244e6aa05944944c29855755634658,6656922,1541547985,0x3272f018cdb5660d2a707b17df4a4e922d0c3ea8,0x975c5dae9d3c022fc30d065d839d2d7422de04c2,1.009000000000000000,NULL,0x,0
13,0xd9ee4f2b2a30a846a5267763db3a7ec671d2c940d6facf31c2336efe30175cef,7698201,1557022180,0x975c5dae9d3c022fc30d065d839d2d7422de04c2,0x61124e75c3e1c9a11f13856a3932c98e8778f4f5,14.631525599130595634,NULL,0x,0
