,TxHash,BlockHeight,TimeStamp,From,To,Value,ContractAddress,Input,isError
0,0xfcae50a8fd6437d40ba50661d8f4566366b987a7d8359f4431985c96f2c3d678,2722620,1480520845,0x70faa28a6b8d6829a4b1e649d26ec9a2a39ba413,0x9af3bf0b0a117d3fbfb37dfc7fa67f9a645488fc,173.511739120000000000,NULL,0x,0
1,0x5cd9d57ae3157f88a009c85f353d33647b760c78797276e037b67a880b3a3348,2722677,1480521516,0x70faa28a6b8d6829a4b1e649d26ec9a2a39ba413,0x9af3bf0b0a117d3fbfb37dfc7fa67f9a645488fc,173.835022840000000000,NULL,0x,0
2,0x160c2343d67c384b7a3ad20200b6ba236265b8216f268df404c58741ac624a7c,2723480,1480532847,0x9af3bf0b0a117d3fbfb37dfc7fa67f9a645488fc,0x03e9a232700c14fbc15b1187a734a7de2824ea97,347.346320000000000000,NULL,0x,0
3,0xe36bf29843792579336d46a4c9c26a2480c6c145c4470f68296357d4a9fd5361,3820498,1496603257,0xbd277292843283e5308af447da322736bbe961de,0x9af3bf0b0a117d3fbfb37dfc7fa67f9a645488fc,1.000000000000000000,NULL,0x,0
4,0x39adaebb8cbc8bf93e1f7d3a54d58e2280d26b44fe5c9384436a1ff6a39fc705,3820504,1496603342,0x9af3bf0b0a117d3fbfb37dfc7fa67f9a645488fc,0x00fa1bfb59609c6e45218af93b0600e7aeed5643,0.999559000000000000,NULL,0x,0
5,0xb6092197ba4d42a34b4528952740d211240c27cf7e3811905812e991aa35b6a3,3821118,1496613927,0xfbb1b73c4f0bda4f67dca266ce6ef42f520fbb98,0x9af3bf0b0a117d3fbfb37dfc7fa67f9a645488fc,0.378278010000000000,NULL,0x,0
6,0xa2cc177b9e01990a8d03c12ece8223737e4a71159194b9cc2f3aa538c4024560,3821188,1496615071,0x70faa28a6b8d6829a4b1e649d26ec9a2a39ba413,0x9af3bf0b0a117d3fbfb37dfc7fa67f9a645488fc,0.989495050000000000,NULL,0x,0
7,0x628e5e41c48e1811f26d30c74ca7ddb24c1e255e112d724fc5411eed647fab4e,3830337,1496767206,0x91337a300e0361bddb2e377dd4e88ccb7796663d,0x9af3bf0b0a117d3fbfb37dfc7fa67f9a645488fc,19.959000010000000000,NULL,0x,0
8,0xcda54f85150f3a7bce4b4bc92f2b3c93511955be8daa596d5308cc5b112475a1,3830338,1496767215,0x32be343b94f860124dc4fee278fdcbd38c102d88,0x9af3bf0b0a117d3fbfb37dfc7fa67f9a645488fc,33.910000040000000000,NULL,0x,0
9,0xfc786ba7b4b7fad3756806531ae7eae93ce98bb1a7d412cf10fdd03748c0d036,3830392,1496767959,0x70faa28a6b8d6829a4b1e649d26ec9a2a39ba413,0x9af3bf0b0a117d3fbfb37dfc7fa67f9a645488fc,15.949677409999998976,NULL,0x,0
10,0x3d8f84f3fc5430fd7866a32538fbf7bc1fdbe083834f2da9288e0381109db934,3830407,1496768288,0x9af3bf0b0a117d3fbfb37dfc7fa67f9a645488fc,0xc5b045f3117cd7c445cd2162b73523fa489e4b78,71.186010479999990000,NULL,0x,0
11,0x61a5df2dbccd1b69fa3b376ce4114334216fbba275a06f8bff23871d62cf5057,3830410,1496768323,0x267be1c1d684f78cb4f6a176c4911b741e4ffdc0,0x9af3bf0b0a117d3fbfb37dfc7fa67f9a645488fc,50.352850000000000000,NULL,0x,0
12,0xd76b01cdf4c2ba9cba3a40df34af1892fe3a3c3450425a84bda3a92ea54c2beb,3830420,1496768506,0x9af3bf0b0a117d3fbfb37dfc7fa67f9a645488fc,0xc5b045f3117cd7c445cd2162b73523fa489e4b78,38.500000000000000000,NULL,0x,0
13,0x27743f2331ccdc26e9df3539724119a87cb7dab6c636d0a7097066c478eac6b5,3831262,1496782188,0x9af3bf0b0a117d3fbfb37dfc7fa67f9a645488fc,0x5a4160c551a4219398c5d00e62612f4c956ccc88,0.050000000000000000,NULL,0x,0
14,0x7276f5697a6af4d06efac34246003fbbe6a057c94912e6922dbb9452e45f5191,3907155,1498030640,0x9af3bf0b0a117d3fbfb37dfc7fa67f9a645488fc,0x09b8b644fbfc6ee8e5dd0f450a030e5f381a5cfa,0.014264684065777310,NULL,0x,0
15,0x1246e1c32ce7d05c15959142da1e78d9e34157bb006c4e9ea35b8ea1e188760a,3915012,1498169378,0x9af3bf0b0a117d3fbfb37dfc7fa67f9a645488fc,0x09b8b644fbfc6ee8e5dd0f450a030e5f381a5cfa,11.786821000000000000,NULL,0x,0
16,0x889161a03ed182ac46b647537795ffccab6edbeafcccac0456fda73e665e1886,3915102,1498171095,0x563b377a956c80d77a7c613a9343699ad6123911,0x9af3bf0b0a117d3fbfb37dfc7fa67f9a645488fc,3.177547810000000000,NULL,0x,0
17,0x409218b3cd9b27f462863f600596fffa16a72a4fa3262d99ce99b190ed7be8e6,3915327,1498174636,0x9af3bf0b0a117d3fbfb37dfc7fa67f9a645488fc,0x09b8b644fbfc6ee8e5dd0f450a030e5f381a5cfa,3.177107000000000000,NULL,0x,0
18,0x56739d04fde0f91c33ffcc078e00fc252aec4d8d540d1d1514c5ed6498c859f1,3919189,1498242504,0xeed16856d551569d134530ee3967ec79995e2051,0x9af3bf0b0a117d3fbfb37dfc7fa67f9a645488fc,8.243825880000000000,NULL,0x,0
19,0x77e6ce5686922f53f5a48b94ea1c735c7344d3184f90a8981399547aec3482ea,3919194,1498242601,0x9af3bf0b0a117d3fbfb37dfc7fa67f9a645488fc,0x09b8b644fbfc6ee8e5dd0f450a030e5f381a5cfa,8.243385000000000000,NULL,0x,0
20,0xda49479f18ff8039d90096e510e5c15b9d066647df3ae6d71b919d4a1e2417ed,3919226,1498243145,0x563b377a956c80d77a7c613a9343699ad6123911,0x9af3bf0b0a117d3fbfb37dfc7fa67f9a645488fc,8.232154620000000000,NULL,0x,0
21,0x4c2f3f3b7d8aabdbc35b2ec3759eee18b65b5d8569f343714cd91d4470c10a13,3919236,1498243240,0x9af3bf0b0a117d3fbfb37dfc7fa67f9a645488fc,0x09b8b644fbfc6ee8e5dd0f450a030e5f381a5cfa,8.231713000000000000,NULL,0x,0
22,0x818f5c1456e6deab2627a5b0920b36d3527172aa452f2d4144b42570246ca64d,3919328,1498245091,0xeed16856d551569d134530ee3967ec79995e2051,0x9af3bf0b0a117d3fbfb37dfc7fa67f9a645488fc,14.866131860000000000,NULL,0x,0
23,0xfbc4b1127fda467c4b4f2ec4809d3be210eac57a7473276de0efa5879df80f28,3919348,1498245429,0x9af3bf0b0a117d3fbfb37dfc7fa67f9a645488fc,0x09b8b644fbfc6ee8e5dd0f450a030e5f381a5cfa,14.865691000000000000,NULL,0x,0
24,0xfd6011230dd5158c2e74c09f1c89f00a2b46f751b7eddcc453f2e386069274d3,3924109,1498329372,0x563b377a956c80d77a7c613a9343699ad6123911,0x9af3bf0b0a117d3fbfb37dfc7fa67f9a645488fc,8.153978580000000000,NULL,0x,0
25,0x58e35fbfbd0e59db3bc56271fa579d843da2577808fc134e841c08b59b4adf04,3925239,1498348716,0x9af3bf0b0a117d3fbfb37dfc7fa67f9a645488fc,0x09b8b644fbfc6ee8e5dd0f450a030e5f381a5cfa,8.153538000000000000,NULL,0x,0
26,0x71fca04c35d234add191f6d34ab3b882abe5e644efc250ac1adfd25f3fe35114,3935285,1498524345,0x563b377a956c80d77a7c613a9343699ad6123911,0x9af3bf0b0a117d3fbfb37dfc7fa67f9a645488fc,18.981007280000000000,NULL,0x,0
27,0x1d060fc36f581456db5d8dab4581a1da816a35ae3ebfd0da11c3ad17613fb74d,3935286,1498524393,0x563b377a956c80d77a7c613a9343699ad6123911,0x9af3bf0b0a117d3fbfb37dfc7fa67f9a645488fc,9.448139910000001024,NULL,0x,0
28,0xf626583feb8a8bdad590813c847c15ddcd6226ae4983097df9e9fe9714758407,3935287,1498524401,0xeed16856d551569d134530ee3967ec79995e2051,0x9af3bf0b0a117d3fbfb37dfc7fa67f9a645488fc,18.901279820000002048,NULL,0x,0
29,0x26cc8d81c1d34512f17b01da456a13422c00ceb5f38367dfb431f9130b2069e5,3935287,1498524401,0x563b377a956c80d77a7c613a9343699ad6123911,0x9af3bf0b0a117d3fbfb37dfc7fa67f9a645488fc,18.901279820000002048,NULL,0x,0
30,0xd3c8678b5798240d2beb71974a5db0b1a9ba1375f463a29163e571a6168cf5bf,3935287,1498524401,0xeed16856d551569d134530ee3967ec79995e2051,0x9af3bf0b0a117d3fbfb37dfc7fa67f9a645488fc,18.901279820000002048,NULL,0x,0
31,0x1f0d5a8c2043518684636e9d2b088f8f832a3ad119acf8bf0fa1651931b0f73e,3935287,1498524401,0x563b377a956c80d77a7c613a9343699ad6123911,0x9af3bf0b0a117d3fbfb37dfc7fa67f9a645488fc,18.901279820000002048,NULL,0x,0
32,0x5260cbde0ae5a1a0f63981c49310547b984a07070d4bb619c646fd6414416521,3935287,1498524401,0x563b377a956c80d77a7c613a9343699ad6123911,0x9af3bf0b0a117d3fbfb37dfc7fa67f9a645488fc,18.923816440000000000,NULL,0x,0
33,0xf6839f2192c47a1f204072bfb5dff9596f094c892f5e6c48e7b5404169327323,3936047,1498537425,0x9af3bf0b0a117d3fbfb37dfc7fa67f9a645488fc,0x09b8b644fbfc6ee8e5dd0f450a030e5f381a5cfa,122.957641000000000000,NULL,0x,0
34,0x5f097b32b6b727e4cc4c7416e230a12ce48e4ba6415e193ca16d2b595c63b4d7,3937349,1498559852,0x563b377a956c80d77a7c613a9343699ad6123911,0x9af3bf0b0a117d3fbfb37dfc7fa67f9a645488fc,19.608861379999997952,NULL,0x,0
35,0xb6aa66aad5c893d18f0ce86ab5870939de969245d7b7a2f718068efc95d8580c,3937357,1498559979,0x9af3bf0b0a117d3fbfb37dfc7fa67f9a645488fc,0x09b8b644fbfc6ee8e5dd0f450a030e5f381a5cfa,18.000000000000000000,NULL,0x,0
36,0x0b94e1cf1b7fd22a922c7e11f4c3575f80bfe5af3db7c7322793398ae00c33c8,3937358,1498560005,0x9af3bf0b0a117d3fbfb37dfc7fa67f9a645488fc,0x09b8b644fbfc6ee8e5dd0f450a030e5f381a5cfa,1.607980000000000000,NULL,0x,0
37,0x9cf9248f164213c3f014cd75372a916039587ee8c3bc38e17ff6d6e749004016,3939813,1498602668,0xeed16856d551569d134530ee3967ec79995e2051,0x9af3bf0b0a117d3fbfb37dfc7fa67f9a645488fc,9.118006070000000000,NULL,0x,0
38,0x20534ece9b53f39566e46af5a1f4da8d680df8ba16302fe4231651a7df00c025,3944667,1498686900,0x9af3bf0b0a117d3fbfb37dfc7fa67f9a645488fc,0x09b8b644fbfc6ee8e5dd0f450a030e5f381a5cfa,9.117565000000000000,NULL,0x,0
39,0x62a0ace86d07222e66da0cf331c8ea9584a64a2b4b7ab46c04694dbecb9b5273,3946545,1498719217,0xeed16856d551569d134530ee3967ec79995e2051,0x9af3bf0b0a117d3fbfb37dfc7fa67f9a645488fc,15.890582320000000000,NULL,0x,0
40,0x5f13c21ed64e500c6570ca57d9c655e681eae6cc845bd9ce055ca5a9fb7c41be,3946547,1498719236,0xeed16856d551569d134530ee3967ec79995e2051,0x9af3bf0b0a117d3fbfb37dfc7fa67f9a645488fc,15.890582320000000000,NULL,0x,0
41,0x465d7bfcfa171b1a1d04bc7e8125cf0faec67cc1641dd27c6386e3020956f4a7,3946547,1498719236,0x563b377a956c80d77a7c613a9343699ad6123911,0x9af3bf0b0a117d3fbfb37dfc7fa67f9a645488fc,15.890582320000000000,NULL,0x,0
42,0x1e358e78edd363b67c06f18f469165464c57510bc5454866e0c0c1087f459b7e,3946548,1498719273,0xeed16856d551569d134530ee3967ec79995e2051,0x9af3bf0b0a117d3fbfb37dfc7fa67f9a645488fc,15.887498980000000000,NULL,0x,0
43,0x76e087bf67a9dde0ee4fa0fd1f721b81e7f5aed6c95c5fcd3053ccd3b46fa59b,3946549,1498719276,0xeed16856d551569d134530ee3967ec79995e2051,0x9af3bf0b0a117d3fbfb37dfc7fa67f9a645488fc,15.881126700000000000,NULL,0x,0
44,0x534e294d05c0d783d7558020a022fb9a834476f448c6ad6340985e4b14b1e2dc,3946549,1498719276,0xeed16856d551569d134530ee3967ec79995e2051,0x9af3bf0b0a117d3fbfb37dfc7fa67f9a645488fc,15.881126700000000000,NULL,0x,0
45,0x5178316fa19c67e0e59ae20fc10df2f295ecc8101a6d5d1de6051ddb9d69f799,3946580,1498719799,0x9af3bf0b0a117d3fbfb37dfc7fa67f9a645488fc,0x09b8b644fbfc6ee8e5dd0f450a030e5f381a5cfa,95.321058000000000000,NULL,0x,0
46,0xce7bf78ab844d224e64b42108eb316a6a6273e8c3d912cff59119dc5a7fcbf9b,3950014,1498779151,0xeed16856d551569d134530ee3967ec79995e2051,0x9af3bf0b0a117d3fbfb37dfc7fa67f9a645488fc,0.703733820000000000,NULL,0x,0
47,0x1edefc3b7ea342185aa1d51261657d13a279dc9c8cfb5edaa33bd91d769f19a7,3952202,1498816887,0x563b377a956c80d77a7c613a9343699ad6123911,0x9af3bf0b0a117d3fbfb37dfc7fa67f9a645488fc,16.766186440000000000,NULL,0x,0
48,0xf5f991dce8736e1ddc9a941fd400de9ecab493b2f1c25ad985625af8d8ae681a,3952202,1498816887,0xeed16856d551569d134530ee3967ec79995e2051,0x9af3bf0b0a117d3fbfb37dfc7fa67f9a645488fc,16.766186440000000000,NULL,0x,0
49,0x244c03e58e4d4d017e3fb184eec58737b5a6f134bb37e0336a3e49e9f63d3343,3952203,1498816902,0x563b377a956c80d77a7c613a9343699ad6123911,0x9af3bf0b0a117d3fbfb37dfc7fa67f9a645488fc,16.766186440000000000,NULL,0x,0
50,0x81e942c38e2443c4bb7c44770c595aeb0bb0de6bb7c76fda4259dd6f397967c9,3952203,1498816902,0xeed16856d551569d134530ee3967ec79995e2051,0x9af3bf0b0a117d3fbfb37dfc7fa67f9a645488fc,16.766186440000000000,NULL,0x,0
51,0x7dbe0bccd5912cae78eca7f049f6bdbd57fd452fd8379c866324fc7b9427deef,3952204,1498816930,0xeed16856d551569d134530ee3967ec79995e2051,0x9af3bf0b0a117d3fbfb37dfc7fa67f9a645488fc,16.682330510000001024,NULL,0x,0
52,0x5d17a013ab229c71b1c772865ea8f5762b8264df013acd82121d1da01966caed,3952209,1498817038,0x9af3bf0b0a117d3fbfb37dfc7fa67f9a645488fc,0x09b8b644fbfc6ee8e5dd0f450a030e5f381a5cfa,84.450369000000000000,NULL,0x,0
53,0x57fa6497f28839e741bd7c4f67184ef7ea9e86a1b1a84dd0868066691e7467f6,4022235,1500057580,0x3b0bc51ab9de1e5b7b6e34e5b960285805c41736,0x9af3bf0b0a117d3fbfb37dfc7fa67f9a645488fc,11.370083040000000000,NULL,0x,0
54,0x07b63dbffaa47ba9b107fea6330c6021760200b2a181b6f891e88cdff9cff86a,4022814,1500068405,0x9af3bf0b0a117d3fbfb37dfc7fa67f9a645488fc,0x09b8b644fbfc6ee8e5dd0f450a030e5f381a5cfa,11.369642000000000000,NULL,0x,0
55,0x262948e03fba6826322ee640cfa2cc1782d56fd7b1a905548363f7a50d160e0c,4022876,1500069361,0xd3273eba07248020bf98a8b560ec1576a612102f,0x9af3bf0b0a117d3fbfb37dfc7fa67f9a645488fc,22.281472860000002048,NULL,0x,0
56,0x85d8db157c564132b49e6750f975eaab30c26aaeff946b551ff394fa3172851b,4023147,1500074421,0x9af3bf0b0a117d3fbfb37dfc7fa67f9a645488fc,0x09b8b644fbfc6ee8e5dd0f450a030e5f381a5cfa,22.281032000000000000,NULL,0x,0
57,0x59b9b20e486ca4010928fb2c6f12c3c56a8d3355a9fb6ee469378967b2839210,4027683,1500160333,0xeed16856d551569d134530ee3967ec79995e2051,0x9af3bf0b0a117d3fbfb37dfc7fa67f9a645488fc,26.357267809999998976,NULL,0x,0
58,0xe16ff0eee3547cd6da2a359b57369e851eb365cdb1999a5da645636cf437ba54,4033817,1500276376,0x9af3bf0b0a117d3fbfb37dfc7fa67f9a645488fc,0x09b8b644fbfc6ee8e5dd0f450a030e5f381a5cfa,26.356827000000000000,NULL,0x,0
59,0xc38b181d73e51bbbc07cd8fc03cfa50b5e90d8d3a57c49507d249b5937e06df3,4033899,1500277575,0xeed16856d551569d134530ee3967ec79995e2051,0x9af3bf0b0a117d3fbfb37dfc7fa67f9a645488fc,8.127496640000000000,NULL,0x,0
60,0xe7c1d3dd31be478ae6c9504c253d42d9d61ab1e7b6abe957997d99ffd036b50d,4034413,1500287746,0x9af3bf0b0a117d3fbfb37dfc7fa67f9a645488fc,0x09b8b644fbfc6ee8e5dd0f450a030e5f381a5cfa,8.127056000000000000,NULL,0x,0
61,0xc1575f5dc43ab23877ed691127d6517b243821cbaf7eb7effa6b15f920746944,4034449,1500288491,0xeed16856d551569d134530ee3967ec79995e2051,0x9af3bf0b0a117d3fbfb37dfc7fa67f9a645488fc,25.389615740000002048,NULL,0x,0
62,0x757958c334dd43435f49c4abe311a756401dfa9a0f94e0e4bbbc09510e8f71ff,4035310,1500305829,0x9af3bf0b0a117d3fbfb37dfc7fa67f9a645488fc,0x09b8b644fbfc6ee8e5dd0f450a030e5f381a5cfa,25.389174000000000000,NULL,0x,0
63,0x10aa342825b7cab0893a473ff123866652a7bdd13321aa56a3359889ced0147b,4140024,1502361938,0x563b377a956c80d77a7c613a9343699ad6123911,0x9af3bf0b0a117d3fbfb37dfc7fa67f9a645488fc,11.173953540000000000,NULL,0x,0
66,0xcb9e23733650930faba8186859124f699c552987d8e05f3bec9e411f11c6acc3,4140026,1502362033,0x3b0bc51ab9de1e5b7b6e34e5b960285805c41736,0x9af3bf0b0a117d3fbfb37dfc7fa67f9a645488fc,11.173827369999998976,NULL,0x,0
64,0x4013580d88aa33558de8410221824a8efafae647de900d076daded708dfcc775,4140026,1502362033,0x563b377a956c80d77a7c613a9343699ad6123911,0x9af3bf0b0a117d3fbfb37dfc7fa67f9a645488fc,11.169161230000001024,NULL,0x,0
65,0x48fd7c2a130e8118f5f76edf4990d340433b75b44e819b7e5b07fe4fb466849f,4140026,1502362033,0xeed16856d551569d134530ee3967ec79995e2051,0x9af3bf0b0a117d3fbfb37dfc7fa67f9a645488fc,11.173827369999998976,NULL,0x,0
67,0x1a45b8f4620878da3bc70a6f419a1fbf5be02bf3bb17117de2369bf50798ce41,4140027,1502362048,0xeed16856d551569d134530ee3967ec79995e2051,0x9af3bf0b0a117d3fbfb37dfc7fa67f9a645488fc,11.173827369999998976,NULL,0x,0
68,0xe686d0ea71b5013d106c498cc4699deae0a3de82488f4e09f5382f0020e6807b,4140389,1502370352,0x563b377a956c80d77a7c613a9343699ad6123911,0x9af3bf0b0a117d3fbfb37dfc7fa67f9a645488fc,15.387222220000000000,NULL,0x,0
69,0x38f3485a90cdf840e2f4cdacb01390bca8ba28adea4625deab2834b47dd94540,4154131,1502659713,0x3b0bc51ab9de1e5b7b6e34e5b960285805c41736,0x9af3bf0b0a117d3fbfb37dfc7fa67f9a645488fc,16.281653870000001024,NULL,0x,0
70,0x6fb5a5d255d4f94d6ad92629070a78eb1e13f8f728a7a2a31ac26779a47189c6,4154135,1502659763,0x563b377a956c80d77a7c613a9343699ad6123911,0x9af3bf0b0a117d3fbfb37dfc7fa67f9a645488fc,16.415297660000000000,NULL,0x,0
71,0xe752927ac8b2f97f6666009b7882d153ddc07f34089aeb46b470cedb27e26e45,4154183,1502660665,0x9af3bf0b0a117d3fbfb37dfc7fa67f9a645488fc,0x09b8b644fbfc6ee8e5dd0f450a030e5f381a5cfa,100.000000000000000000,NULL,0x,0
72,0x1115f91edfdbdfa264f6f2ab65edb595c1995076e853f06259cc7419de46382d,4170743,1503005925,0x9af3bf0b0a117d3fbfb37dfc7fa67f9a645488fc,0x09b8b644fbfc6ee8e5dd0f450a030e5f381a5cfa,3.923130000000000000,NULL,0x,0
73,0x14440a6073f7d913e45e49ec0ccffa2bbba17f6347c7be71e18049b4d76be034,4194581,1503497888,0x3b0bc51ab9de1e5b7b6e34e5b960285805c41736,0x9af3bf0b0a117d3fbfb37dfc7fa67f9a645488fc,26.234724200000000000,NULL,0x,0
74,0x7a4a99b7bbbf27d1e929be294227b1001c0d69b8011b006146a7b675f7a1dba2,4195404,1503514804,0x9af3bf0b0a117d3fbfb37dfc7fa67f9a645488fc,0x09b8b644fbfc6ee8e5dd0f450a030e5f381a5cfa,26.259042000000000000,NULL,0x,0
77,0x61b041718d94574b936936ac21a653a0fa7093dd32e34037a5fdfc999d1847c8,4195601,1503518738,0x563b377a956c80d77a7c613a9343699ad6123911,0x9af3bf0b0a117d3fbfb37dfc7fa67f9a645488fc,25.567074979999997952,NULL,0x,0
78,0x4e8dfb0623fd1a9961df2f12bee62fcd1ead8c28721553d4112c500b61c7eb02,4195601,1503518738,0x3b0bc51ab9de1e5b7b6e34e5b960285805c41736,0x9af3bf0b0a117d3fbfb37dfc7fa67f9a645488fc,25.567074979999997952,NULL,0x,0
75,0xf06bcddd26379f60cf77717c9c80a23923f87e3cbe4dabf17a1254102bff2e6b,4195601,1503518738,0xeed16856d551569d134530ee3967ec79995e2051,0x9af3bf0b0a117d3fbfb37dfc7fa67f9a645488fc,25.567074979999997952,NULL,0x,0
76,0x3620010d1a7681415f4d9561d6ddaf8a2927870b44feae22a97eba341e577914,4195601,1503518738,0xeed16856d551569d134530ee3967ec79995e2051,0x9af3bf0b0a117d3fbfb37dfc7fa67f9a645488fc,25.567074979999997952,NULL,0x,0
79,0x8a799b0147862a571980ed6a60db3625605a6bf0f19560d1b1b7446054477b08,4195660,1503519899,0x9af3bf0b0a117d3fbfb37dfc7fa67f9a645488fc,0x09b8b644fbfc6ee8e5dd0f450a030e5f381a5cfa,100.000000000000000000,NULL,0x,0
80,0x78b484bbc5221334c00001589ca5ddf8dea6e33d17c903a3e09bfa9aff71d7a0,4200818,1503627378,0xd3273eba07248020bf98a8b560ec1576a612102f,0x9af3bf0b0a117d3fbfb37dfc7fa67f9a645488fc,26.335983420000002048,NULL,0x,0
81,0x5edb9349f90b79651cc51b9fd739b5348e1c18bddfdbebd6c53d57455e4bf930,4200818,1503627378,0x3b0bc51ab9de1e5b7b6e34e5b960285805c41736,0x9af3bf0b0a117d3fbfb37dfc7fa67f9a645488fc,26.351754160000000000,NULL,0x,0
82,0x439f71075947d38441e58d2c1d222bf3aa7315b056e66b522aecf4a425a0160f,4200819,1503627432,0xeed16856d551569d134530ee3967ec79995e2051,0x9af3bf0b0a117d3fbfb37dfc7fa67f9a645488fc,26.335983420000002048,NULL,0x,0
83,0xeb4bc968891b5d080a9ab483d2187427d440bc9dbb383f3b73401210b98aa6d9,4200819,1503627432,0xeed16856d551569d134530ee3967ec79995e2051,0x9af3bf0b0a117d3fbfb37dfc7fa67f9a645488fc,26.327580080000000000,NULL,0x,0
84,0x259edb4bd9d509474a8ff9ad0e38a22dbf58164200ef0f6b4b754531316977e9,4200819,1503627432,0x3b0bc51ab9de1e5b7b6e34e5b960285805c41736,0x9af3bf0b0a117d3fbfb37dfc7fa67f9a645488fc,26.327580080000000000,NULL,0x,0
85,0x6e87a9ccde3763992045ab9cdd8c27dabe44d1170329cb53eda9c28a5d5f4421,4201032,1503632426,0x9af3bf0b0a117d3fbfb37dfc7fa67f9a645488fc,0x09b8b644fbfc6ee8e5dd0f450a030e5f381a5cfa,133.500000000000000000,NULL,0x,0
86,0xd6eedc57fb94bd9dc50f264b0a6584a02618d6a3ab22374e0f792a5410818269,4247214,1504766577,0x563b377a956c80d77a7c613a9343699ad6123911,0x9af3bf0b0a117d3fbfb37dfc7fa67f9a645488fc,27.481208000000000000,NULL,0x,0
87,0x5496874bffa0bd33beed0b55439182351e41e2bec17ca3a751aeec638d5d839b,4247215,1504766641,0xeed16856d551569d134530ee3967ec79995e2051,0x9af3bf0b0a117d3fbfb37dfc7fa67f9a645488fc,27.473203920000000000,NULL,0x,0
88,0xd800c7b262c76b3839b7f059ab211e254e42bb1f15be6d1e0995efa0fe7ccc39,4247215,1504766641,0xd3273eba07248020bf98a8b560ec1576a612102f,0x9af3bf0b0a117d3fbfb37dfc7fa67f9a645488fc,27.455687440000000000,NULL,0x,0
90,0xc461e4de81f468522409a9d422b15b9de7d3ee9a025b9d1d2b6c8dad8649943a,4247278,1504768354,0x3b0bc51ab9de1e5b7b6e34e5b960285805c41736,0x9af3bf0b0a117d3fbfb37dfc7fa67f9a645488fc,13.701704569999998976,NULL,0x,0
89,0xa12f1a2c6a80ed27f6de74144dcae8bd1dc14542c080ac10eaa445f8d0f027ff,4247278,1504768354,0xd3273eba07248020bf98a8b560ec1576a612102f,0x9af3bf0b0a117d3fbfb37dfc7fa67f9a645488fc,10.944847920000000000,NULL,0x,0
91,0xfc4da45c6e75be71bcb2d4b47bfb41f3649cb18d523b81b8f81eb02cef47e9d5,4247282,1504768481,0x9af3bf0b0a117d3fbfb37dfc7fa67f9a645488fc,0xa226677c70f49d21fad5cb6cb897697c3033366f,101.000000000000000000,NULL,0x,0
92,0x71931b1685930aff56b76769fc0ecbfe7d6cb281a7018865234ae0fa54888829,4266410,1505231018,0x9af3bf0b0a117d3fbfb37dfc7fa67f9a645488fc,0xf773098cb3711c7ed34ae0440255df55f7a9b9e1,0.300000000000000000,NULL,0x,0
93,0x91487e6ebb7b18e5b6320c62fa8903db3fa72024de664ab570d8667d1d0dc553,4329721,1506925961,0x9af3bf0b0a117d3fbfb37dfc7fa67f9a645488fc,0xc0f3aa6162d6ced8bb9491fe49c55c3eea1e0044,3.647981170000000000,NULL,0x,0
94,0x00d8c0bd3529a131f9e69379d2151e01ff8cb5e8ce24dd23b297251d886dfa68,4333083,1507028678,0x3b0bc51ab9de1e5b7b6e34e5b960285805c41736,0x9af3bf0b0a117d3fbfb37dfc7fa67f9a645488fc,14.717518510000001024,NULL,0x,0
95,0xd9513f279bd12e163147b07bf940dad8b03f28c5b624d7a3849ccee0549fe3f8,4334259,1507064393,0x9af3bf0b0a117d3fbfb37dfc7fa67f9a645488fc,0x338620f16be9c0fb78eb868a6cb878798085f1c5,6.000000000000000000,NULL,0x,0
96,0xb2b31de20fa5c16705e92c2b8b0f7d785a29b25265c3254caac916575b4c43d9,4334282,1507065186,0xd3273eba07248020bf98a8b560ec1576a612102f,0x9af3bf0b0a117d3fbfb37dfc7fa67f9a645488fc,14.631457980000000000,NULL,0x,0
97,0x7a365e5a8bc4e6313e1490042969417ce0e7457c335e69597c8db5a9ffe9d618,4334284,1507065229,0x3b0bc51ab9de1e5b7b6e34e5b960285805c41736,0x9af3bf0b0a117d3fbfb37dfc7fa67f9a645488fc,14.631457980000000000,NULL,0x,0
98,0xf9fa7816228d104864dab0f8988c67ce2a82ab51f7646936658308e49ba0e5e8,4345603,1507404030,0x9af3bf0b0a117d3fbfb37dfc7fa67f9a645488fc,0xa226677c70f49d21fad5cb6cb897697c3033366f,40.533253005934237810,NULL,0x,0
99,0x8f7254f170c1215654b0c36543c3dae6a96b52f3c512d19e1d9af19025a13ccb,4345626,1507404636,0x563b377a956c80d77a7c613a9343699ad6123911,0x9af3bf0b0a117d3fbfb37dfc7fa67f9a645488fc,13.997459249999998976,NULL,0x,0
100,0xc45d531a708efe3d0cf39d911bf07d4ce2ab81bd16ea47eaf7464f2fca062ec3,4345626,1507404636,0x3b0bc51ab9de1e5b7b6e34e5b960285805c41736,0x9af3bf0b0a117d3fbfb37dfc7fa67f9a645488fc,13.997459249999998976,NULL,0x,0
101,0xdfd191eefd0eabbf1334e5e7d68e88758ead2e7dfa70bf6978bc1a8e5e556072,4345626,1507404636,0xd3273eba07248020bf98a8b560ec1576a612102f,0x9af3bf0b0a117d3fbfb37dfc7fa67f9a645488fc,13.997459249999998976,NULL,0x,0
102,0x67be00564c2b87432b56f4d8941d37a457b288c1b09c38798f3e1e22eff20f80,4349017,1507506665,0x9af3bf0b0a117d3fbfb37dfc7fa67f9a645488fc,0xa226677c70f49d21fad5cb6cb897697c3033366f,41.992100000000000000,NULL,0x,0
103,0x16b4c1e50c55fec1f8172b71d7b13db88ae6a16ac18a31aaddf0c675d9dd0bf0,4750611,1513546408,0xd3273eba07248020bf98a8b560ec1576a612102f,0x9af3bf0b0a117d3fbfb37dfc7fa67f9a645488fc,5.197757690000000000,NULL,0x,0
0,0xdd6b769bcb785a126b63b6d2aab75a556f23b959257c70f421a68eaef6f4a19f,5430255,1523580564,0x31a240648e2baf4f9f17225987f6f53fceb1699a,0x9af3bf0b0a117d3fbfb37dfc7fa67f9a645488fc,7.777777777E-9,NULL,NULL,0
