,TxHash,BlockHeight,TimeStamp,From,To,Value,ContractAddress,Input,isError
0,0x5e44e0f33d4996ef46814a1457d4b12ce439d87b58af754a070a72dcfcdcfe1b,5572827,1525708377,0x0b078896a3d9166da5c37ae52a5809aca48630d4,0x9b76ad3435e2cbd4e08feea210a9972465a4748c,0.512000000000000000,NULL,0x,0
1,0x89aff4629e980876c3474fe9fcf183e80a98f81f0feb30413645533020da18a2,5575577,1525748568,0x7ad61cfe868ceb33754876d190409406386e5f10,0x9b76ad3435e2cbd4e08feea210a9972465a4748c,0.990000000000000000,NULL,0x,0
2,0x3c9bb94075673e2d1c5487db99c1aed33889af70af0fdfd7bde4dc9643ede5d8,5575974,1525754434,0xe717c02e71998d269838f2b9426abefe20e35d69,0x9b76ad3435e2cbd4e08feea210a9972465a4748c,0.013120948907024955,NULL,0x,0
3,0x6653509770b16f6faf7d5d0f0157ed8e6313ef992f927e1ebd70d636a858b724,5579399,1525805858,0x9b76ad3435e2cbd4e08feea210a9972465a4748c,0x2154fc57638a20ad7009fe1a113fb5760e51dd15,1.513041948907024955,NULL,0x,0
