,TxHash,BlockHeight,TimeStamp,From,To,Value,ContractAddress,Input,isError
0,0xd67ecd61e57bc69e12f5f55fc9ceb5263e85dbde2c8f893da8331062ff3ba596,5128885,1519196423,0x58502b73dfac2a0cf928223ebfd9accfda31339b,0x9cdfc5b0aca4527a0916412e9dbd6ad85556a494,1.000000000000000000,NULL,0x,0
1,0xed6694ae949456f7239e85ffc0b0b4a7e4625206228a0df54427f31bb74dec31,5128887,1519196472,0x65722cb20480315a24d59fab723e4826185d8939,0x9cdfc5b0aca4527a0916412e9dbd6ad85556a494,0.110000000000000000,NULL,0x,0
2,0xdcd24ca42a9426f89b0e86bd918437935259dcef69a30f2fa81b91a9f0da0b1a,5128889,1519196491,0xebd7e4027c9334ca70aabb6e266536597e5077c2,0x9cdfc5b0aca4527a0916412e9dbd6ad85556a494,1.000000000000000000,NULL,0x,0
3,0xb1336e4ad99d6f6da3f3dea7d453a161676ef304dab0ef3f1436d14931bfb625,5128890,1519196513,0x916ae4ca99fbce5c0d3bced598a2936eecfbd7fc,0x9cdfc5b0aca4527a0916412e9dbd6ad85556a494,1.000000000000000000,NULL,0x,0
4,0xecd4eb3ad61fe80ae57c6e2c90284fe8df920c3006db2d14ef467042c965a37f,5128891,1519196534,0x095c014039a014a6974eaaa3fa01d43150d343f8,0x9cdfc5b0aca4527a0916412e9dbd6ad85556a494,1.000000000000000000,NULL,0x,0
5,0xbabad476052582d655c3cd9eb8733f61d444efb3866fc53c3f1a2010c1c0ade2,5128891,1519196534,0xc8867946f20be493fa43b3463fd4fd3313ee9861,0x9cdfc5b0aca4527a0916412e9dbd6ad85556a494,1.000000000000000000,NULL,0x,0
6,0x91b3e0f99991f584be48ab5fdb8007575061859e83c940592af070b6f3431fcb,5128891,1519196534,0x56e61a1f764b68025e74b42b0dac99f9045c9d27,0x9cdfc5b0aca4527a0916412e9dbd6ad85556a494,0.970000000000000000,NULL,0x,0
7,0xc43fe48d75bc1e07aab5a47b7d54dc8a95d9b7e1824e0d99c0c18f2f31429621,5128891,1519196534,0xdd0b4942fa3fb97a625d4c97fe365bb24c20e9a0,0x9cdfc5b0aca4527a0916412e9dbd6ad85556a494,0.500000000000000000,NULL,0x,0
8,0x9718f0f01765ee5d7905de78f8276c63693947632083ed6f5848c0bd7f2e7b03,5128891,1519196534,0x66c63f12d94e8e2302ac724d9be02128059985d1,0x9cdfc5b0aca4527a0916412e9dbd6ad85556a494,1.000000000000000000,NULL,0x,0
9,0xef7f5cb997636e38aefcc083cb49d63c0861340c15b099c2c9135c9beb13522f,5128892,1519196561,0xa7b0774393e779ef7ea31698fc26b42945932100,0x9cdfc5b0aca4527a0916412e9dbd6ad85556a494,1.000000000000000000,NULL,0x,0
10,0x50ea89238a2ea5e620a14a5d136a8105406634a6123b5c6b7bfdeb62be4f4379,5128895,1519196611,0xd01a1cd763cd330ca95f458e43d4df95efe33152,0x9cdfc5b0aca4527a0916412e9dbd6ad85556a494,1.000000000000000000,NULL,0x,0
11,0x958fb83d4a7283289380bd7d69bcc44cb89370718c1bb7c90cf7a5110d894f63,5128897,1519196636,0x660f85c1cb1d764626431d85c7bb886de48d878a,0x9cdfc5b0aca4527a0916412e9dbd6ad85556a494,0.025000000000000000,NULL,0x,0
12,0xdfbc725586e660f83da54d50ed7b1870f2273b7ef7118521b30b13199f764428,5128898,1519196643,0xac8f0f982e7e6e70c341a8ea815d346faed8f516,0x9cdfc5b0aca4527a0916412e9dbd6ad85556a494,1.000000000000000000,NULL,0x,0
13,0x24f660d91775ae9bc992526bdc8b41c555e905799f62a3b67907278eb51659f8,5128904,1519196706,0x3e6627c04938a807c57573004222696bae9be6c2,0x9cdfc5b0aca4527a0916412e9dbd6ad85556a494,1.000000000000000000,NULL,0x,0
14,0x9e2472e1a760e135df4deac1a7126cbf89210428a8093cdadbc0d43005d3b880,5128904,1519196706,0xe9b726d33d869ec037184c58eb211457dc31dcfc,0x9cdfc5b0aca4527a0916412e9dbd6ad85556a494,0.250000000000000000,NULL,0x,0
15,0xe08b7b729fabe67497dcd872ef61d20360bf3fdbc8f0f4ae3db42791398c1ba7,5128909,1519196753,0x91b08925e2055c8ef07bd5bfc4eea990452c20d4,0x9cdfc5b0aca4527a0916412e9dbd6ad85556a494,0.500000000000000000,NULL,0x,0
16,0x0286e8b813eef789ab994b165eaf6265edd9aa5ec414c278b9aab5f1d43b7579,5128910,1519196770,0x94f64e37bf4ea9113c5dcfd1f365399f9f5f70d5,0x9cdfc5b0aca4527a0916412e9dbd6ad85556a494,1.000000000000000000,NULL,0x,0
17,0x8d33989d43e2030af00f9efe301a10fee4c017943dc337773d1613292abc37ea,5128913,1519196820,0xc604f963358845bccd6471a1d38008288a5f1215,0x9cdfc5b0aca4527a0916412e9dbd6ad85556a494,1.000000000000000000,NULL,0x,0
18,0xdd8533aa9959a4c746460145fa02f8ece4de5dc63bc67473f8f574fa4f8d1c52,5128913,1519196820,0xf1afd763cacb9f20df05cc12442984a7bf2f45e1,0x9cdfc5b0aca4527a0916412e9dbd6ad85556a494,1.000000000000000000,NULL,0x,0
19,0x7ae22ee2e6bcf27e1460cb749020bf9caf155b6c768aecf180a9176ae0863fae,5130679,1519223363,0x56e61a1f764b68025e74b42b0dac99f9045c9d27,0x9cdfc5b0aca4527a0916412e9dbd6ad85556a494,0E-18,NULL,0x,0
20,0x51e733b8e1e727f9d3ca8294a42835110ff45b36bd413e2a8288a9a56817552d,5164988,1519728995,0x9cdfc5b0aca4527a0916412e9dbd6ad85556a494,0xc970751affea82f05327f9cf2ac7244d85a4a800,15.354139000000000000,NULL,0x,0
