,TxHash,BlockHeight,TimeStamp,From,To,Value,ContractAddress,Input,isError
0,0x3f45557187419a0e3acfa99710521f78b7eeb6a390046f412a696128076b1540,5593042,1526012231,0xab0f0f05181ec7d1a4207e85ddf0fdbdca00e5b4,0x9db99e73c52bcc353963022ac184a25e80f655bd,0.020000000000000000,NULL,0x,0
1,0x0e3acccdb903988fdc0a360aa2863e0825bd2a25e10a1ab6ad5ce652bf83825f,5593195,1526014450,0x4eb65966c5f93416af5ad74f60ee1e7873ea026e,0x9db99e73c52bcc353963022ac184a25e80f655bd,0.100000000000000000,NULL,0x,0
2,0x9f717760764fb4c033300dd34595016c3ef3c1f43b130ad573bbf2396ca21051,5593200,1526014537,0x4eb65966c5f93416af5ad74f60ee1e7873ea026e,0x9db99e73c52bcc353963022ac184a25e80f655bd,3.000000000000000000,NULL,0x,0
3,0xd039566b827fea1e2bc70a00b89b76a9ce0b93f6d45b42eac38b5cc7e6c5c002,5593709,1526022361,0x305978734f5d5f52ddaee6740bffec9142186538,0x9db99e73c52bcc353963022ac184a25e80f655bd,0.990000000000000000,NULL,0x,0
4,0x0ffdc94aa9e8450641cac3e43630b232db5d6883869e7b468f64972c7027a0d5,5710933,1527810700,0x9db99e73c52bcc353963022ac184a25e80f655bd,0x97418c4da89012fbbdae6d53cc6be0e35ee4ecdb,4.109139000000000000,NULL,0x,0
