,TxHash,BlockHeight,TimeStamp,From,To,Value,ContractAddress,Input,isError
0,0x704635e1e15cdc2a5a05b991564360fbb274378e95f739f320f7c86fd39ecd16,5849784,1529898865,0xd551234ae421e3bcba99a0da6d736074f22192ff,0x9e9e3b124370c763d1a4e838069da3dfdbfca059,0.500000000000000000,NULL,0x,0
1,0x8c0164632c6e62c591234be55c20d65c463c01a077eb4c06221b5cea37b4c936,5849788,1529898907,0x51836a753e344257b361519e948ffcaf5fb8d521,0x9e9e3b124370c763d1a4e838069da3dfdbfca059,0.506637880000000000,NULL,0x,0
2,0xee327a3f82f04359323ea38453b3ace73efebaa59ca5e1f173b6ded0ad6b56ca,5849813,1529899319,0x3f5ce5fbfe3e9af3971dd833d26ba9b5c936f0be,0x9e9e3b124370c763d1a4e838069da3dfdbfca059,0.090150900000000000,NULL,0x,0
3,0xa74ece3b5921d7df1dde20f97dbc973f3d86a7724b8c5de4f4124142a9a1572c,5849872,1529900286,0x21757f6d3af44047cb5775b21db3cf90d19757d9,0x9e9e3b124370c763d1a4e838069da3dfdbfca059,0.005000000000000000,NULL,0x,0
4,0x06425cf235de9c92531cca867bae3e824aad0dd6c67b8ce4ac4cbfae0f58dd55,5849922,1529901045,0x564286362092d8e7936f0549571a803b203aaced,0x9e9e3b124370c763d1a4e838069da3dfdbfca059,1.410000000000000000,NULL,0x,0
5,0x03532e941635673ec1c310819d8ca4b0f141eedc225b353811cc2e72475865ba,5849932,1529901233,0x3f5ce5fbfe3e9af3971dd833d26ba9b5c936f0be,0x9e9e3b124370c763d1a4e838069da3dfdbfca059,0.590000000000000000,NULL,0x,0
6,0x0941286e844f258e1714e496c6b1ff2ed83ab15453da2c9fc02e3a9eb7eae6b5,5849932,1529901233,0x51836a753e344257b361519e948ffcaf5fb8d521,0x9e9e3b124370c763d1a4e838069da3dfdbfca059,0.568219490000000000,NULL,0x,0
7,0x6be94e39dc6229dca47b734ac6771f30da6638c5300d244750e70003a1cea6d0,5849947,1529901483,0x390de26d772d2e2005c6d1d24afc902bae37a4bb,0x9e9e3b124370c763d1a4e838069da3dfdbfca059,1.118475760000000000,NULL,0x,0
8,0xaaf27e9a23cc5bb769d1fc215220f854f8ee176359e9f45107b167553779db8c,5849956,1529901637,0x3f5ce5fbfe3e9af3971dd833d26ba9b5c936f0be,0x9e9e3b124370c763d1a4e838069da3dfdbfca059,0.500000000000000000,NULL,0x,0
9,0xf0e1e33808d85aea16fc69776638d832ffc5a58c026f9c04ffb054fbaf209760,5849971,1529901921,0x0681d8db095565fe8a346fa0277bffde9c0edbbf,0x9e9e3b124370c763d1a4e838069da3dfdbfca059,2.990000000000000000,NULL,0x,0
10,0x5f29f6badbd0b9ac2d6b11c220b8b293d940676f30b0e6b6acf772be3ff8ce9d,5849990,1529902215,0xcf5594d8411d6e4832360566fcf1dc1653926d6f,0x9e9e3b124370c763d1a4e838069da3dfdbfca059,0.550000000000000000,NULL,0x,0
11,0xb78ba421e03cca0c3e3429a52a58dadfc232c087159d639b8e7f921ca0b05afd,5850020,1529902774,0xd33577609f71eeb9e72b8b077590f50f9cbbce0a,0x9e9e3b124370c763d1a4e838069da3dfdbfca059,0.531738000000000000,NULL,0x,0
12,0x50c5011b0f3b972549d8d994e34645decf0b3e9aaaffdf0ccb6ee5bec43cfeb3,5850023,1529902817,0xdd38a5037f4e8ebf4ef99c8c470db43959893cee,0x9e9e3b124370c763d1a4e838069da3dfdbfca059,1.685238000000000000,NULL,0x,0
13,0x86d8a51b18d57b3e535d74162df376a1ac2c053c170cae8b2d0f8cc11d7fd54a,5850031,1529902923,0x32be343b94f860124dc4fee278fdcbd38c102d88,0x9e9e3b124370c763d1a4e838069da3dfdbfca059,3.190000000000000000,NULL,0x,0
14,0xfd839fc439008bd589a4941f506fbf97301f911fd1872a642050d7cb2cdcaffc,5850090,1529903802,0xb6ba1931e4e74fd080587688f6db10e830f810d5,0x9e9e3b124370c763d1a4e838069da3dfdbfca059,1.010050380000000000,NULL,0x,0
15,0x09de4dec5efeabdfa3ecb3e212d66179c9b8993796ddc8689b36c472cedacaea,5850183,1529905093,0x6f5e7a70b6b5fbaeac0b4523b3b151895c1a3bf1,0x9e9e3b124370c763d1a4e838069da3dfdbfca059,1.035587149311606500,NULL,0x,0
16,0xba7eb3049664d8a9b038db9fc084212bea94aa531f745c9012a0495a65d83693,5858142,1530026478,0x5caa06767424feff7919d9dbca6cae53da6cb1ac,0x9e9e3b124370c763d1a4e838069da3dfdbfca059,0.032709220000000000,NULL,0x,0
17,0x38d0dccbda6713796eeb1c517b08297f66ef32c01f574184781b2df63f138510,5858145,1530026551,0x3ffc115b9652d229a2e401348a8fa1e846ee9c87,0x9e9e3b124370c763d1a4e838069da3dfdbfca059,0.499869800000000000,NULL,0x,0
18,0x02c64a0ebda9078a6a45dbe583a826b20fcf048a5a870a68f7e6d29f110755db,5858202,1530027388,0xb368111f66ec1314b13ab98c4b26ab3f3dbc70c0,0x9e9e3b124370c763d1a4e838069da3dfdbfca059,0.499876880000000000,NULL,0x,0
19,0xf0a4fe6f1a5fa56e63f1fc5a25be5a0f9f2e7e4a54581a83b2f3b64e5679fedc,5863830,1530111194,0x1e30b360f3e385bf783b11e6206ff9a0fd50ae24,0x9e9e3b124370c763d1a4e838069da3dfdbfca059,0.500000000000000000,NULL,0x,0
20,0xa789c955b4d56da21098c1bbc9a729de3803d4d295d13b80c1503f1dd1b933e3,5864068,1530114657,0x73fb234a184714ed4849b6480d8fa50432b272df,0x9e9e3b124370c763d1a4e838069da3dfdbfca059,0.020000000000000000,NULL,0x,0
21,0xb6b8eae0082c464b210542e91ba909e60a477375030de1816e3f245b07fb40af,5864307,1530118401,0xa834b5db68d9761e99f7f8ba226bca36a8ced33a,0x9e9e3b124370c763d1a4e838069da3dfdbfca059,0.053530324929072319,NULL,0x,0
22,0x2fcd288a52e508688c43240843634002c725939ca87c6ef5d203ec90023a59e8,5864448,1530120480,0x0681d8db095565fe8a346fa0277bffde9c0edbbf,0x9e9e3b124370c763d1a4e838069da3dfdbfca059,0.510000000000000000,NULL,0x,0
23,0x2f343c7081baf62020729e22ee696fea47a8f337f9b532a67e224d690f9b2d5e,5865089,1530129508,0xe4b3dd9839ed1780351dc5412925cf05f07a1939,0x9e9e3b124370c763d1a4e838069da3dfdbfca059,0.503000000000000000,NULL,0x,0
24,0xda39c200782fef2e591dca70df205ca8f33515343cd6731aec20f987add93b3d,5866884,1530156757,0x7071f121c038a98f8a7d485648a27fcd48891ba8,0x9e9e3b124370c763d1a4e838069da3dfdbfca059,1.264513800000000000,NULL,0x,0
25,0xd80ae9570019a8d441201ffb9d7b49e5ce31f61ced3587f7b3430fbc5f9fc7be,5867695,1530168866,0xe8a307d24eafaa890b1e5e37f2b6fd16c40378e9,0x9e9e3b124370c763d1a4e838069da3dfdbfca059,0.500000000000000000,NULL,0x,0
26,0xf77719284a2a95b64b735b984e92ec6abc267ea737f4eae94f572b5a2643b36d,5868197,1530175973,0xfc43f211ba06707bae5c271806200fcb82388b68,0x9e9e3b124370c763d1a4e838069da3dfdbfca059,4.300000000000000000,NULL,0x,0
27,0xe5b2da06fdaefb30580fd13f8755d0bf646dc48798317a3cd07f74eff6d15104,5868216,1530176198,0x7981fab55625507110d6c07b7df407725c17ef9b,0x9e9e3b124370c763d1a4e838069da3dfdbfca059,2.000000000000000000,NULL,0x,0
28,0x2459ddaf72e8de44a8d0c9c8b9f9bc874635486596113b018938f12a43cf6758,5868219,1530176230,0x3f5ce5fbfe3e9af3971dd833d26ba9b5c936f0be,0x9e9e3b124370c763d1a4e838069da3dfdbfca059,7.990000000000000000,NULL,0x,0
29,0x21a003f8cbc3501617ba99007a4317ea6110269d1070a1402ee00bf8b5dc1968,5868344,1530178083,0x37c9aa0666d893aec21aefe940921c875712047e,0x9e9e3b124370c763d1a4e838069da3dfdbfca059,0.999916000000000000,NULL,0x,0
30,0x2a5b5c03a98b0f96f25ce332a718d36b4ba651030243a74b35adfb8faa521464,5868359,1530178354,0x167e2d413e0aa91a5afc43a67ee55b502361e9c5,0x9e9e3b124370c763d1a4e838069da3dfdbfca059,0.518629370000000000,NULL,0x,0
31,0x6d268898ca7a41a93d0f7887dca48ea66f056b2f6e3043760f848c22a9e79cca,5868379,1530178642,0xa40b3e8816dd441bce05e0e4885e1172aad3ec8b,0x9e9e3b124370c763d1a4e838069da3dfdbfca059,10.000000000000000000,NULL,0x,0
32,0xcbdb3fcd79e230fceb9bb55ebff3bc9545c9b9e5737855b3726d74c8a053438c,5868382,1530178694,0x8cef98fade1c6b1f38345a29d971e43e7e501103,0x9e9e3b124370c763d1a4e838069da3dfdbfca059,1.173393470000000000,NULL,0x,0
33,0x1661e1ea85f74336fd4c5a85154fdc6084d0380e6925f0d5e638a6993db6cf9d,5868385,1530178713,0x0681d8db095565fe8a346fa0277bffde9c0edbbf,0x9e9e3b124370c763d1a4e838069da3dfdbfca059,0.500000000000000000,NULL,0x,0
34,0x63909210f4b5127a8f70872e040d22f2e9a70085e9b47c52a24eaf05ab8ed448,5868386,1530178719,0xcf1d62627baf1a84bed11e30cf6cdae0f1b5c296,0x9e9e3b124370c763d1a4e838069da3dfdbfca059,7.684330800000000000,NULL,0x,0
35,0x5dcc5ad61f77a1b0257ee359fe8f5e2fdef2157f637f8d108540a63cf79dffb4,5868396,1530178871,0xa40b3e8816dd441bce05e0e4885e1172aad3ec8b,0x9e9e3b124370c763d1a4e838069da3dfdbfca059,9.170624799000000000,NULL,0x,0
36,0x76b97002aa5fc38f715056b79a6c91feac8d06dc87e312912bf5d54f2cca7703,5868515,1530180659,0x3f5ce5fbfe3e9af3971dd833d26ba9b5c936f0be,0x9e9e3b124370c763d1a4e838069da3dfdbfca059,0.500000000000000000,NULL,0x,0
37,0x8f8f1b3bfb02c5bcc43081eeb54718d816873398cf6716eea19f81745e00da4e,5868526,1530180873,0xee762a2b4a998608dc09bbdfaab07139d856d29d,0x9e9e3b124370c763d1a4e838069da3dfdbfca059,0.020282000000000000,NULL,0x,0
38,0x05c4af88cf263cf401a73b4453e5a491f9db2d4f9b1256dede5aff50034815ce,5868850,1530185374,0x3832ba07f9e703752ec4c3edbe50697465d2c238,0x9e9e3b124370c763d1a4e838069da3dfdbfca059,0.500000000000000000,NULL,0x,0
39,0x62bdbecec6d56414f161fc6f8b442596ff0f2bf7dda697e584b504275440fb93,5870068,1530204253,0x1277160d820d3cc7240200d1c3a1894d16c3ea82,0x9e9e3b124370c763d1a4e838069da3dfdbfca059,2.000000000000000000,NULL,0x,0
40,0x8853e54a8ad196159602b89a46013108da689ada7d828503d98d821277df5608,5870271,1530207171,0x63f32a2e711f7a6d9be2930650beab510e62d471,0x9e9e3b124370c763d1a4e838069da3dfdbfca059,0.500000000000000000,NULL,0x,0
41,0x0409374fbaf7aa15ddaad4fc8c7fd0df5ba56d281c5a4522ec751314a777b9f4,5871146,1530219865,0x3f5ce5fbfe3e9af3971dd833d26ba9b5c936f0be,0x9e9e3b124370c763d1a4e838069da3dfdbfca059,0.500000000000000000,NULL,0x,0
42,0x5b70cc9212723e5f04cadf5cab98578f1bbd6dd0923b00de9b0257121b205835,5871288,1530221897,0x3f5ce5fbfe3e9af3971dd833d26ba9b5c936f0be,0x9e9e3b124370c763d1a4e838069da3dfdbfca059,0.129991850000000000,NULL,0x,0
43,0x2bf2d563d79b9dab02247124e22b66c4ed5cef217eb09e7f6c7e0c63fa4236c3,5871538,1530225734,0xe4908923c379d14d3903af11b94efc5003b53e00,0x9e9e3b124370c763d1a4e838069da3dfdbfca059,0.563712000000000000,NULL,0x,0
44,0xc864cb27b5eb1c23731ffe5395c545e6042519b24537c17bb0bafeb11c8a2550,5871709,1530228221,0x7ef302b2efe337fe0449192cfcdb4304705581f4,0x9e9e3b124370c763d1a4e838069da3dfdbfca059,3.479947500000000000,NULL,0x,0
45,0x320f8992507dcb45fc3d9fd03a11425daa78bd8ceb7a4cac288d56e80e3e4cc1,5872662,1530242740,0x267be1c1d684f78cb4f6a176c4911b741e4ffdc0,0x9e9e3b124370c763d1a4e838069da3dfdbfca059,0.500000000000000000,NULL,0x,0
0,0x341b4d265b3704615f956a0d843cf3e27a9afd586a0d470041200a84a94ff6d5,5874024,1530263059,0x1522900b6dafac587d499a862861c0869be6e428,0x9e9e3b124370c763d1a4e838069da3dfdbfca059,0.510000000000000000,NULL,NULL,0
46,0x039cba0fa3579105b71e205a3967c8f959b835d729aad6448d1c34b9f2380f53,7061131,1547413159,0x9e9e3b124370c763d1a4e838069da3dfdbfca059,0x6b4001aae0ca6d72c74fd3df401e7d84e2ca2233,74.204564373240678819,NULL,0x,0
