,TxHash,BlockHeight,TimeStamp,From,To,Value,ContractAddress,Input,isError
0,0x485aca27c8500d02a3dd75c836e61da61943ee14ecc4b37f35ef8c83f51cfeb1,6052157,1532880954,0x267be1c1d684f78cb4f6a176c4911b741e4ffdc0,0xa0a51563ca933ecdf030f84425def24ab8cc6733,0.995000000000000000,NULL,0x,0
1,0x139acbaa2a6cdf216e9911b479cc425bd57475505595f812b110a3056c6fa361,6052231,1532882057,0xc58bb74606b73c5043b75d7aa25ebe1d5d4e7c72,0xa0a51563ca933ecdf030f84425def24ab8cc6733,0.438105630000000000,NULL,0x,0
2,0x333a993e7e4423544ed26756cbf60f364fb913a4260609851792b368171cc3ae,6052331,1532883461,0xd551234ae421e3bcba99a0da6d736074f22192ff,0xa0a51563ca933ecdf030f84425def24ab8cc6733,1.989000000000000000,NULL,0x,0
3,0xbd81c07e5053ccd49aca3f2cf647f8da3fe3255160af6016d1f88f373def82d4,6052646,1532887698,0x2544da82736334e5a6702fe03d1feaca3cfb89dc,0xa0a51563ca933ecdf030f84425def24ab8cc6733,0.500000000000000000,NULL,0x,0
4,0x7f56d2fceddf18fbcee64eb3392b462920930fa1a92d5d3ec118ea180f2d22b8,6053598,1532901622,0xc5f147164a9451f62239b715c9b236108b2040df,0xa0a51563ca933ecdf030f84425def24ab8cc6733,0.831051690000000000,NULL,0x,0
5,0x1b1c2d01b5429964bf98cbe204df974c83ffb3f2aafe373e7967142ca3f08d83,6054747,1532918231,0xd551234ae421e3bcba99a0da6d736074f22192ff,0xa0a51563ca933ecdf030f84425def24ab8cc6733,0.500000000000000000,NULL,0x,0
6,0x0d5ed79db181f41650437feb4064e6ce5a5f3673d069b7a0cea05f901fa76b99,6070373,1533146991,0xa0a51563ca933ecdf030f84425def24ab8cc6733,0x9fd869df14d9eb4fb2eb8e05a3144b5aeaac9335,5.250000000000000000,NULL,0x,0
