,TxHash,BlockHeight,TimeStamp,From,To,Value,ContractAddress,Input,isError
0,0x4e9bb58b626ea3d8267189f117be4fb788429fea64c393ae369afafe7872f2f1,7372349,1552636159,0xf13dd20f5c855ddb0d22e938cb1f0c0a490b0ec6,0xa5f19228f15cd5ca7fb0076b764b7c44aa4e2ae2,0.090000000000000000,NULL,0x,0
1,0xaad99d7013705680bb499298c3e8bfb69670214074820a5d3444908af7182e02,7396648,1552963315,0xd551234ae421e3bcba99a0da6d736074f22192ff,0xa5f19228f15cd5ca7fb0076b764b7c44aa4e2ae2,0.015000000000000000,NULL,0x,0
2,0x79e8e28a5ec58601773ca009cf4cfd19c56f2a434233c409c4ca82954c1b7a8a,7396669,1552963617,0xa5f19228f15cd5ca7fb0076b764b7c44aa4e2ae2,0x8aba405a7ca8cd2a1c4f5ce3e8d1a93d1272f10c,0.100000000000000000,NULL,0x,0
3,0xf6698475c3735ef7981f5521f0deb6e8d0191e0714f8b9b7dee5d9cb9bcb6416,7396672,1552963645,0xa5f19228f15cd5ca7fb0076b764b7c44aa4e2ae2,0xe7794d4ef815d69693bc63e720d3ce42d15067f5,0.001200000000000000,NULL,0x,0
4,0x258aed3dbb5e4dc23568ea64783e72a5771668aaae188bf4c302cedee033da15,7396677,1552963732,0xa5f19228f15cd5ca7fb0076b764b7c44aa4e2ae2,0x0b44611b8ae632be05f24ffe64651f050402ae01,0.003527000000000000,NULL,0x,0
5,0xb844c919f18323e993717372d9013afa5740d8f0078229b162f2dc51a08bdb6b,7396705,1552964151,0x0681d8db095565fe8a346fa0277bffde9c0edbbf,0xa5f19228f15cd5ca7fb0076b764b7c44aa4e2ae2,0.010000000000000000,NULL,0x,0
6,0xf8e77f387fabaa226780c54d2947930849408262ab39685a1a7bfed8798bff97,7396707,1552964163,0xa5f19228f15cd5ca7fb0076b764b7c44aa4e2ae2,0x334eb26e1b859de8329c019f62a57e1ebf2ae663,0.001200000000000000,NULL,0x,0
7,0x8a1529bf8c4a39824dac7a99c8a1216178c83e6d30a20d2ab51784ae95bda767,7396709,1552964170,0xa5f19228f15cd5ca7fb0076b764b7c44aa4e2ae2,0x1fcdfcdfe987c080b6406a9ab002389d4e1e14c9,0.001200000000000000,NULL,0x,0
8,0x78a84331ec7fa686b62a44ecac16973db3b6351e8686b97c70ed8da465a3d37f,7396711,1552964179,0xa5f19228f15cd5ca7fb0076b764b7c44aa4e2ae2,0x91a3f580b5b06a759bfb0c99df9d6bee2f0716c7,0.001200000000000000,NULL,0x,0
9,0x68f1788303598afd614de7a98692bf25ecfa4d32ac3fd46b8794d64fa6464e83,7396715,1552964240,0xa5f19228f15cd5ca7fb0076b764b7c44aa4e2ae2,0x0b44611b8ae632be05f24ffe64651f050402ae01,0.006001000000000000,NULL,0x,0
0,0xa6db32912f468d2790913ea9346f8a232b20274230ee1ba6432a5b83638a4d2c,7400190,1553011240,0xd4f5bf184bebfd53ac276ec6e091d051d0ed459e,0xa5f19228f15cd5ca7fb0076b764b7c44aa4e2ae2,0.010000000000000000,NULL,NULL,0
10,0x9dad35387f6901502ce4400096211e4f1fbb1f39caa4210c6133964b470f1e02,7400234,1553011733,0xa5f19228f15cd5ca7fb0076b764b7c44aa4e2ae2,0xd48eabfbfdfaeaeed8833bd893ac69ddf40779c4,0.001210000000000000,NULL,0x,0
11,0xac484ae801c6d92a81f828d5d453b0ba6845bb828e950d863e9b353813f4b73c,7400237,1553011804,0xa5f19228f15cd5ca7fb0076b764b7c44aa4e2ae2,0xba843638e076b26c903f3e6f9894b6656a563b97,0.005210000000000000,NULL,0x,0
12,0x1e96c372acef49b5d08c37d09d3df8c7af991c17a2a72d0062bdb19137306250,7400247,1553011920,0xa5f19228f15cd5ca7fb0076b764b7c44aa4e2ae2,0x0b44611b8ae632be05f24ffe64651f050402ae01,0.003139000000000000,NULL,0x,0
13,0x6c97b114af0261e9b2c3a1ae07edad031e3a298d842ab799fec64bbe953ca82e,7426544,1553366007,0xf5bec430576ff1b82e44ddb5a1c93f6f9d0884f3,0xa5f19228f15cd5ca7fb0076b764b7c44aa4e2ae2,0.012000000000000000,NULL,0x,0
14,0x3a6360d551366664754ee1b8310171492b34f66acad54f55a4c8fa17e1d7b0ce,7429114,1553399585,0xa5f19228f15cd5ca7fb0076b764b7c44aa4e2ae2,0x1469797b5985912bb8e26f289773713e71302aa6,0.009622000000000000,NULL,0x,0
15,0x318740e52f220a92bcbd152cc49040d74fdd66e687579b0d424f66f89c2218e5,7429116,1553399626,0xa5f19228f15cd5ca7fb0076b764b7c44aa4e2ae2,0x0b44611b8ae632be05f24ffe64651f050402ae01,0.002231000000000000,NULL,0x,0
16,0xe60be4fd6a1662485216540d73590681f65f3ff0b43cbdf4a421b98f1b59a1c7,7431698,1553434573,0x9854642f387d70a04d556caca5a189073cc034e1,0xa5f19228f15cd5ca7fb0076b764b7c44aa4e2ae2,0.010000000000000000,NULL,0x,0
17,0x72562d0087f77451f974dddb72153f9aa367e41c91d8db14853cec99791bd672,7431722,1553435010,0xa5f19228f15cd5ca7fb0076b764b7c44aa4e2ae2,0xa6c042114e9bb1e9e7ade11b601a1c24d5d28ce0,0.001400000000000000,NULL,0x,0
18,0xc44b6e7582e786f8476349b16dcd4696eba64bedea557e73369592435ab84dc4,7431725,1553435037,0xa5f19228f15cd5ca7fb0076b764b7c44aa4e2ae2,0x1eadc392e335693454e91d602f7b96f1d84e30ca,0.001400000000000000,NULL,0x,0
19,0x2f662553e897ee6f45e8a676529bb7485f68cba49efdffd1490cfd1212e28cce,7431740,1553435249,0xa5f19228f15cd5ca7fb0076b764b7c44aa4e2ae2,0x0b44611b8ae632be05f24ffe64651f050402ae01,0.006885000000000000,NULL,0x,0
20,0x6f71b119dd09f5ec4fd72fdc35b720fac9da8a1141a6deb639d495c9ccedc8e5,7436718,1553501569,0xb52610a82466a624dc570fa23b8a28813e871b7e,0xa5f19228f15cd5ca7fb0076b764b7c44aa4e2ae2,0.002000000000000000,NULL,0x,0
21,0xaa6d5e781592ae0c5e87cd82a508846713aebfc286c181ce5a2d3f3569ba2b52,7440928,1553558679,0xd2ab0dc7af866f1e69d1f1ad721c6b4c278d8ce1,0xa5f19228f15cd5ca7fb0076b764b7c44aa4e2ae2,0.020000000000000000,NULL,0x,0
22,0x0e4f546523c972c61470fc7ad38458085141a6eecd0078a9fc3697b02357ee8f,7445467,1553620684,0xa5f19228f15cd5ca7fb0076b764b7c44aa4e2ae2,0xf4d296a32af4217ef0285c226abec7bd70e8d1ea,0.019476360000000000,NULL,0x,0
23,0xf312ebf3c78a04cd7ad3cf844af85b7456259e6a79f69827a8c02adad065b228,7445706,1553623773,0xf5bec430576ff1b82e44ddb5a1c93f6f9d0884f3,0xa5f19228f15cd5ca7fb0076b764b7c44aa4e2ae2,0.011000000000000000,NULL,0x,0
24,0xf57ae597437acd1257c2346693425f2fd3e7a4cfe8835e404e3aecb57176fbf0,7484008,1554140717,0xf557196333b98b730b92b474efe36c9253ff13f2,0xa5f19228f15cd5ca7fb0076b764b7c44aa4e2ae2,0.010022370000000000,NULL,0x,0
25,0xb39f96e14f10ead72f65321ae8e01cb5769939eaeac6af2deab5f25aefdd93ad,7490159,1554224353,0xa5f19228f15cd5ca7fb0076b764b7c44aa4e2ae2,0x20355091bb1585af27b108e04a15a34317c62028,0.021061810000000000,NULL,0x,0
26,0xa61c101cfa48e77933f17742fdcd5d10024c7539bf3247b77d153417806dc552,7495878,1554302534,0x6a7d4ad38b46356f24427a683887013517c1aae9,0xa5f19228f15cd5ca7fb0076b764b7c44aa4e2ae2,0.001000000000000000,NULL,0x,0
27,0xbf5d94d28bedd2ecaca6526d91a9c0194c5e1395486f9ed227208a10ffea77d7,7501577,1554379293,0xf78fcd3517f3918fcb3f17ac62b03e908234a353,0xa5f19228f15cd5ca7fb0076b764b7c44aa4e2ae2,0.010766580000000000,NULL,0x,0
28,0xf33dd80c4827ed8f90b33a89b99c4977eb92708dd5e89ab9b744e35413e510f1,7508517,1554473254,0x6771b339b91c5bcf8efc465c189b4b3c40da580a,0xa5f19228f15cd5ca7fb0076b764b7c44aa4e2ae2,0.011000000000000000,NULL,0x,0
29,0xc6012b2be8d2230e515e7b338d2b96671e180e564ccb6e49b526af1d9f41b8a0,7509478,1554486214,0xa5f19228f15cd5ca7fb0076b764b7c44aa4e2ae2,0xf16be10e16cdc031f4d29960e092750861aeba38,0.022324210000000000,NULL,0x,0
30,0x9767c93272eabc75ab6f0c8418488f5a839276a0a818db493630ceb7c6e9cdb6,7509488,1554486275,0xa5f19228f15cd5ca7fb0076b764b7c44aa4e2ae2,0x0b44611b8ae632be05f24ffe64651f050402ae01,0.002506570000000000,NULL,0x,0
1,0xf6c112c5d2b1733484378107f9dc79f176419c38ddffc9182a989b9228f8ab29,7512260,1554522919,0xd4f5bf184bebfd53ac276ec6e091d051d0ed459e,0xa5f19228f15cd5ca7fb0076b764b7c44aa4e2ae2,0.001000000000000000,NULL,NULL,0
31,0xeaeb09e47d5eea7ed5b34c45ef623e04848f960524b595103e80a79f57e6626d,7530350,1554764999,0xa09bb7afd552a38784a64c8f1e2dcd0ffe21ffaa,0xa5f19228f15cd5ca7fb0076b764b7c44aa4e2ae2,0.010000000000000000,NULL,0x,0
32,0xcd27f8889526f20a9dbccf6b3226bfb8a7d49af7c1100933fa4a7c3e3e586409,7530353,1554765040,0xa5f19228f15cd5ca7fb0076b764b7c44aa4e2ae2,0x0f6481f9e0932efa2d800b6f5e5bf8cdb1ae2a3a,0.001605910000000000,NULL,0x,0
33,0x6cdde38facc95d75105b07eaad60cb3150e8940234adbed6d10774b9e75c84ce,7530356,1554765082,0xa5f19228f15cd5ca7fb0076b764b7c44aa4e2ae2,0x0b44611b8ae632be05f24ffe64651f050402ae01,0.009268090000000000,NULL,0x,0
34,0x136f61f6adafef0682bd770f5726211256822fdac5b2f84d3a9ba7c59683b649,7578683,1555414964,0x51836a753e344257b361519e948ffcaf5fb8d521,0xa5f19228f15cd5ca7fb0076b764b7c44aa4e2ae2,0.010000000000000000,NULL,0x,0
35,0xe0d5528aabba8bacbf23905e08bba4eb3bdbe526b82d15cc83a0438ac70fe4d7,7578693,1555415102,0xa5f19228f15cd5ca7fb0076b764b7c44aa4e2ae2,0xa7a6752fff69bd6d093e8bb8caced1d9f1594606,0.000800000000000000,NULL,0x,0
36,0x275368652241bcd65e2107ca663003b53fc89c1967c0eb32de4cc0423a5ef395,7578695,1555415112,0xa5f19228f15cd5ca7fb0076b764b7c44aa4e2ae2,0x0b44611b8ae632be05f24ffe64651f050402ae01,0.009074000000000000,NULL,0x,0
37,0xcbc84860b2f1dc5aa3b9a5d8139b5c259110a0ca85f78336000c9f8e29659986,7597321,1555665886,0x5e032243d507c743b061ef021e2ec7fcc6d3ab89,0xa5f19228f15cd5ca7fb0076b764b7c44aa4e2ae2,0.020000000000000000,NULL,0x,0
38,0x8ac4668da107b50464e577b35151291b3419230b98da40cd20575ad42e1ad8f1,7602334,1555733034,0xdb1d5338053f8de70594d548c27ad6083d322ab3,0xa5f19228f15cd5ca7fb0076b764b7c44aa4e2ae2,0.000191803000000000,NULL,0x,0
39,0x19931430ba629e169a02c27df51c9b7a63a8539cbdb27429454434a9475084fe,7602985,1555741381,0xa7961677ff8fedd4d3689e31c4429e83d9bdf1c6,0xa5f19228f15cd5ca7fb0076b764b7c44aa4e2ae2,0.025000000000000000,NULL,0x,0
40,0x45b6b797d4de3c8c3817ce3281bc1a2aa98ba89769288520867bac40a1dcf5fc,7610919,1555849179,0x7914ea63f4414712d90ba0560aa156027a79677e,0xa5f19228f15cd5ca7fb0076b764b7c44aa4e2ae2,0.006895000000000000,NULL,0x,0
41,0x1b1e412d5a8e6219eacf3e3cf8ac87293a23f6d03bf24e2384debb1c686a120f,7616826,1555928671,0x857667de8598dac6ef915cd2d9d29dddd71b9c6c,0xa5f19228f15cd5ca7fb0076b764b7c44aa4e2ae2,0.025000000000000000,NULL,0x,0
42,0x41ae4a84a2214f3c706d73514bf4e31ed846d89506495bc5fdd400d438230530,7622226,1556001325,0xa5f19228f15cd5ca7fb0076b764b7c44aa4e2ae2,0xe8c82c3500caab0bec38aae7291097e944c0c650,0.074658380000000000,NULL,0x,0
43,0x6cc054743c8139dd8dd9adb87697ad99980b22b241c293eafd5442c7cb8b4e20,7622245,1556001545,0xa5f19228f15cd5ca7fb0076b764b7c44aa4e2ae2,0x0b44611b8ae632be05f24ffe64651f050402ae01,0.002281423000000000,NULL,0x,0
44,0x59ca6c4e1a764e864635a01bff52b6fbde0e0142c745a05ca94c66f927c63fbf,7649197,1556364289,0x0fcb3763ae06f153156c4b24d09215c733228b22,0xa5f19228f15cd5ca7fb0076b764b7c44aa4e2ae2,0.011000000000000000,NULL,0x,0
45,0xe9dab3d3998a4a7cf74501b4168c9f5e247f3decd54cf4213d88e0b17260caf2,7649200,1556364308,0xa5f19228f15cd5ca7fb0076b764b7c44aa4e2ae2,0x9cfc76ea97b76837e4d385505b6f5f03ce908cac,0.001105000000000000,NULL,0x,0
46,0x893c6a3991e630ac45cc8cb0585d4a59c05340555f40317c5c844320e35bc3c7,7649208,1556364471,0xa5f19228f15cd5ca7fb0076b764b7c44aa4e2ae2,0x0b44611b8ae632be05f24ffe64651f050402ae01,0.009748000000000000,NULL,0x,0
2,0xd2ef991d993eeac26fd79293e7a7947120c3f940df593a9fc557cacb03cfd93c,7666417,1556595616,0xd4f5bf184bebfd53ac276ec6e091d051d0ed459e,0xa5f19228f15cd5ca7fb0076b764b7c44aa4e2ae2,0.025000000000000000,NULL,NULL,0
47,0x0cebb00f839cc6b7024dbab347d53d20b07f3f4603226d7575aa7b05b47e0c9b,7673460,1556690572,0x4721559ce6363112bbc3136731115957f04b2925,0xa5f19228f15cd5ca7fb0076b764b7c44aa4e2ae2,0.020000000000000000,NULL,0x,0
48,0xf2e6c681ead38192e52c75c10157727ad4e5ad91f88513d3dfcf14ee89d791e5,7694480,1556972555,0xb37e45177950d0c0ca96834670438bbc657e9902,0xa5f19228f15cd5ca7fb0076b764b7c44aa4e2ae2,0.288133660000000000,NULL,0x,0
49,0x594d5c3cec08b1d777cf03b97889b9ac68adbc255edf315180ba530f8b87bec3,7694500,1556972792,0xa5f19228f15cd5ca7fb0076b764b7c44aa4e2ae2,0xc07c3f5fc51d71bf77e00bc69110cea9dd9b83ff,0.310686150000000000,NULL,0x,0
50,0x3ebd381ab523b584a2ce639f893cdb3da83a97668fb812bad6e413ecb8e34c29,7699507,1557040518,0xad62ff6d9e935227a81f00aad7d652344c022ae8,0xa5f19228f15cd5ca7fb0076b764b7c44aa4e2ae2,0.010000000000000000,NULL,0x,0
51,0xfaa2213b8a17da0df723c07ec507666782f3870e01ecc9af1c0124e22cbf2810,7701036,1557060789,0xa5f19228f15cd5ca7fb0076b764b7c44aa4e2ae2,0x30f9247a5259e1eda4d922cde12ad0acadc31a2e,0.029998410000000000,NULL,0x,0
52,0x493a583f52ecd02d683e6905b768fd77996c74dd229a93d1d429f756396b7ce0,7701036,1557060789,0xa5f19228f15cd5ca7fb0076b764b7c44aa4e2ae2,0x0b44611b8ae632be05f24ffe64651f050402ae01,0.002176100000000000,NULL,0x,0
53,0xab56b02c8c5784f911b0c3bb49664e41fcc0ea25e7189b597983f6a96bf26354,7701299,1557064259,0xd5599a3e359b3e8224c9e7bae920218fee8934c0,0xa5f19228f15cd5ca7fb0076b764b7c44aa4e2ae2,0.013000000000000000,NULL,0x,0
54,0xd8730fef8342bc8c0c9fe69524d0cbe7c8ade388efef04b687f19b0919d6a279,7701322,1557064478,0xa5f19228f15cd5ca7fb0076b764b7c44aa4e2ae2,0x8e07f42be2fce9c59e5982f2bb7cf9e255384ab3,0.001000000000000000,NULL,0x,0
55,0xc28129aaf627755184bcaaa7aa51cc596c1ea5f5185cca598a6ffdb20f0bc7b4,7701391,1557065529,0xa5f19228f15cd5ca7fb0076b764b7c44aa4e2ae2,0xdae1eda41314df7794a2d423991a3de28929f046,0.001000000000000000,NULL,0x,0
56,0x6367fa502be1c55f731470035aac8ea7742a0f6fe4e5b9bb854e7599c5f5f621,7701400,1557065741,0xa5f19228f15cd5ca7fb0076b764b7c44aa4e2ae2,0x271910907e61382dee1ffeb9425c6ab79b77bd23,0.001000000000000000,NULL,0x,0
57,0x29319eee65528c6da7ead2f2d2c0009d706b558c2fd7677c666c259e6c98643b,7701400,1557065741,0xa5f19228f15cd5ca7fb0076b764b7c44aa4e2ae2,0xc3b030bf410802df5fd786a22bb8855d1ac844f7,0.001000000000000000,NULL,0x,0
58,0x439db36c5c513211036545340f933f66934b5e840557697f7ac76e184b73119b,7701407,1557065904,0xa5f19228f15cd5ca7fb0076b764b7c44aa4e2ae2,0x48dfdc341f7d346911a252dceed48d8a7af08bc2,0.001000000000000000,NULL,0x,0
59,0x47b4d9dbd0f46feced4061877f97bb2a75d197ba0f1974b9bae986ad56adbf7b,7701428,1557066171,0xa5f19228f15cd5ca7fb0076b764b7c44aa4e2ae2,0x0b44611b8ae632be05f24ffe64651f050402ae01,0.007433000000000000,NULL,0x,0
60,0xd87ae643fbbc6b3d0de754b2418ee0157cd22e35fe8d935f6e42d8a0d3cca777,7732777,1557490917,0x681171bedcc9574916475cc98547288c75b1bade,0xa5f19228f15cd5ca7fb0076b764b7c44aa4e2ae2,0.010000000000000000,NULL,0x,0
61,0xbbbdd037d2fe9889bc47e7dd974612e8211f69d008d6df4d93013128b0ebac24,7732781,1557490967,0xa5f19228f15cd5ca7fb0076b764b7c44aa4e2ae2,0xc907c59aa5752b672ddc3814a8ea302b278a3f8a,0.001600000000000000,NULL,0x,0
62,0xd5c0bf2cbb8c90ddaa744c902e9f5bd82deb73963daa8b69af8c6c6fddcc487c,7732783,1557491024,0xa5f19228f15cd5ca7fb0076b764b7c44aa4e2ae2,0x484ab0b820ee0ba556f4e94f2d11a584e8213870,0.001600000000000000,NULL,0x,0
63,0x334cf0daac9c4904bbe58ecc3f94a38525123b4a2f22d358e8e358e25b01dba5,7732786,1557491042,0xa5f19228f15cd5ca7fb0076b764b7c44aa4e2ae2,0xc621356989ac9bce01b69340ee8b3ea23d7c7c10,0.001600000000000000,NULL,0x,0
64,0x278d2e7dd8a56596be9e87c5bc5e55c1a8033eb5745fa57339d5fc490d6636de,7732789,1557491066,0xa5f19228f15cd5ca7fb0076b764b7c44aa4e2ae2,0x0b44611b8ae632be05f24ffe64651f050402ae01,0.004654000000000000,NULL,0x,0
65,0x55960f155d6feb75077550f7c141e41703eb1f08459b4dddc7b56f45fa4a1baa,7767233,1557954138,0x2d716c4aad2011b260f8e42a43795f9a29abe3bc,0xa5f19228f15cd5ca7fb0076b764b7c44aa4e2ae2,0.010000000000000000,NULL,0x,0
66,0x23e1a352d53d796790df7c35c17247ccdfe912fe007f2687ec6e00d6bdbf41ab,7767239,1557954184,0xa5f19228f15cd5ca7fb0076b764b7c44aa4e2ae2,0x85b14a13995a2944297f265ff6f802f4841b8787,0.002600000000000000,NULL,0x,0
67,0x036a543cc2c4767f7e4f9ec0a34f8c64ab0f0c12e399f5c1547357c6fc6885b8,7767241,1557954194,0xa5f19228f15cd5ca7fb0076b764b7c44aa4e2ae2,0x4cd6fb268e3c7dce00c7e9d47086d4e52f0c9454,0.002600000000000000,NULL,0x,0
