,TxHash,BlockHeight,TimeStamp,From,To,Value,ContractAddress,Input,isError
0,0x2aa2d267502841fd716aef94c49ce130f8cbaf4c0a43b6af5f7a53d229220393,6294942,1536420743,0x1e0d09d18b30fe01a5179dadae74675d9735d49b,0xa53035d2ba8c1d53c50f54eb409d3856eb0b3e45,0.225000000000000000,NULL,0x,0
1,0xabb37188f4abe956c7b6f672910e41876c70bcc8dbb1fc7f7b4aa29d96056388,6295126,1536423384,0xeda256098b175833998c0264be5903a39c58349e,0xa53035d2ba8c1d53c50f54eb409d3856eb0b3e45,0.999895000000000000,NULL,0x,0
2,0x99804c188002ac3e413e412814e526c1ea4c88c3b72d38f67a8ca3c7c70b08c1,6295141,1536423615,0xc8aebc78cfcc9908cb5cce3e3d53d96f4d8b484b,0xa53035d2ba8c1d53c50f54eb409d3856eb0b3e45,0.593641470000000000,NULL,0x,0
3,0xaee08f60a494609a2ac3bcb7aa799dd500c301255bb0ddfda6ae165aeb049b93,6295148,1536423712,0xa93da9154b6b003b9ad2624b8bd77400bc2c03ea,0xa53035d2ba8c1d53c50f54eb409d3856eb0b3e45,0.092910900000000000,NULL,0x,0
4,0xdafbfd016a728b412b6e515bdf94e706420a6870d2ab8ccbbad43d9cec9f0366,6295304,1536425947,0x8d0ca00d959369f4fc7713aedb7355abc8ba36ce,0xa53035d2ba8c1d53c50f54eb409d3856eb0b3e45,0.918281490000000000,NULL,0x,0
5,0x9d819090c0c97fbe852a83535662572d6bcca2c296d17d5f3577466ef7fa5032,6295331,1536426345,0x29d5527caa78f1946a409fa6acaf14a0a4a0274b,0xa53035d2ba8c1d53c50f54eb409d3856eb0b3e45,0.500000000000000000,NULL,0x,0
6,0xa2fcb0a4dcdc5b5300ec62205d2fe3c9580305259899677017a2f34eebb98766,6295374,1536426848,0x1e7119629c73f41059c7af464d4d70b8db1cb68e,0xa53035d2ba8c1d53c50f54eb409d3856eb0b3e45,1.000000000000000000,NULL,0x,0
7,0x854780c2091cd29494e49bc89cf9cbb16df270b17e3d3ce10cb8318aeeef9c03,6325089,1536856090,0xa53035d2ba8c1d53c50f54eb409d3856eb0b3e45,0xef3fe2aa8828b44ac996155d94772e2b396ee8d8,4.328678860000000000,NULL,0x,0
