,TxHash,BlockHeight,TimeStamp,From,To,Value,ContractAddress,Input,isError
0,0xa6d0537de4ba68146f32278c28c1d47c52069081d13c42741922228ed8eb72fb,5561441,1525537991,0xd24400ae8bfebb18ca49be86258a3c749cf46853,0xa525dd7a8034babf46f3f6e253035fb2bcf358b7,0.500000000000000000,NULL,0x,0
1,0x4c1800d29022cbfd6fc80d520024a56303c741335832c2ee9fc439944eca1464,5563537,1525569054,0x1ec7cfecd50f14e9b4cd5ae7b1eee602de652e8c,0xa525dd7a8034babf46f3f6e253035fb2bcf358b7,0.500000000000000000,NULL,0x,0
2,0xd6074efbec9eefbd0e9ab014546993432b8a8a3611a5a821ae8a5d013bfb3bca,5563728,1525572082,0xb1e95f191ae8fa27b8e1c143dfa7e01ed2489b37,0xa525dd7a8034babf46f3f6e253035fb2bcf358b7,2.000000000000000000,NULL,0x,0
3,0x96074f284e100d31c2e47138c597740448a5ae6251c6c22c6f01168f8343b68e,5563739,1525572211,0xb1e95f191ae8fa27b8e1c143dfa7e01ed2489b37,0xa525dd7a8034babf46f3f6e253035fb2bcf358b7,2.000000000000000000,NULL,0x,0
4,0xd5541fdce7d439364fb9ca0979f8b605114749dfdeaddc1cbe5416af4ce00f6f,5564205,1525579524,0x3f5ce5fbfe3e9af3971dd833d26ba9b5c936f0be,0xa525dd7a8034babf46f3f6e253035fb2bcf358b7,0.490000000000000000,NULL,0x,0
5,0x0e05ccc156fd8050e6dac0b2b6d3628baf9ffaf97021ed81417940ab0556ce6b,5564671,1525586610,0x416299aade6443e6f6e8ab67126e65a7f606eef5,0xa525dd7a8034babf46f3f6e253035fb2bcf358b7,1.000000000000000000,NULL,0x,0
6,0x26107eb1db81046098902932d0c5f2cac130ddcd793f03208eb1194946763594,5565383,1525597406,0x85f71c0399126ac01de9ca69d9783cf819078430,0xa525dd7a8034babf46f3f6e253035fb2bcf358b7,0.800000000000000000,NULL,0x,0
7,0xbdbfa5a1fd1f94b9e4daee753218d0301b304e0b13c2b8dd824eddab63d0a524,5565395,1525597644,0x85f71c0399126ac01de9ca69d9783cf819078430,0xa525dd7a8034babf46f3f6e253035fb2bcf358b7,0.070000000000000000,NULL,0x,0
8,0x5480d20b7f69149cbd980184b92c07629b12c6bacdc346cf04405e5574ad2bb2,5565470,1525598768,0xa97edcef880998b6c0a10b922696acf3e40c2811,0xa525dd7a8034babf46f3f6e253035fb2bcf358b7,0.500000000000000000,NULL,0x,0
9,0x05f7ac7f8452f04aa5334c39cb6c3d554593101238687a8d32363aa6f59d9708,5565824,1525603941,0x0df70f84b21dd9d471980e62085d386b8e344af8,0xa525dd7a8034babf46f3f6e253035fb2bcf358b7,0.300000000000000000,NULL,0x,0
10,0x304eda36aad6bc9d446320b3fae2960794df75a7b6d23e39187e065d79e4e732,5565876,1525604606,0x840ee68691cdd49de5cf3f7b897b3058843062ba,0xa525dd7a8034babf46f3f6e253035fb2bcf358b7,0.923759080000000000,NULL,0x,0
11,0x4b26743753d9852f32a3469fa623fbfaad164bcc64152ab078a355af8cfab924,5565914,1525605222,0x167a9333bf582556f35bd4d16a7e80e191aa6476,0xa525dd7a8034babf46f3f6e253035fb2bcf358b7,1.000000000000000000,NULL,0x,0
12,0xc66bb8030919a6d43b8466a388331d75dc91cebeb1106bc4c2fd290ff0947272,5567104,1525622785,0xd46450dc02d8585749c543863ac1cf277b566ba1,0xa525dd7a8034babf46f3f6e253035fb2bcf358b7,2.000000000000000000,NULL,0x,0
13,0x46baae60455c06e51272f3437ed76e4d56aab2f7a51f94081517b184ea06c032,5568284,1525640100,0x267be1c1d684f78cb4f6a176c4911b741e4ffdc0,0xa525dd7a8034babf46f3f6e253035fb2bcf358b7,9.995000000000000000,NULL,0x,0
14,0xdcd026f787c2de786991cb0c2995fda5dce48611967b5b56bc35ba641dfcc7b9,5568688,1525646225,0x243bec9256c9a3469da22103891465b47583d9f1,0xa525dd7a8034babf46f3f6e253035fb2bcf358b7,1.337801760000000000,NULL,0x,0
15,0x2c47fba772fb8db72a435aa67683a11c7ccfe32a6067e06ae95a393ce0b30a66,5598079,1526088073,0xa525dd7a8034babf46f3f6e253035fb2bcf358b7,0xd80c5ba61896cd054aef11e63832bf3758e51198,23.415699840000000000,NULL,0x,0
