,TxHash,BlockHeight,TimeStamp,From,To,Value,ContractAddress,Input,isError
0,0xa1c6d2d63b5bf0081b52e78b0a0e8af06765169d41cac346f1a03fc1383be80f,5680069,1527339046,0x7128aeed051e7de6cbef77921d6a96a4ff6c1386,0xaaab7c31ab03a15aa60f4df217b351677e5f07dd,1.999559000000000000,NULL,0x,0
1,0x82bf0613b3b6d3e66ea4502b94c1c9afbe2b7718cf9233dc86f476ee38659d38,5681591,1527361845,0xf95661667d37ef9bb33be34f92cb693b0a1f3390,0xaaab7c31ab03a15aa60f4df217b351677e5f07dd,0.016804745660174432,NULL,0x,0
2,0xa6d9aff4dfb94d47073e1e3061caca1954a94a325d3b07cd3a7ab30ce90ba922,5681615,1527362255,0x294e441b14a7a288f7f4046acc711c480e8db012,0xaaab7c31ab03a15aa60f4df217b351677e5f07dd,1.050000000000000000,NULL,0x,0
3,0xa65dd67f03c31bc145e3cd994a7ed9888d8c60a96ddc931fb5d562c96cef6bd9,5681764,1527364479,0x6cbc05a5b57ba32582d1a5993ec5295e61e03176,0xaaab7c31ab03a15aa60f4df217b351677e5f07dd,0.400000000000000000,NULL,0x,0
4,0xab721a759f90c1891632cf50a21c973e5b2b2897e105162010ca3f521dfc4bdc,5681813,1527365129,0xcf8373446363216f0dac6ace39cd3db12cf8689b,0xaaab7c31ab03a15aa60f4df217b351677e5f07dd,0.100000000000000000,NULL,0x,0
5,0x95786f39e88605579b739d51459cbb9e7b208e96367d48899567d643d3ab1112,5684989,1527414757,0x196fa1ed394faecac0df76ce525db02cfa237094,0xaaab7c31ab03a15aa60f4df217b351677e5f07dd,1.900000000000000000,NULL,0x,0
6,0x9602f414cec7d2c04e17db592fd629ffa78dfcc9852429085e379f055fa5cfb7,5687539,1527453247,0x73d548051e4360f60d54c51c66107763673f9bcf,0xaaab7c31ab03a15aa60f4df217b351677e5f07dd,0.040000000000000000,NULL,0x,0
7,0xa9912ddb59d9de8ff537d6818b5c8d328d3aa8621d56283b50c30e5ab32de82a,5688429,1527466603,0xf320c911c512344c4fd2c8cd08eb25b4daa9b52d,0xaaab7c31ab03a15aa60f4df217b351677e5f07dd,30.000000000000000000,NULL,0x,0
8,0x1770685844a023ac20d5e1e97c110c4ef04eb818d0adfde9c604a9574866e2b8,5738400,1528232934,0xaaab7c31ab03a15aa60f4df217b351677e5f07dd,0x743102d14154525fabb8cbe870142be1e4ad0bb0,35.505502745660174432,NULL,0x,0
