,TxHash,BlockHeight,TimeStamp,From,To,Value,ContractAddress,Input,isError
0,0xf1bca813b33cf5d6abcf22a763e836c219b0da86b66b2cf6d2916d2402053326,5949342,1531378488,0xb45eba50ef4792d49f2692c40b9570b2cf15010d,0xab486933bc2e24580080b9e97c2abcd493c0a136,0.997900419916016700,NULL,0x,0
1,0x17926367f242d0e976083a7a5b000d7a2309f7826674933234647c47195b66ed,5949625,1531382577,0xab486933bc2e24580080b9e97c2abcd493c0a136,0x53736ed74571fa79e90ac46d4e00852b07dbff57,0.997039419916016700,NULL,0x,0
2,0x0a1aed1665dfb4d28a7702805b2ffd4cc12d843ebd118abd548f891c83a7df5f,5973713,1531729157,0x4e4c14b5bdd12afcfe5af46eb9dba18380e68ce2,0xab486933bc2e24580080b9e97c2abcd493c0a136,0.337554756768279650,NULL,0x,0
3,0x15e9c1afe88b9e4fe03bfd62acba4173b2de3446a2e51263afd59d3e785c2441,5973920,1531732382,0x20451164a5150d2f292117e3e29be3e2fe60bb92,0xab486933bc2e24580080b9e97c2abcd493c0a136,0.498519470000000000,NULL,0x,0
4,0x8aa3c7769a2168c9bbbef4d99c73c5e9cfe50fd13bf21f1c8c3df15133e807bd,5974048,1531734269,0xab486933bc2e24580080b9e97c2abcd493c0a136,0x53736ed74571fa79e90ac46d4e00852b07dbff57,0.835213226768279650,NULL,0x,0
5,0x05813f04b625007040a431c5fb884420621564d2e35b9eef20de5b8753a479bb,5985198,1531899393,0x7d4f79c220062d3326064a4d4269c3e49dbdad04,0xab486933bc2e24580080b9e97c2abcd493c0a136,0.508214630000000000,NULL,0x,0
6,0xe29ed049e8183aa3b0c8bd0c597de301a0d9a86b840ed85e9857357effd57c1f,5991533,1531994278,0xab486933bc2e24580080b9e97c2abcd493c0a136,0x53736ed74571fa79e90ac46d4e00852b07dbff57,0.507353630000000000,NULL,0x,0
