,TxHash,BlockHeight,TimeStamp,From,To,Value,ContractAddress,Input,isError
0,0x9742eceb9fe7618345bb687c2b77c3270862c9f1b9cee995a77009e64fb00699,5660399,1527037134,0x02ecce8f8d2c87d49a4825bc3e700799481065b9,0xacf90f51d960bd6038e8a2ee7eba13cf714cffbf,0.050000000000000000,NULL,0x,0
1,0x303a3c97ff06db125d37549ed8dcc686fa5f0adde92ef8a2d5ef4d1f54659cfb,5660913,1527045283,0x7160d74411ed80224fb81f4022d3067e64a32149,0xacf90f51d960bd6038e8a2ee7eba13cf714cffbf,0.560000000000000000,NULL,0x,0
2,0x099238c5aaaf8726cf5d5331ec92ff6685c03686afcf406d95e26700a40e64d9,5676444,1527284081,0xacf90f51d960bd6038e8a2ee7eba13cf714cffbf,0x0ac4d02fced9cb3697767fe0f600ce413ec54569,0.609580000000000000,NULL,0x,0
3,0xb7e7a186b77ddcd72db0c3f48ff47afa8b660a6f9cc6bcb417ddef5e98ccc1e9,5692748,1527532200,0x2b5634c42055806a59e9107ed44d43c426e58258,0xacf90f51d960bd6038e8a2ee7eba13cf714cffbf,0.510000000000000000,NULL,0x,0
4,0x3f46f9b69e82a64bf80126ce12fd88e1c5117fe369d762d6849c5bae6005060e,5693941,1527549824,0xacf90f51d960bd6038e8a2ee7eba13cf714cffbf,0x337fb91d75924627ae2b683d4b446214bb152474,0.509139000000000000,NULL,0x,0
5,0x2c3ef1caff65ee5ac27703305367a7c2603512c223c9757864d11c0bb30333d9,5708273,1527769835,0xd7ef2c4710094242ad19a11163b44084c93a3aa5,0xacf90f51d960bd6038e8a2ee7eba13cf714cffbf,0.500000000000000000,NULL,0x,0
6,0x3012e58a3695a7d705d9c2dc687ee9558f248d65061130f2d97e6bc77becc919,5708416,1527771996,0x681e1afa884b251e8e4ad1d7b5916313a90eedde,0xacf90f51d960bd6038e8a2ee7eba13cf714cffbf,0.010000000000000000,NULL,0x,0
7,0x678b4914176ff53ba0d534c2f2352afd764aa923f684781ab6274962bd6d938c,5710776,1527808019,0x416299aade6443e6f6e8ab67126e65a7f606eef5,0xacf90f51d960bd6038e8a2ee7eba13cf714cffbf,0.050000000000000000,NULL,0x,0
8,0xa4d4fc5927e436823fb340e06e5e5b93ea0b8f063da242a4f2bdf0c952ebcaf4,5711651,1527822232,0x32c2c2d5d5e587939f191115fa47ad2b81377be6,0xacf90f51d960bd6038e8a2ee7eba13cf714cffbf,0.500000000000000000,NULL,0x,0
9,0x68fb6f496ee4dbabb1f04da5ab95c745b8cae208fa8d660a6c6074d04f09d94d,5716778,1527900607,0x19748fe3d2d840035a8a4d2f53f87c53650973a4,0xacf90f51d960bd6038e8a2ee7eba13cf714cffbf,0.050000000000000000,NULL,0x,0
10,0x19432894d7f47a6ff4b712524a5565f09ea58c9c815d0e87ef627c338ec7dfb4,5734109,1528165646,0xacf90f51d960bd6038e8a2ee7eba13cf714cffbf,0x337fb91d75924627ae2b683d4b446214bb152474,1.109769000000000000,NULL,0x,0
