,TxHash,BlockHeight,TimeStamp,From,To,Value,ContractAddress,Input,isError
0,0xe0d2aebc3efdd999ab1527ec61bf7eb31a13b687ce8c0709c45d8e9864132598,5190667,1520104581,0x0975ca9f986eee35f5cbba2d672ad9bc8d2a0844,0xb65db9f684f3bfa45ad3fb4cdc4120618ad81f00,1.000000000000000000,NULL,0x,0
1,0xf12800dfd8082daa1fa5d52308d3f5841f05cf5db575c3e0c73a6983e71ce9e7,5191164,1520112075,0x711a1b43f89de6192f6619ea969febbc8127e041,0xb65db9f684f3bfa45ad3fb4cdc4120618ad81f00,0.469483570000000000,NULL,0x,0
2,0x5370391c023d56967e79be104390a5705640de7c0e602b29b2e0a4db7ba86f3d,5191700,1520119262,0xfbb1b73c4f0bda4f67dca266ce6ef42f520fbb98,0xb65db9f684f3bfa45ad3fb4cdc4120618ad81f00,0.697038000000000000,NULL,0x,0
3,0xda67784139f087a83d93a088315c0bf2697eb79d4c8d26c2f9f45673df429c06,5191726,1520119618,0x3e79644b206449fbf98884fdf5d8090955d4e393,0xb65db9f684f3bfa45ad3fb4cdc4120618ad81f00,0.323058630000000000,NULL,0x,0
4,0xca0bdeb148d3ab1516a0b50e2855ada72d8bfd11bf28d9766d0264b5e6c69120,5191757,1520120109,0xfbb1b73c4f0bda4f67dca266ce6ef42f520fbb98,0xb65db9f684f3bfa45ad3fb4cdc4120618ad81f00,0.034000000000000000,NULL,0x,0
5,0x33f59aa3d8ff94dbb333e2174c3f0722286c621559448054e35c61127fb6a8d6,5196202,1520185692,0x7071f121c038a98f8a7d485648a27fcd48891ba8,0xb65db9f684f3bfa45ad3fb4cdc4120618ad81f00,0.100000000000000000,NULL,0x,0
6,0xc8a0431747384d8777a3e3d0c8ad52d01ef02c3cc13901c5a79c794629ebba3f,5196624,1520191994,0xfb334fb34959abc3107120325e9ee6b71f59e5a1,0xb65db9f684f3bfa45ad3fb4cdc4120618ad81f00,1.000000000000000000,NULL,0x,0
7,0x45c844f6d6ee9c761530e4e340b9c0604549df6690d5a48a2c61ecb17123b0f1,5196652,1520192405,0x32be343b94f860124dc4fee278fdcbd38c102d88,0xb65db9f684f3bfa45ad3fb4cdc4120618ad81f00,0.546306360000000000,NULL,0x,0
8,0xbc33a806bc6889c76dc6d0cf74799247486b360bbe91ae8f7661019f391e9548,5197128,1520199555,0x4665bbbc22c61cb5cbd545d7503279da82cadc31,0xb65db9f684f3bfa45ad3fb4cdc4120618ad81f00,1.000000000000000000,NULL,0x,0
9,0x0d8ab120ddb1db9158819f598867d585e6de4687b77046677c5e82763f34f130,5197288,1520201801,0xb65db9f684f3bfa45ad3fb4cdc4120618ad81f00,0xcbda57b8da8d79ff452458a4adde13d0b8894079,5.000000000000000000,NULL,0x,0
10,0x7fb19569818844cdae73ccaf51c383057652d49d9cb237d9eb261bd9d36ab862,5200115,1520242574,0x003e36550908907c2a2da960fd19a419b9a774b7,0xb65db9f684f3bfa45ad3fb4cdc4120618ad81f00,4.000000000000000000,NULL,0x,0
11,0xc827de0f2f4948dee1075dfe102b0260e7a941d88ba025aa7bee63f299263341,5200768,1520252484,0x315f2e1b66e67668d099ce20cb7c37b999a1493f,0xb65db9f684f3bfa45ad3fb4cdc4120618ad81f00,0.561060600000000000,NULL,0x,0
12,0x73b3efc0b12e0c11acbc02223f2f9c30ce320afa2a35cd7015ef7ad719bb4a44,5205079,1520315725,0x2b5634c42055806a59e9107ed44d43c426e58258,0xb65db9f684f3bfa45ad3fb4cdc4120618ad81f00,0.460980000000000000,NULL,0x,0
13,0xb99311d43898171f973df0558932d8e997e0008b4429cf48884f805c72567781,5206121,1520331154,0xd33577609f71eeb9e72b8b077590f50f9cbbce0a,0xb65db9f684f3bfa45ad3fb4cdc4120618ad81f00,0.398000000000000000,NULL,0x,0
14,0x11e1c114cecc34e4438a4b71ea64d72f7673ac544d377acdfb309fb0039a044d,5206140,1520331392,0x387077ef40317829f6473c010853f665d7bfc96d,0xb65db9f684f3bfa45ad3fb4cdc4120618ad81f00,0.400000000000000000,NULL,0x,0
15,0xe397128477e7ca0d32c13e072259e404b4a0004e170d81e770d822443765cb82,5208120,1520360182,0xb65db9f684f3bfa45ad3fb4cdc4120618ad81f00,0xcbda57b8da8d79ff452458a4adde13d0b8894079,5.900000000000000000,NULL,0x,0
16,0xd2ca656d9c2e4da5beb3a077b685004837c62c101da17a0abbf269052098391c,5215675,1520470873,0xdd26c9a082d6cf30983165032a8a4e6262314a89,0xb65db9f684f3bfa45ad3fb4cdc4120618ad81f00,0.500000000000000000,NULL,0x00,0
17,0x25b9b944bea1fc013f3d2055ffb5c2450a5e972614e1bc1dc903da65168ccdef,5216575,1520484058,0x799c4412e4704193169bb51d1fcdf5d1c763e93a,0xb65db9f684f3bfa45ad3fb4cdc4120618ad81f00,0.008000000000000000,NULL,0x,0
18,0x5be4aa8199083b4924cd944bf2634d41da655885d0f44d6676664c3aea7e6956,5217039,1520491050,0xe5d8feb5ef28b01de62fb72ded6a6ff4c5913d7b,0xb65db9f684f3bfa45ad3fb4cdc4120618ad81f00,0.001000000000000000,NULL,0x,0
19,0x139fba20b2500813b7bb0eeb0bd433739745d783529cc342da081e8a99f8f5c6,5219087,1520520662,0x3f5ce5fbfe3e9af3971dd833d26ba9b5c936f0be,0xb65db9f684f3bfa45ad3fb4cdc4120618ad81f00,0.990000000000000000,NULL,0x,0
20,0x84d08bfd28f688b9bb82ab9db2aec6243c213e7cba37f2f893e2c5522378d436,5219123,1520521339,0xb65db9f684f3bfa45ad3fb4cdc4120618ad81f00,0xcbda57b8da8d79ff452458a4adde13d0b8894079,1.580000000000000000,NULL,0x,0
21,0x97cfb049dfcb4179340cd0a3b390bdd0d509fadb4d0539f6dfd986731c48fe11,5219780,1520530867,0x259be8b6e52e1252d05a63acff42229490d571aa,0xb65db9f684f3bfa45ad3fb4cdc4120618ad81f00,0.995028041173573574,NULL,0x,0
22,0x3abd138a9c9d9bb2e5032bebf682e4354afd3d20be2a7a86a52d2ff5df2cf3f9,5220056,1520535257,0x532017b238c7baab39c6b789a27bbca687b66c7b,0xb65db9f684f3bfa45ad3fb4cdc4120618ad81f00,0.547000000000000000,NULL,0x,0
23,0xf541ae7251de9cc30798ec0ad218253c8b8e5ab34aaf377cdda221a9866886dc,5220201,1520537629,0xd24400ae8bfebb18ca49be86258a3c749cf46853,0xb65db9f684f3bfa45ad3fb4cdc4120618ad81f00,0.500000000000000000,NULL,0x,0
24,0x9549a869e11d4401f8f297df6b0f8e1e149cb3c5cf08fbc8040cca26ba6a747e,5220237,1520538072,0x3892ee5241f0dbb1fae9f6d51a6737979038c1e9,0xb65db9f684f3bfa45ad3fb4cdc4120618ad81f00,2.968108940000000000,NULL,0x,0
25,0xfa13bfff192d2d5af2c6bef75747832c467210ba52439b484e09da5d7753ad0d,5220300,1520538971,0x0681d8db095565fe8a346fa0277bffde9c0edbbf,0xb65db9f684f3bfa45ad3fb4cdc4120618ad81f00,0.350000000000000000,NULL,0x,0
26,0x84ab5ff95653f124449ed100a14c0280970fd9aaa5bea7f5a4eb86cfd506e294,5220711,1520544950,0xb9c34f16cc9decf7af06f5c4df8ba5d7f66d279d,0xb65db9f684f3bfa45ad3fb4cdc4120618ad81f00,0.000200000000000000,NULL,0x,0
27,0xdd345237c36ee3ff5e1f37a44fe83b93f6367d93dd02ce8ab8c440d4b2db982b,5220758,1520545613,0xe3031c1bfaa7825813c562cbdcc69d96fcad2087,0xb65db9f684f3bfa45ad3fb4cdc4120618ad81f00,0.095000000000000000,NULL,0x,0
28,0x703529ae0e1f8b59abb037f1673638213465be9fe9f570b40024b8ac6da28c6c,5221004,1520549225,0xb65db9f684f3bfa45ad3fb4cdc4120618ad81f00,0xcbda57b8da8d79ff452458a4adde13d0b8894079,5.460000000000000000,NULL,0x,0
29,0x0035af0bfe0ae4bc0b0764525af0a6d9f84b86978898df8ff8a488b502b29a06,5221361,1520554808,0xf7ddb7366b610446cd6831f1c4036a989e68f465,0xb65db9f684f3bfa45ad3fb4cdc4120618ad81f00,0.400000000000000000,NULL,0x,0
30,0x006e5640cfba395bbdf4c89e8bbb7a49babcd5fefb56552765d2ffe28675ea8e,5223241,1520582338,0x0681d8db095565fe8a346fa0277bffde9c0edbbf,0xb65db9f684f3bfa45ad3fb4cdc4120618ad81f00,0.990000000000000000,NULL,0x,0
31,0xe4deab454855c620eec93ce68bf92dbab48001ffa915d4794a00b8888f0cd05d,5223284,1520583102,0x0681d8db095565fe8a346fa0277bffde9c0edbbf,0xb65db9f684f3bfa45ad3fb4cdc4120618ad81f00,0.500000000000000000,NULL,0x,0
32,0x4e89a7b9b84c5130100f984b31995f46d70616dee033ec62871a58ff2129e563,5223879,1520591830,0xb65db9f684f3bfa45ad3fb4cdc4120618ad81f00,0xcbda57b8da8d79ff452458a4adde13d0b8894079,1.800000000000000000,NULL,0x,0
33,0x833e5bde0a665e12146c1200570f20245ec1681a580c117c71f406e245711982,5224361,1520598474,0x38d4d472f5a0f32f4fb1ab50ae1ba0f6c5746328,0xb65db9f684f3bfa45ad3fb4cdc4120618ad81f00,0.127132480000000000,NULL,0x,0
34,0x1c638f9881f3a1cbaac166bd1adb3ad662eb67a6a814117209530092a153c250,5225622,1520617712,0x8eaf6642dc525454a2712f25a2005bd73df0e8c3,0xb65db9f684f3bfa45ad3fb4cdc4120618ad81f00,0.500000000000000000,NULL,0x,0
35,0xf162481d2de16e9671a83b6982b08ea27184411dc60c09cfd5c6d2fe76b5ae8b,5225671,1520618391,0x3447bc53abe1432558b48b5767833d24777ba989,0xb65db9f684f3bfa45ad3fb4cdc4120618ad81f00,1.000000000000000000,NULL,0x,0
36,0x8c04f07503cef5ac75975ecc17710c915978de989cf6c4094a80d43963b1bc4b,5229044,1520667395,0xb2930b35844a230f00e51431acae96fe543a0347,0xb65db9f684f3bfa45ad3fb4cdc4120618ad81f00,0.011607770000000000,NULL,0x,0
37,0x4e8d7cbd9a3ede6d928f98a9e25ec1fe54b85f9faffea3b504e8293d4a929685,5229707,1520677400,0xb65db9f684f3bfa45ad3fb4cdc4120618ad81f00,0xcbda57b8da8d79ff452458a4adde13d0b8894079,1.720000000000000000,NULL,0x,0
