,TxHash,BlockHeight,TimeStamp,From,To,Value,ContractAddress,Input,isError
0,0x50cfe2ff6db54010dd46a18bdab989ddb3a9de694b96b393c683073eb32f5f13,5708137,1527767915,0xd2edb7a04d9fdd68b4485882e3b9b3d613324785,0xb6adacf355031c10b4fd70ee7fb4aca88a7c216d,0.510000000000000000,NULL,0x,0
1,0x8791b210eec721be15988011e1ecc68a0e1c0d755db3b763f6c68d62e0c854a3,5708479,1527773043,0x07e171713da071a78cfa98c0e0433a706f44f43a,0xb6adacf355031c10b4fd70ee7fb4aca88a7c216d,0.490000000000000000,NULL,0x,0
2,0xc7346b314bfb87fe5408663078a7ca5492fb12602b8c7487fa057c12db7c078b,5708723,1527777013,0xc64f41b6197884f616192354597e1f8c0cebf125,0xb6adacf355031c10b4fd70ee7fb4aca88a7c216d,0.100150000000000000,NULL,0x,0
3,0x49b22cf0d0cc464fea5e2dec57228103f6328d03d70d13201c2fe5f46e1c76d7,5710121,1527798339,0xf119c8aa298e9fac29d3ccf25f8cd94261912b7f,0xb6adacf355031c10b4fd70ee7fb4aca88a7c216d,0.620000000000000000,NULL,0x,0
4,0x5a0bd8a104e1fc3d72861f610c9435f3e0907ae38350ac5a971d446a69894ee2,5711192,1527814739,0x4f178efc259df43612df3c09c957bff017aae793,0xb6adacf355031c10b4fd70ee7fb4aca88a7c216d,1.444829480000000000,NULL,0x,0
5,0x14f28b7ec91909c61fe3a9d921ad6d44408652a0af34451e6485d544054e77b4,5713235,1527846439,0xb6adacf355031c10b4fd70ee7fb4aca88a7c216d,0xf37448a0d9c5d976edcdf4544f4601e6b163c3c9,3.164400000000000000,NULL,0x,0
6,0xe157ed4805f524a282ec452e103a807290574a8b76f964b3953ab175a4cc8598,5713485,1527850141,0x3ab91d7dc8aa4107e2d31431068af4bcdf10eb29,0xb6adacf355031c10b4fd70ee7fb4aca88a7c216d,0.506268730000000000,NULL,0x,0
7,0x124663839a83f534b86d32740d2293e089a5188482ec7992ea55df394a5538bb,5713500,1527850486,0xeb98b69ad633b0e428ace4bf24d50a113163ed79,0xb6adacf355031c10b4fd70ee7fb4aca88a7c216d,0.950000000000000000,NULL,0x,0
8,0xa0cb3e505b7f853efb0206148d6f9c22e7d0fcf41b45daad4f3eb9ca8b24f46a,5714191,1527861424,0xd551234ae421e3bcba99a0da6d736074f22192ff,0xb6adacf355031c10b4fd70ee7fb4aca88a7c216d,1.258135440000000000,NULL,0x,0
9,0x4d84b4c44cfc4d32931a8e0ef4d239cc31ea722075b1acef7f08b593f26ca25a,5714803,1527870900,0x93e7e2f92b7dc9bbaa61069e2bc6ec2818c904e5,0xb6adacf355031c10b4fd70ee7fb4aca88a7c216d,0.500000000000000000,NULL,0x,0
10,0xa6dae1c78f5aacd3a3ee00f43f8c8206494c717b229360e706a0b5c9c7af9cb4,5715041,1527874331,0xb6adacf355031c10b4fd70ee7fb4aca88a7c216d,0xf37448a0d9c5d976edcdf4544f4601e6b163c3c9,3.214000000000000000,NULL,0x,0
11,0x0ef981bda94cc427085d0534b6f69b000f0630f7c3d11ebc945b29ae0c42fcd0,5716452,1527895411,0xd551234ae421e3bcba99a0da6d736074f22192ff,0xb6adacf355031c10b4fd70ee7fb4aca88a7c216d,0.561809160000000000,NULL,0x,0
12,0x8d83c541a89e4e8c07e2e990f76496b288ba52a652e4493ad1cf49a703958467,5720033,1527950449,0xb6adacf355031c10b4fd70ee7fb4aca88a7c216d,0xa970052e459bc8076d64643cb226c882519c946e,0.561000000000000000,NULL,0x,0
