,TxHash,BlockHeight,TimeStamp,From,To,Value,ContractAddress,Input,isError
0,0x0451cc97bc58fef5c2d0a63a41297edb523a19fad0db8b5755a2702ad5a75c02,5882117,1530383576,0x195122d24b9c4df472899ff7ca642a507a9a192d,0xb8ed23977f745865abbc645f09fc07f82cfde421,5.000000000000000000,NULL,0x,0
1,0xe3ac6fce945454f385f2901425fc82c9512f124b813de7559f9e038f42c1b212,5885966,1530440039,0xe4b3dd9839ed1780351dc5412925cf05f07a1939,0xb8ed23977f745865abbc645f09fc07f82cfde421,1.003000000000000000,NULL,0x,0
2,0x5026c07c6ecc45767412352458521b635bf177d6d426b914ac0dc9a1c067371f,5886392,1530446468,0xb47f50bbbfa1c282e118babf3fc551e901fcda79,0xb8ed23977f745865abbc645f09fc07f82cfde421,1.050000000000000000,NULL,0x,0
3,0xd00d859f0f6f79beb6b0979c8d1e7a8837d7fe15d2d9667a1b5866aec55f6e26,5887278,1530460107,0xaaea830601d2666e74f62aebd29593a4b7707eb6,0xb8ed23977f745865abbc645f09fc07f82cfde421,1.000000000000000000,NULL,0x,0
4,0x718c3abdc09e3621c8aeeaaa7e1a3e1ef2a56f7cc0d3e16b39a01f8d16c13599,5892463,1530535257,0x3f5ce5fbfe3e9af3971dd833d26ba9b5c936f0be,0xb8ed23977f745865abbc645f09fc07f82cfde421,1.089589130000000000,NULL,0x,0
5,0xbb53770baf8fc1a66921028b74786ba99edef1a45675fe28895a5d431ab69309,5892533,1530536286,0x564286362092d8e7936f0549571a803b203aaced,0xb8ed23977f745865abbc645f09fc07f82cfde421,2.067920000000000000,NULL,0x,0
6,0xc1a1913477c167270591da64ccf2151c06aa5322b9f67d771895c39679520cf1,5893206,1530546004,0xd551234ae421e3bcba99a0da6d736074f22192ff,0xb8ed23977f745865abbc645f09fc07f82cfde421,3.000000000000000000,NULL,0x,0
7,0x35a6462a5bad829606a99ee46e47985543919b9311aef6fdea5346df7fede2ba,5893459,1530549745,0xf6230e7e98d2bbebf96d14888020e9c3e8c27d69,0xb8ed23977f745865abbc645f09fc07f82cfde421,5.130000000000000000,NULL,0x,0
8,0xab2f8e1a19a773d838eadc50a30e3a416f322c22d0c17d0bdc7564191cdb85b5,5897371,1530607591,0x467b66adb8d00409f53d6386fac0dbf98fa2dbae,0xb8ed23977f745865abbc645f09fc07f82cfde421,0.769286697561704280,NULL,0x,0
9,0xec5ba83be11ab990a4511b8437b9e0d291beb65737054d8789ac0ac2138668d4,5901317,1530666026,0x2f84a98a02684a7d03aed415aaec90c778a06411,0xb8ed23977f745865abbc645f09fc07f82cfde421,0.950000000000000000,NULL,0x,0
10,0x5ba3070c76dbfc302d940a4ac35688afbf8a86399694cff65dc0dbe6e32959e6,5904861,1530718730,0xb8ed23977f745865abbc645f09fc07f82cfde421,0x39f1793a492990222a244761ef00dc179eca1aad,21.057000000000000000,NULL,0x,0
