,TxHash,BlockHeight,TimeStamp,From,To,Value,ContractAddress,Input,isError
0,0xdc1b891d99896d42e9fd512bf72ee86513c73ad6e059b1951382e64a679db1e1,5578422,1525791405,0xa32fc2933482a8cc74918381520e6c79ad4f63c1,0xb9ee29ff43d319c126ed2dbdd74d49a2659ede56,0.130000000000000000,NULL,0x,0
1,0x3f248d740f359ec84ee28d10fddc4bc9ef36a0beaaf1ffdd75761c60e3559064,5578519,1525792775,0x82ad2486c66d4cdd9644407bc0fe97949a6608f9,0xb9ee29ff43d319c126ed2dbdd74d49a2659ede56,0.604304290000000000,NULL,0x,0
2,0xb3b5f86220ed19e0a890a0349a8fd37a195dd5fbf077d8117a75955faf44ea36,5578526,1525792946,0x035803eb84cde491c51f3fb808be2079d3206c17,0xb9ee29ff43d319c126ed2dbdd74d49a2659ede56,7.110000000000000000,NULL,0x,0
3,0x38434f5aa396d97c1008e951793bfc4ee83a8b8b9a99f4640d1a86bb7dde8da3,5578546,1525793195,0xd95748f4b9fe1cec91c9b2f73f02a7f4c63f9e28,0xb9ee29ff43d319c126ed2dbdd74d49a2659ede56,0.116542009000000000,NULL,0x,0
4,0xbcd6bc2dc5622b895f03085cdfdbb2eb92b1006940b4cf417bbd21c2b8f194fb,5578576,1525793626,0xfd05edc5be261685842cc719e82a76c961f1ad35,0xb9ee29ff43d319c126ed2dbdd74d49a2659ede56,0E-18,NULL,0x,0
5,0xebf0b653ffcf01e99db3388fec5a77023ff4b727e8e6b772d568b9195560b942,5578579,1525793676,0xfd05edc5be261685842cc719e82a76c961f1ad35,0xb9ee29ff43d319c126ed2dbdd74d49a2659ede56,0.145000000000000000,NULL,0x,0
6,0x0fa15aad21d922dffb5d9349c804235dc2469f83c406b07e255e4c9f40efd2a0,5578657,1525794791,0xd95748f4b9fe1cec91c9b2f73f02a7f4c63f9e28,0xb9ee29ff43d319c126ed2dbdd74d49a2659ede56,0.108119900000000000,NULL,0x,0
7,0xf871289333c5278bee620e69a6ace9eea3054b0cdca66e61df200bb80c106db1,5578680,1525795154,0xb4d201a9b63639165041fd89fe2182b05f94d5c5,0xb9ee29ff43d319c126ed2dbdd74d49a2659ede56,0.100000000000000000,NULL,0x,0
8,0xbb43a0ae309871a205649fd52a9029ab795e7c7ebd1e2d19ee95cf92b06ef59a,5578797,1525797016,0x342af819da34eae6303a2675a40f1bcf52592ef3,0xb9ee29ff43d319c126ed2dbdd74d49a2659ede56,0.299574600000000000,NULL,0x,0
9,0x507804fc83d0c6ab55f08bab5c14e0ccdcc3eebe33c402c0d096e9b3543c6585,5578852,1525797733,0x282adebec05f79b9f92909d53e5b6365764236ea,0xb9ee29ff43d319c126ed2dbdd74d49a2659ede56,0.500000000000000000,NULL,0x,0
10,0xce0b36c1c3f74f9c77bd4fda0c39118fbb6ae828f589e549f27d7074fa274259,5579176,1525802340,0x2083fc7274655ce2b06403b363713a2a6f2d4fc7,0xb9ee29ff43d319c126ed2dbdd74d49a2659ede56,1.950000000000000000,NULL,0x,0
11,0xbdcf2398b5c0a555a7a5e476b8e7040dabe75d22fa6bd6cdad6c4d432aa9d382,5579248,1525803678,0x39a9ea14afae8a7c9921955738fe5ef6f5e3a24e,0xb9ee29ff43d319c126ed2dbdd74d49a2659ede56,0.400000000000000000,NULL,0x,0
12,0xc00bbf71f85ae2dda807bdf83ca3350553672f464f020ff32234f6ae0ecbeab9,5579460,1525806829,0x5b134e3f90ca7b64ecb05d6036f99106eb879a06,0xb9ee29ff43d319c126ed2dbdd74d49a2659ede56,0.158740570000000000,NULL,0x,0
13,0x0cd06032caf1de30a5c234a90207a0db183963d131ac42149653d854534def0a,5579481,1525807120,0xa6b9996455586ff02ecb89e37a711c4b92638502,0xb9ee29ff43d319c126ed2dbdd74d49a2659ede56,1.000000000000000000,NULL,0x,0
14,0xc6f2c68ae375937ed88fd0f600b9efa9c493df7a53798eb98e6267d3fbe359d6,5579521,1525807744,0x4aa189791564c7384e7cdb1c6699e21d7bb27dfc,0xb9ee29ff43d319c126ed2dbdd74d49a2659ede56,0.080000000000000000,NULL,0x,0
15,0xad58ff634248119ab2cffe96caacd33c8f04e6f7e287808c26388d826cd7a48d,5579745,1525811342,0xa664c4acbbc2974dc653fef0a361d3ce036aa6b3,0xb9ee29ff43d319c126ed2dbdd74d49a2659ede56,2.010000000000000000,NULL,0x,0
16,0x42b080d4247d269f4aea9035e423e674ea9cefef97a4321dae8ef843f2306498,5585041,1525891178,0x6d8ebb2b217c138747f5fdad2c7d845e53e44b7e,0xb9ee29ff43d319c126ed2dbdd74d49a2659ede56,1.000000000000000000,NULL,0x,0
17,0xe1fcd78fb20831c8462385a4dc3f1df6b66f13992d6970862f51d23ea51321df,5585080,1525891711,0x2b5634c42055806a59e9107ed44d43c426e58258,0xb9ee29ff43d319c126ed2dbdd74d49a2659ede56,0.304652000000000000,NULL,0x,0
18,0x0f98ecfb4d60d765fea3daa7cfa0e49c5062c7368a0af57f6c186dde8003c04b,5585111,1525892154,0x86c66835c463bbbf2089b7e3097c97b0c04903f9,0xb9ee29ff43d319c126ed2dbdd74d49a2659ede56,0.500000000000000000,NULL,0x,0
19,0x324b29f811fbec99bcffacd9a9d5bce94a984ac3948f01c807c7e943a0a36b1c,5633883,1526631199,0xb9ee29ff43d319c126ed2dbdd74d49a2659ede56,0xbee564dca2df485084426b8611c6d5c011640c49,16.516072369000000000,NULL,0x,0
