,TxHash,BlockHeight,TimeStamp,From,To,Value,ContractAddress,Input,isError
0,0x161922c304bffecaf266eb2abf09322014f8eb2ff905717304898bed069e4383,5652688,1526918731,0x0819d14b3521c020657992a155307e72cce337b6,0xbf471cc7379befe3612cec5b6f24344415da4f24,0.037285198000000000,NULL,0x,0
1,0x080a6eefba0e12285090fc086d41c6e8d93ef43f020fc43cbc8be6a97815178e,5652715,1526919135,0x8e81ed30af5566215fc1940454d52e5576d855ee,0xbf471cc7379befe3612cec5b6f24344415da4f24,0.037634830999999990,NULL,0x,0
2,0xd9d5757813f26a7cb812349b833fa8191d14c4526605638e7c819aacb9266151,5652770,1526919736,0xbf471cc7379befe3612cec5b6f24344415da4f24,0x35808383e76461b9577aaeaa7f92257a6c958f08,0.004000000000000000,NULL,0x,0
3,0xa1e6238763a08f262cfdb657865c9840dc9309e09b7c1e6ba4e87b3e6bb56f07,5652902,1526921894,0xc3a679bf74b473481b7f5b54567c581954f31d83,0xbf471cc7379befe3612cec5b6f24344415da4f24,0.100960648000000000,NULL,0x,0
4,0xd4830d3efcb6bbd3b0fe35a9d36c126f4b87e583061b002e6c8febd19bffcd91,5652942,1526922462,0xbf471cc7379befe3612cec5b6f24344415da4f24,0x6fcc53a0bcf0b8958eb91009d83662640a8dcab0,0.003000000000000000,NULL,0x,0
5,0x09cf3a1d0f5597e49bff171e1c7ef47a82e94fabc1d863773beac776a5d6efd8,5653048,1526924102,0xe72ffeeafdc64a5d1871f5f12a9a2f299d70c91a,0xbf471cc7379befe3612cec5b6f24344415da4f24,0.007467622883442429,NULL,0x,0
6,0x2c7931a487f51bafa5b37f8315e1a0a34852a4a339bd0a44e5efa94549094430,5653132,1526925500,0xbf471cc7379befe3612cec5b6f24344415da4f24,0xd38fd15fd7fbb18b681ed8beea8fba43bd1ed27d,0.004000000000000000,NULL,0x,0
7,0xe2858bbc2a22ee64469c36decf947cc17c19086c2acecb31d3337c74639d5da5,5653252,1526927453,0x7f2beb938e3cc917780d3a8bc709941f023e79cd,0xbf471cc7379befe3612cec5b6f24344415da4f24,0.028916663969257694,NULL,0x,0
8,0x5f2fe241af56d9bcb50cd662e427d2cf6ad1d94b26d3c64b351d100103e03fc7,5653324,1526928452,0xf149abbeb7df4e795712e1c41c5596b19126426b,0xbf471cc7379befe3612cec5b6f24344415da4f24,0.039147526999999998,NULL,0x,0
9,0xcd3b1b5be0fcfd5d9cf6d83756789e5b299a2cda1e6d62833ef30a7571468976,5653351,1526928892,0xbf471cc7379befe3612cec5b6f24344415da4f24,0xd527c9db2aaf0b234cfae8088c64d8c5ab17fbb4,0.002000000000000000,NULL,0x,0
10,0xcb2268be7abd194224e7debae540e3587aef967f80e9b9a76809d0ff310ae0f4,5653576,1526932309,0x5415b0cb9fed7f500527d48de51e15827c404ad1,0xbf471cc7379befe3612cec5b6f24344415da4f24,0.025599770000000000,NULL,0x,0
11,0x430560cb4a1c1e2bfc8a17e1c6ccc36f4750b075de1cd77762d8f51ebc2e3d0c,5653664,1526933602,0x4e083101964aaf3584b024be39a9e3f4d7bca3c7,0xbf471cc7379befe3612cec5b6f24344415da4f24,0.050986574305260800,NULL,0x,0
12,0xd4476941775981c07e0f203e437d96330144ae660d08edb47b3dbaab8b6e5f0f,5653783,1526935370,0xbf471cc7379befe3612cec5b6f24344415da4f24,0xd830c5d990a67f8b521d9557ba63e6ef29288805,0.002000000000000000,NULL,0x,0
13,0xc63df0288b56ce280373ff64cd40998a6cb93b9067f8f7a70ed5310d912bae68,5653850,1526936408,0xed3ba2256c6fc1a5c47f586bca2fe77cc2147412,0xbf471cc7379befe3612cec5b6f24344415da4f24,0.024715866000000000,NULL,0x,0
14,0x739ec894a4c12580404cd4e08e14b3563877010df34f139a65d72e080c81bada,5653872,1526936807,0xb963553a09dc5d6241419a5e2d17fed81148c451,0xbf471cc7379befe3612cec5b6f24344415da4f24,0.069299763976383673,NULL,0x,0
15,0x89cb25aea499849096a00b74f25d5a5abf496a1a24685986a739a663739407c4,5654077,1526939878,0x60aa4fef56d604e1dcd327e04a849ab66c4705b1,0xbf471cc7379befe3612cec5b6f24344415da4f24,0.245803320000000000,NULL,0x,0
16,0x21a3e97b016b3c88afcb9e7cddc69095987e4108c2aead93ea02200f50cea2f0,5654099,1526940225,0xbf471cc7379befe3612cec5b6f24344415da4f24,0x60aa4fef56d604e1dcd327e04a849ab66c4705b1,0.002000000000000000,NULL,0x,0
17,0x3d93697acf01a0be7bc4dcbd602116efd5542cc62124c788c5aead7cd01fb505,5654199,1526941713,0x35bb80fa23bb8d9914751aa8d3613a55d266ae21,0xbf471cc7379befe3612cec5b6f24344415da4f24,0.027015258656632252,NULL,0x,0
18,0x01243e41b228db0798f3868ce37ca059cd08ef863ba02f8e04da5f606f532039,5654214,1526941926,0xbf471cc7379befe3612cec5b6f24344415da4f24,0x3bcf85ec02a4db00bb5b1551cae39d18d0411530,0.002000000000000000,NULL,0x,0
19,0x357558f0f9fc7345d1973b90caa5edb7dc46d4570be96b4a58203a62430ed971,5654235,1526942165,0xbf471cc7379befe3612cec5b6f24344415da4f24,0x3bcf85ec02a4db00bb5b1551cae39d18d0411530,0.003000000000000000,NULL,0x,0
20,0xba2ed56dde0d676cd344a5e871b361e3de03e1466655c3efd3e543da0744ed88,5654473,1526946124,0xbf471cc7379befe3612cec5b6f24344415da4f24,0xa1c370cd0bee00b32be9585c0d37ff458a99bb30,0.003000000000000000,NULL,0x,0
21,0x94ac745ebff28c5d9d94662281da4ccbc98040c0b767ff711eba9da66f47cc68,5654572,1526947599,0xbf471cc7379befe3612cec5b6f24344415da4f24,0x2b43d9e8fbd1f899e67932d547fe0318deb77607,0.003000000000000000,NULL,0x,0
22,0x6d29567ee5cc3840430e00f6ea097feb441358d81f5d59453c938c9f4c055708,5655689,1526964286,0xb2028881f9586f8b7fe8b7a7d0cf5fdc3aba053c,0xbf471cc7379befe3612cec5b6f24344415da4f24,0.073953194900000000,NULL,0x,0
23,0xb1a607c53297622ed34fe9814d1a6d3168bce93e36458fbe2754da6c2dda7679,5655878,1526967436,0x7aaaf43ac29abef47e4663fe4d7c2a518a32b6ea,0xbf471cc7379befe3612cec5b6f24344415da4f24,0.104329199238876291,NULL,0x,0
24,0x432e4f7a49bcfbc2e231ae877074ae2ea534328247b695251a948a33adeed015,5655937,1526968302,0x27db7b975b2b741e087faf36e5bac57d364b9cf8,0xbf471cc7379befe3612cec5b6f24344415da4f24,0.029225033080749999,NULL,0x,0
25,0xa2851ab28449894e4d082e39d64810843cf5be5bf35bb9f52f4901b51b5e9eba,5655964,1526968814,0xbf471cc7379befe3612cec5b6f24344415da4f24,0x03a2f54bf2a64358a4013dcbcafd5e2bd7df1089,0.003000000000000000,NULL,0x,0
26,0x0ab7d60e104808437f75a4ffc3b7861c89de1079e8f01d4bf6b0b62b50e26e73,5656016,1526969634,0xbf471cc7379befe3612cec5b6f24344415da4f24,0x260e428c9c197004de31bcd2ac8163f02f6f74d7,0.003000000000000000,NULL,0x,0
27,0xeed044623f16e48b9e056dcbdd329cc5fdb9eecafd54d7d7509e716057dfda68,5656308,1526974198,0xbf471cc7379befe3612cec5b6f24344415da4f24,0x2008e3057bd734e10ad13c9eae45ff132abc1722,0E-18,NULL,0x095ea7b30000000000000000000000002a0c0dbecc7e4d658f48e01e3fa353f44050c20800000000000000000000000000000000000000000000000000000031f1324100,0
28,0xb4d7f70e0c1df3d8ddd9e2b8b385aae98a1e36dfa0e346841ece1368422400d5,5656311,1526974232,0xbf471cc7379befe3612cec5b6f24344415da4f24,0x2a0c0dbecc7e4d658f48e01e3fa353f44050c208,0E-18,NULL,0x338b5dea0000000000000000000000002008e3057bd734e10ad13c9eae45ff132abc172200000000000000000000000000000000000000000000000000000031f1324100,0
29,0x4c4d919d3c8b5a7ddacca7c6c4d67b31f594b20c4e4eac233fd667f1bdca6eb1,5656431,1526976074,0xbf471cc7379befe3612cec5b6f24344415da4f24,0xe25bcec5d3801ce3a794079bf94adf1b8ccd802d,0E-18,NULL,0x095ea7b30000000000000000000000002a0c0dbecc7e4d658f48e01e3fa353f44050c20800000000000000000000000000000000000000000000003635c9adc5dea00000,0
30,0x58f9bbec9c33de123c0cbb7b39645d1f5780d4144f01e143065db367df7a00fc,5656432,1526976078,0xbf471cc7379befe3612cec5b6f24344415da4f24,0x2a0c0dbecc7e4d658f48e01e3fa353f44050c208,0E-18,NULL,0x338b5dea000000000000000000000000e25bcec5d3801ce3a794079bf94adf1b8ccd802d00000000000000000000000000000000000000000000003635c9adc5dea00000,0
0,0xd7a0a0838f7ed505bc73b12e598ebd50cb2e5255e77cfcf22f062e89a860fe7e,5656495,1526977001,0x2a0c0dbecc7e4d658f48e01e3fa353f44050c208,0xbf471cc7379befe3612cec5b6f24344415da4f24,1.784314773209241379,NULL,NULL,0
31,0xe256c99bb99d3660ed88a888cbcb1d9fbad6c1b5a17c107dd5f7d8feb777ba16,5656535,1526977629,0xbf471cc7379befe3612cec5b6f24344415da4f24,0xc4f6e5756025e103b1190e8e8483d68b2b96afc7,2.600000000000000000,NULL,0x,0
32,0x9cd2a392486b0610264e55ed5e9ffd41c7893dd8d6435679f30e1bfed046da8f,5657768,1526996519,0x96db0381882a6ceb88df16548e6b639e2c0bb0f2,0xbf471cc7379befe3612cec5b6f24344415da4f24,0.034477529363817676,NULL,0x,0
33,0x446d186689a9c36b61729c0c1f57578082c7e76c710fb3e2118627505435874e,5657856,1526997698,0xad0b1112116f1519281eec7c9c6c20f9ad81282e,0xbf471cc7379befe3612cec5b6f24344415da4f24,0.025055717000000000,NULL,0x,0
34,0xa182d37255a576e731ba1a91e805a0dd8d9d1446ce122f24d2eebd5305c68741,5657872,1526997957,0xbf471cc7379befe3612cec5b6f24344415da4f24,0xc4b826a0e77cd47915f4b6032c3c7081e1b5279f,0.003000000000000000,NULL,0x,0
35,0xb8ef1d688e79b18a83e6a0057d3c68864a72de7cc6050b330bbbf9598bdceb53,5657997,1527000071,0xbf471cc7379befe3612cec5b6f24344415da4f24,0x4f5f295e76a452f1211bfe3ffde5f6ee2805f9fa,0.002000000000000000,NULL,0x,0
36,0xa02932ced26dabb332ec308f25da5350ba8b1893afd4463473d67422cbe4b0c5,5662277,1527067207,0xbf471cc7379befe3612cec5b6f24344415da4f24,0x4f0bde05f4035e79b91e7b85aee2840d12041fa8,0.002000000000000000,NULL,0x,0
37,0x52efe5257ed24076536d2b8bc34038d035b60069a5211275a378f78a3b6f5344,5662385,1527068783,0xdbed4d49710a5ff31b59a7f261d62a61d31644d9,0xbf471cc7379befe3612cec5b6f24344415da4f24,0.020637986881250000,NULL,0x,0
38,0xdef1c465dfcbda67d21647ba51493dea49fa8be78b1021df078f03ca147d7442,5662403,1527069003,0xbf471cc7379befe3612cec5b6f24344415da4f24,0xe9c33e88236603b983f0677b02da8f70dacbca67,0.002000000000000000,NULL,0x,0
39,0x8d2232825aff3dd9bb1d58062329f67398c6862c04d689c9c6670f240429fb8e,5684190,1527401863,0xbf471cc7379befe3612cec5b6f24344415da4f24,0x2a0c0dbecc7e4d658f48e01e3fa353f44050c208,0E-18,NULL,0x338b5dea0000000000000000000000005c3a228510d246b78a3765c20221cbf3082b44a40000000000000000000000000000000000000000000006a59bb8170b91dabc00,1
40,0xfe55164b0ed456c0fe676b924e8760bf9996d924653f8bee84ec16df383de707,5684192,1527401955,0xbf471cc7379befe3612cec5b6f24344415da4f24,0x5c3a228510d246b78a3765c20221cbf3082b44a4,0E-18,NULL,0x095ea7b30000000000000000000000002a0c0dbecc7e4d658f48e01e3fa353f44050c2080000000000000000000000000000000000000000000006a59bb8170b91dabc00,0
41,0xc481580f60221b2629994066f89e0c8b184fe15946982318545e8c84cdee3a3a,5684254,1527402876,0xbf471cc7379befe3612cec5b6f24344415da4f24,0x5c3a228510d246b78a3765c20221cbf3082b44a4,0E-18,NULL,0xa9059cbb0000000000000000000000006b04b6bd029e8fd4690b8336d19fec0ccad416e100000000000000000000000000000000000000000000462ca40fbaec755abc00,0
42,0xbf0292f315e22d0ff24b0e2ec7a26fc78301a9a25c118b701f1b958d197dbb98,5684257,1527402969,0xbf471cc7379befe3612cec5b6f24344415da4f24,0x5c3a228510d246b78a3765c20221cbf3082b44a4,0E-18,NULL,0xa9059cbb0000000000000000000000006b04b6bd029e8fd4690b8336d19fec0ccad416e1000000000000000000000000000000000000000000000000001c6bf526340000,1
43,0x7ef7e7a1bd71ebd11e11ca0ac7ffa7837415dc8340178dce980e7910197a7864,5684264,1527403055,0xbf471cc7379befe3612cec5b6f24344415da4f24,0x6b04b6bd029e8fd4690b8336d19fec0ccad416e1,0.008000000000000000,NULL,0x,0
44,0x2b08a126eb160ac31107b3dadd00e265127bd0651b621fc4dfbfd3859e74fa71,5685405,1527420640,0xbf471cc7379befe3612cec5b6f24344415da4f24,0x35a69642857083ba2f30bfab735dacc7f0bac969,0E-18,NULL,0xa9059cbb000000000000000000000000f32a851078ee2979363743cc63eab55d4fd0c854000000000000000000000000000000000000000000000203dcea25becf4c91f2,0
45,0x23695a66381c5afb6fd8d2c859ac2171190c57c5981e954cfca31c21babb7c3c,5685431,1527421121,0xbf471cc7379befe3612cec5b6f24344415da4f24,0xf453b5b9d4e0b5c62ffb256bb2378cc2bc8e8a89,0E-18,NULL,0xa9059cbb000000000000000000000000f4fcbe2f96743334e056c10df17bcaf1de9e8c440000000000000000000000000000000000000000000000000000003915f68bfc,1
46,0x9a4e5fa2be929ce4d76d36773892b58f3af306e517173f032ffcc76c40fbb062,5685467,1527421640,0xbf471cc7379befe3612cec5b6f24344415da4f24,0xf453b5b9d4e0b5c62ffb256bb2378cc2bc8e8a89,0E-18,NULL,0xa9059cbb000000000000000000000000f4fcbe2f96743334e056c10df17bcaf1de9e8c440000000000000000000000000000000000000000000000000000003915f68bfc,1
47,0x46355a01ed90efc4ab8c38ff099848ef1be66d9202ba267bac4509ba3d197322,5685480,1527421856,0xbf471cc7379befe3612cec5b6f24344415da4f24,0xf453b5b9d4e0b5c62ffb256bb2378cc2bc8e8a89,0E-18,NULL,0xa9059cbb000000000000000000000000f4fcbe2f96743334e056c10df17bcaf1de9e8c440000000000000000000000000000000000000000000000000000003915f68bfc,0
48,0x351179b723f923e19e3493ec27481e5a2c109f59fa5c89d14b1a1688af76c5d9,5692672,1527531019,0xbf471cc7379befe3612cec5b6f24344415da4f24,0x4121cc82607ebab3f334e067f37fe2709c403bf6,0.075000000000000000,NULL,0x,0
49,0xeceda7470993d3c111d586eb9493a59d3d676ea2a57f8c1c32d456c78757880d,5695907,1527579810,0xbf471cc7379befe3612cec5b6f24344415da4f24,0x86fa049857e0209aa7d9e616f7eb3b3b78ecfdb0,0E-18,NULL,0xa9059cbb00000000000000000000000024477cee68b7d401fda01f415ddacae2f81954bc0000000000000000000000000000000000000000000000056bc789fae275a895,0
50,0x44c42a1a51daf26803efb7b11a4727c1cbb0c7e1fae1157fdaf121dad62b7365,5712817,1527840262,0xbf471cc7379befe3612cec5b6f24344415da4f24,0x7e9e431a0b8c4d532c745b1043c7fa29a48d4fba,0E-18,NULL,0xa9059cbb0000000000000000000000002f0d6b45fb6004e57ead76a2b47c594f5805e72d00000000000000000000000000000000000000000000011e3dc2e3b79d894bc1,0
51,0x91462f4f9c6d7a7a4d087e34eabb448772d5f7be8565f5c89d27f67ef28564bb,5712990,1527842686,0xab8745981b74d24bd046f85e9527d41e7ec578c3,0xbf471cc7379befe3612cec5b6f24344415da4f24,0.015418843000000000,NULL,0x,0
52,0x892b10ccb71d9c9284bcfaeceb798e3488d248ebc1f1609db1baf1b2be8d908b,5713077,1527844118,0xee5cec95d05c0f84d1df4e9c5b53390685c2875f,0xbf471cc7379befe3612cec5b6f24344415da4f24,0.018437184000000000,NULL,0x,0
53,0x7fef56670522f1fa34cf44ce7cb34aae8e1bedc475e0a85a21bf72c881a6f959,5716262,1527892630,0xbf471cc7379befe3612cec5b6f24344415da4f24,0xe2834f147b6973f28accc8d6a0c2bd2b2ebbaaef,0.003000000000000000,NULL,0x,0
54,0xbaf739ff5b0ac12bbedc4378e5b7f990706b8a4acdd985a41f7c272015f9eb2e,5716356,1527893942,0xbf471cc7379befe3612cec5b6f24344415da4f24,0xca2f10df3b9a88d431665fcd3f95faf28ea2836e,0.002000000000000000,NULL,0x,0
55,0x61c673a0bfa36cf287afe8cbc2f4ea1c20e6673bef2bf0ea28a210a9a75041d2,5716367,1527894123,0xbf471cc7379befe3612cec5b6f24344415da4f24,0xca2f10df3b9a88d431665fcd3f95faf28ea2836e,0.003000000000000000,NULL,0x,0
56,0x0c2b0ad3849aa9d1ba2cbee059e46b8fa618322a6b93264cc2b37d249e9b518e,5760811,1528575554,0xbf471cc7379befe3612cec5b6f24344415da4f24,0x9992ec3cf6a55b00978cddf2b27bc6882d88d1ec,0E-18,NULL,0xa9059cbb000000000000000000000000a0daaf32fd973da1e6e8764a21965fdc708a3c8b00000000000000000000000000000000000000000000001b1ae4d6e2ef500000,0
57,0xe11f66c751e6e9de7736dc1bac73a91e8eb69b4cb45e6d6cd6382f7598f8c809,5760865,1528576459,0xbf471cc7379befe3612cec5b6f24344415da4f24,0x5f53f7a8075614b699baad0bc2c899f4bad8fbbf,0E-18,NULL,0xa9059cbb000000000000000000000000a0daaf32fd973da1e6e8764a21965fdc708a3c8b0000000000000000000000000000000000000000000000d8d726b7177a800000,0
58,0xabb95b98245cea3e968d8e2a7885c4ba1faf1e3c91ebeff0e29ab9ecc9028cb8,5760885,1528576778,0xbf471cc7379befe3612cec5b6f24344415da4f24,0xda6cb58a0d0c01610a29c5a65c303e13e885887c,0E-18,NULL,0xa9059cbb000000000000000000000000a0daaf32fd973da1e6e8764a21965fdc708a3c8b000000000000000000000000000000000000000000000cb49b44ba602d800000,0
59,0xab606d2d6cdfe31c8fcfad8cc3417075da8607bfb834d94d3ae3dcd17910bca7,5762329,1528598923,0xbf471cc7379befe3612cec5b6f24344415da4f24,0x80bc5512561c7f85a3a9508c7df7901b370fa1df,0E-18,NULL,0xa9059cbb000000000000000000000000a0daaf32fd973da1e6e8764a21965fdc708a3c8b00000000000000000000000000000000000000000000000e5d9d1ff846840000,0
60,0x09af4005e1b4bcf7d3f74cea8dd8f89dcbf133ceabcbea0306bb0e00e2d47307,5762346,1528599189,0xbf471cc7379befe3612cec5b6f24344415da4f24,0x72dd4b6bd852a3aa172be4d6c5a6dbec588cf131,0E-18,NULL,0xa9059cbb000000000000000000000000a0daaf32fd973da1e6e8764a21965fdc708a3c8b0000000000000000000000000000000000000000000000090b80b9fc84b41f70,0
61,0x99a7cf755c54894e3494d1ec0efce47477f112c3fd4562d2d624ecc1a2171614,5812794,1529353851,0xbf471cc7379befe3612cec5b6f24344415da4f24,0xe34e1944e776f39b9252790a0527ebda647ae668,0E-18,NULL,0xa9059cbb000000000000000000000000efecc2628477a143301f5fd3377f35692bf3c5cf00000000000000000000000000000000000000000000014542ba12a337adb080,0
62,0xe177eb6d4b0472770396074d04203051366e8739d47c04db32bb174c06200992,5812851,1529354535,0xbf471cc7379befe3612cec5b6f24344415da4f24,0xebbdf302c940c6bfd49c6b165f457fdb324649bc,0E-18,NULL,0xa9059cbb0000000000000000000000004986c962e302bc6c272084bce31440e92baebc4b000000000000000000000000000000000000000000002f0eadc3216237780000,0
63,0x51d467d424df332375d513147bbc908e8a2dede4fb446a5d2df8d7107484c33c,5911706,1530820158,0xbf471cc7379befe3612cec5b6f24344415da4f24,0xa0daaf32fd973da1e6e8764a21965fdc708a3c8b,0.010000000000000000,NULL,0x,0
64,0x8716fd0b89d2ac64eac575899b9ed256351e1d579a773b5de793d8e62fd14981,5995424,1532051651,0xbf471cc7379befe3612cec5b6f24344415da4f24,0x1a7a8bd9106f2b8d977e08582dc7d24c723ab0db,0E-18,NULL,0xa9059cbb0000000000000000000000000d042aae68c86c33794bb694d12fec9dd439bc60000000000000000000000000000000000000000000000006d1afda89386428c9,0
65,0xc9d05a0e44eba98a7813ca7f593442e622766301dfca4e1118c492e590494bb8,6035455,1532639442,0xbf471cc7379befe3612cec5b6f24344415da4f24,0x6c6ee5e31d828de241282b9606c8e98ea48526e2,0E-18,NULL,0x095ea7b30000000000000000000000002a0c0dbecc7e4d658f48e01e3fa353f44050c208000000000000000000000000000000000000000000008d4ad713b2243498e46b,0
66,0x2b80de47594ca9a0c3c79333dee9c248b40a0207ec44c1564154267178e53a21,6035457,1532639452,0xbf471cc7379befe3612cec5b6f24344415da4f24,0x2a0c0dbecc7e4d658f48e01e3fa353f44050c208,0E-18,NULL,0x338b5dea0000000000000000000000006c6ee5e31d828de241282b9606c8e98ea48526e2000000000000000000000000000000000000000000008d4ad713b2243498e46b,0
1,0x7b0136fc622667f6735d731b1c4923eb707fe747593320665b5c023ab12f0ac6,6038385,1532682112,0x2a0c0dbecc7e4d658f48e01e3fa353f44050c208,0xbf471cc7379befe3612cec5b6f24344415da4f24,1.099831648821405791,NULL,NULL,0
67,0xeadc1ebd3967e313476496e279b1fcdfbc6c938d476a1f2e5da4f18b43cc7a07,6040127,1532708054,0xbf471cc7379befe3612cec5b6f24344415da4f24,0x0d042aae68c86c33794bb694d12fec9dd439bc60,1.100000000000000000,NULL,0x,0
68,0x3bd3ce167da7a873dc456b50259c8e5071b7ee0d725a348c3f7e42a2788ecf30,6121146,1533887678,0xbf471cc7379befe3612cec5b6f24344415da4f24,0xfbd0d1c77b501796a35d86cf91d65d9778eee695,0E-18,NULL,0xa9059cbb0000000000000000000000003170639bd297fb660e0b33e905fb25a209a8b1a80000000000000000000000000000000000000000000000000000000001c9c380,0
69,0x8e168781cd96a092b87b8408ae5c20064fbf7f74023fe2a8e36f47ba91f0e202,6144972,1534236564,0xbf471cc7379befe3612cec5b6f24344415da4f24,0x7c84e62859d0715eb77d1b1c4154ecd6abb21bec,0E-18,NULL,0xa9059cbb0000000000000000000000001939511c8e36f0d388347b81689f4f06f5292597000000000000000000000000000000000000000000007b6f6195901e08b66000,0
70,0xe1d7599408131aaa26399308076cfee7ffb159d72e6020a1d158094548d368d9,6222139,1535362456,0xbf471cc7379befe3612cec5b6f24344415da4f24,0x1c83501478f1320977047008496dacbd60bb15ef,0E-18,NULL,0xa9059cbb000000000000000000000000c457e118edc844000cdef5f2deedd385ba54c68d000000000000000000000000000000000000000000000601feb3c5b9d641e000,0
71,0x0b7e282302f1a371d478bdeebe0529293ff6eb176add6340203957ef8784d8cb,6396080,1537867425,0xbf471cc7379befe3612cec5b6f24344415da4f24,0x5d4d57cd06fa7fe99e26fdc481b468f77f05073c,0E-18,NULL,0xa9059cbb00000000000000000000000034c69f400878cd7f349a88d6662084150873972e000000000000000000000000000000000000000000002a5a058fc295ed000000,0
72,0x93700659b1bea89305410cc07c899507a61b01a9d4f7032145d253ad0733344e,6673582,1541783760,0xbf471cc7379befe3612cec5b6f24344415da4f24,0x6531f133e6deebe7f2dce5a0441aa7ef330b4e53,0E-18,NULL,0xa9059cbb0000000000000000000000000d042aae68c86c33794bb694d12fec9dd439bc60000000000000000000000000000000000000000000000000000000003f8b5134,0
73,0x0194f7da6ce763112aba4680ba1fa76ce0c939910b21cc21081e6712b052d054,6673598,1541783907,0xbf471cc7379befe3612cec5b6f24344415da4f24,0x2008e3057bd734e10ad13c9eae45ff132abc1722,0E-18,NULL,0xa9059cbb000000000000000000000000f592c1b80d723b142d2e126db81ba356b5b2988100000000000000000000000000000000000000000000000000000095cd541835,0
74,0xa09291d6f440f0a8f442cca64ef1c65aa5d0a771212380ddaa3b3178d689a195,6673603,1541783954,0xbf471cc7379befe3612cec5b6f24344415da4f24,0x4cf488387f035ff08c371515562cba712f9015d4,0E-18,NULL,0xa9059cbb000000000000000000000000856b78cc6bc4bda0929bd6570cfe60e0861a56dc0000000000000000000000000000000000000000000000abf57e1e307cf97500,0
75,0x2bf5737e19c66a6a304ad7a77176901842f1fada33ce0f905b351d6400f1cf66,7284874,1551457558,0xbf471cc7379befe3612cec5b6f24344415da4f24,0x47dd62d4d075dead71d0e00299fc56a2d747bebb,0E-18,NULL,0xa9059cbb0000000000000000000000007f5cfd011f4e0cee6eb243bf9ed12eab1d5349cb000000000000000000000000000000000000000000000a2a15d09519be000000,0
76,0x38918fe8c83af22b2e8ce9409e274446cbab2d063af4e307677f2765b41692cb,7284894,1551457931,0xbf471cc7379befe3612cec5b6f24344415da4f24,0x47dd62d4d075dead71d0e00299fc56a2d747bebb,0E-18,NULL,0xa9059cbb0000000000000000000000007f5cfd011f4e0cee6eb243bf9ed12eab1d5349cb0000000000000000000000000000000000000000000009f3e006e753df600000,0
