,TxHash,BlockHeight,TimeStamp,From,To,Value,ContractAddress,Input,isError
0,0x12876ffabc7986db972ca18314a91affc38fd85ef513fc2e6139f1dfcf2266b8,5654496,1526946506,0x59a5208b32e627891c389ebafc644145224006e8,0xc2605dc15d3ece4ea7a160c615fbb229c88efca7,0.790420000000000000,NULL,0x,0
1,0x0af5b11357023c92f1cdeb106bda22d85624f49e5f687e58aa9eef4bc3a630d1,5681709,1527363603,0xdb79d76e50f5e0f1c59d3fa153b87d5b1b276475,0xc2605dc15d3ece4ea7a160c615fbb229c88efca7,0.500000000000000000,NULL,0x,0
2,0x0f2c6654938938867a705464349b727681a72fe8246caa2657e2f16266937f9b,5694154,1527553481,0x9488c652e2fc8f90f0c8af54cf7d44a3b4b6f07e,0xc2605dc15d3ece4ea7a160c615fbb229c88efca7,0E-18,NULL,0x,0
3,0xb6449782b1d5835307a76431097d413e535990c0e4b64324d890cbf30a0b5b9e,5694239,1527554887,0x9488c652e2fc8f90f0c8af54cf7d44a3b4b6f07e,0xc2605dc15d3ece4ea7a160c615fbb229c88efca7,0.002000000000000000,NULL,0x,0
4,0x7deca16f194b2e27836bd5048fb3287910038fd15e3037e8f988711893248f2a,5694432,1527557654,0x99c31eb1ae61cb5bc67424f78085db9f013a1042,0xc2605dc15d3ece4ea7a160c615fbb229c88efca7,2.000000000000000000,NULL,0x,0
5,0x10b28e4dcf4cec48ead22bcb6f43e9f573bab724bb5f7086b52053538ea4c80c,5696028,1527581470,0xaeec6f5aca72f3a005af1b3420ab8c8c7009bac8,0xc2605dc15d3ece4ea7a160c615fbb229c88efca7,0.497000000000000000,NULL,0x,0
6,0x1cdd0bb245fe5c2dc87f7b4352a81cc4bac6e2e466f6d20aa6a598e8e8c3b2e1,5696053,1527581869,0xaeec6f5aca72f3a005af1b3420ab8c8c7009bac8,0xc2605dc15d3ece4ea7a160c615fbb229c88efca7,0.527000000000000000,NULL,0x,0
7,0xcf60c3058fecf9a6b8e3fd2b4b4698f8af91f09c8f8b670673fd9a921d85fb43,5698097,1527613923,0xc2605dc15d3ece4ea7a160c615fbb229c88efca7,0xcb460c3c489de64c8b67886182d7be89e457c6f6,2.000000000000000000,NULL,0x,0
8,0x9efc382c11edc1d01d97511ae6f0cbf16c1e127a095c0bf78617b196c05154fc,5698106,1527614093,0xc2605dc15d3ece4ea7a160c615fbb229c88efca7,0xcb460c3c489de64c8b67886182d7be89e457c6f6,2.000000000000000000,NULL,0x,0
9,0x28352b6f81a4264eea39de425c8e89bce8b1d79d29d197ddb8f8c685e74f4372,5698624,1527621875,0xc2605dc15d3ece4ea7a160c615fbb229c88efca7,0x70046a04ace8a7eabb276e0167c0e7468b5c1381,0.313837000000000000,NULL,0x,0
