,TxHash,BlockHeight,TimeStamp,From,To,Value,ContractAddress,Input,isError
0,0x754c00333a3850d2ee6f1bf28033b3dc4e3e4c09cfeb443a912a8e0d312b6a57,6489053,1539176803,0xe03c23519e18d64f144d2800e30e81b0065c48b5,0xc559b6b7f21c652ef102f55e03d411a8274412ce,0.011524150000000000,NULL,0x,0
1,0x2e862beb7b784634b12180adc05c0f3906e9c7e19554978feb86a03f9dbacee1,6496151,1539277426,0xc45386e730f931eb83cad69b25266de47a08d190,0xc559b6b7f21c652ef102f55e03d411a8274412ce,0.020000000000000000,NULL,0x,0
2,0x26697af05d6a26ef38953596f958d04a9eaf358a72b40cbfb45f0938781b398e,6497107,1539290520,0x008d44a22df16518ea360dacdea5fb8cf6717a9e,0xc559b6b7f21c652ef102f55e03d411a8274412ce,2.518280000000000000,NULL,0x,0
3,0x6d06d8798c7327cf2c99d5bfbf3a53da469f5b4de11b39c3f55331d2cba92dbf,6497115,1539290589,0xc559b6b7f21c652ef102f55e03d411a8274412ce,0xc6f6c006942d3f665af9afe68c8c9772a233b291,1.280084000000000000,NULL,0x,0
4,0x9e65bfa62799fb7d6b80b8d535f4fefae1b7fd089ffa8865f3d9cea9a9261cf4,6497119,1539290635,0xc559b6b7f21c652ef102f55e03d411a8274412ce,0xd2307d92c0372a96cc252e084f91f2176e656081,1.050384630000000000,NULL,0x,0
5,0x26029804c8f2b4d56b2b4236f5a8e08bb10f96fca88389ba08bb9f18de8494c1,6498883,1539315049,0xc559b6b7f21c652ef102f55e03d411a8274412ce,0xc3a275b2eaaa12c5df25a82bdf01cbde8f68e0d4,0.218027050000000000,NULL,0x,0
6,0xf86bfa81cb384803519ab1c92db75364052e954556fba37901d51a85783a2781,7652055,1556402046,0xc559b6b7f21c652ef102f55e03d411a8274412ce,0x0b44611b8ae632be05f24ffe64651f050402ae01,0.000972470000000000,NULL,0x,0
