,TxHash,BlockHeight,TimeStamp,From,To,Value,ContractAddress,Input,isError
0,0x70adcf65f30350ae360ef8f8b61f7dfb5f28860b65c77b32ad38133ca463bba9,7488584,1554203607,0x3f5ce5fbfe3e9af3971dd833d26ba9b5c936f0be,0xc7b26546c5c94723c8bb4b65afd8b0dc70db0425,14.837445000000000000,NULL,0x,0
1,0x5bbcce0e653d849a423e380029b9eb8265f8e387049e6e51ee0afb13ff3ef332,7488708,1554205173,0x564286362092d8e7936f0549571a803b203aaced,0xc7b26546c5c94723c8bb4b65afd8b0dc70db0425,1.990000000000000000,NULL,0x,0
2,0x05d5da87522bbdd0b6b07687adcbdf250a31b8ff1d54a79d37985f23c092b8a1,7494276,1554280265,0xc7b26546c5c94723c8bb4b65afd8b0dc70db0425,0x6a1913909cb6834cecacc1f55c3ff7ff2c55f522,4.341891430000000000,NULL,0x,0
3,0xab5758496f5f1f8e68c8091f3aeab0ff0e861bd37eb2dae01ee40a9d3421bffb,7494978,1554290017,0xc7b26546c5c94723c8bb4b65afd8b0dc70db0425,0x8d87d897131b6e1adc3ccadd5836ab6ca224a17b,6.765000000000000000,NULL,0x,0
4,0x6757aeec9ada32749dd4a82cf483bbf39c2e489175b3762865975823094e9f3e,7497677,1554326837,0xc7b26546c5c94723c8bb4b65afd8b0dc70db0425,0x979e0af35d5cf67805b355865de68a564b82aaee,5.692697080000000000,NULL,0x,0
