,TxHash,BlockHeight,TimeStamp,From,To,Value,ContractAddress,Input,isError
0,0x3975f642acc31340c746029ad2a474edf08df0b68dc14316302c69568f73933a,6306856,1536594321,0x3f5ce5fbfe3e9af3971dd833d26ba9b5c936f0be,0xc8e16a468db0c3590d205df1e80df7b31902b656,0.990000000000000000,NULL,0x,0
1,0xe45415d57f3d4892a5a252cb45dfad414bd859dde1aa19ec6797dce30782fd78,6306950,1536595697,0x715dc672a2a0c2081377ad7947c6bc5576b14d7f,0xc8e16a468db0c3590d205df1e80df7b31902b656,0.500000000000000000,NULL,0x,0
0,0x5fa5b034a12c0b1cae74e4d6e6eb40bc23af637191910d007ad3e1c54e686694,6307065,1536597477,0x0a1820f0ff7dc9fce0a4f0b589ee14ddae88233c,0xc8e16a468db0c3590d205df1e80df7b31902b656,1.050000000000000000,NULL,NULL,0
2,0xd64fa12f967fb71eee232100169490cdb9409bd77d122e1a6ff17f6ba0a00c81,6307220,1536599836,0x4b01721f0244e7c5b5f63c20942850e447f5a5ee,0xc8e16a468db0c3590d205df1e80df7b31902b656,1.044787570000000000,NULL,0x,0
3,0x8a60e9dd198318d3b5a7165830764b82ee00d434be32f2dbe571875090c45873,6307317,1536601102,0x0681d8db095565fe8a346fa0277bffde9c0edbbf,0xc8e16a468db0c3590d205df1e80df7b31902b656,0.500000000000000000,NULL,0x,0
4,0x1570c2b479cefa8a1962be957902815375f58a529e19124397380aa48b7b49c5,6307479,1536603481,0x3f5ce5fbfe3e9af3971dd833d26ba9b5c936f0be,0xc8e16a468db0c3590d205df1e80df7b31902b656,0.203402460000000000,NULL,0x,0
5,0xddd37dbbf6a0ef67673189873d3affaa5057222aa023c047e94f91cb3ece28e8,6307703,1536607063,0xb6ba1931e4e74fd080587688f6db10e830f810d5,0xc8e16a468db0c3590d205df1e80df7b31902b656,1.098500000000000000,NULL,0x,0
6,0x2e22afa5c09435699638715658e1a454f4a867b159c43c97016d5903ee9a54cc,6307861,1536609154,0xd551234ae421e3bcba99a0da6d736074f22192ff,0xc8e16a468db0c3590d205df1e80df7b31902b656,0.521118190000000000,NULL,0x,0
7,0x80aa175ed32a6b698e2b23af28cc0b1b0e2a130b0be937c787068afd904f29c4,6308597,1536619538,0xbbd8173d7306b8090ebcdbb7d932d4b4e87c32fa,0xc8e16a468db0c3590d205df1e80df7b31902b656,0.010000000000000000,NULL,0x,0
8,0x67eee450de5b247704dd46b76cb0405d775d11bdf9b7ef3cee852b66522f3568,6308949,1536624486,0x00f6e7f8fac5bc08de8c4abc2cf22f8a42d008fa,0xc8e16a468db0c3590d205df1e80df7b31902b656,1.000000000000000000,NULL,0x,0
9,0xf1daddc3ae782909c405369c7c5a60f957c6e3b58139d34de377d34aa0a719c3,6309390,1536630671,0xe4b3dd9839ed1780351dc5412925cf05f07a1939,0xc8e16a468db0c3590d205df1e80df7b31902b656,1.000000000000000000,NULL,0x,0
10,0x0dfeae74876b6666b6f4406db9b47b48efc388c452747bb0632bd48a1dbeff9f,6309851,1536637231,0x46ca19b737d793b72725cd8c582b5dfef08ba1f0,0xc8e16a468db0c3590d205df1e80df7b31902b656,1.000000000000000000,NULL,0x,0
11,0x04868da449cf3b4b94a72db9112e6cf238ee16f70e8ebfc3df92f6122016659e,7399170,1552997229,0xc8e16a468db0c3590d205df1e80df7b31902b656,0xcc0ca0e1ddf3b8e8675634d3813b3f2b8683b964,8.916947220000000000,NULL,0x,0
