,TxHash,BlockHeight,TimeStamp,From,To,Value,ContractAddress,Input,isError
0,0x3539785cab12fc6fc538fd6eb87b4d3f7cc108f079457688fc227349ba6ed0c3,5612415,1526304299,0xaee1f4bc3051f32266bbad4bd38dc6aac137f903,0xca8e988ffb5a662f8201c90b6a45cc7826f5f15a,1.130330770000000000,NULL,0x,0
1,0x00633c5b44420c7d2f7e3fa2d613adc3bbe5963dfb8e76ebf28323a4ee5a0e29,5614533,1526336872,0xf4f49b3841cb6dfba0378cae32f050f46934c73b,0xca8e988ffb5a662f8201c90b6a45cc7826f5f15a,1.000000000000000000,NULL,0x,0
2,0x55f4bca83f02206355f89d1c0a326a15b7b39f46e7f73ea2c668ef17add1d3bd,5616401,1526365436,0x1b463ccecd4e522a0a9e4c6d989719d535c007dc,0xca8e988ffb5a662f8201c90b6a45cc7826f5f15a,0E-18,NULL,0x,0
3,0xbbbfb62c115cd3ea6d84eff7ba039d7004d2c4f3933a234dc0648560ca6e444c,5628629,1526551211,0xca8e988ffb5a662f8201c90b6a45cc7826f5f15a,0x9ae7ebc5dc94634d3fe2f6529888a85cb4e433a4,2.129469770000000000,NULL,0x,0
