,TxHash,BlockHeight,TimeStamp,From,To,Value,ContractAddress,Input,isError
0,0x65cb68233d0edca82ff259bebfab4f7d4f41e6d7ffca976f99b3af3d3272e27b,6081799,1533314729,0x2e241019bcab800c683f5b9d31b7feffc1850004,0xcb3f9c4cd5d31b4d6db04a63f5a414779cfe6fc7,5.000000000000000000,NULL,0x,0
1,0x8a3a84f00d4d7469ef4f77dfce4be93813e1637584a19f76ef853258271143be,6099685,1533573982,0xcb3f9c4cd5d31b4d6db04a63f5a414779cfe6fc7,0x3b8c269f0bd26f8c6f62498140d01ebca458a023,0.999000000000000000,NULL,0x,0
2,0x9cd16096a9f7120372ec616c9629e04ba53b78ad82b851e48b04f35a48649124,6106865,1533679253,0xcb3f9c4cd5d31b4d6db04a63f5a414779cfe6fc7,0x927dba54a22d8ad11153d26484b77d15ce63809e,0.255000000000000000,NULL,0x,0
3,0x580aee2bb04475f5ee2d1bcf34a061cb8bda897495f781de92e7052777b0aa4a,6110900,1533737747,0xcb3f9c4cd5d31b4d6db04a63f5a414779cfe6fc7,0xc8246741f8771b50e30a9bec9ad376475902a58b,1.490000000000000000,NULL,0x,0
4,0x951dc10facb8df0d59fa6c96fbaa39f525c1d85890fa8707f1ebc76309dc1234,6146119,1534252687,0xcb3f9c4cd5d31b4d6db04a63f5a414779cfe6fc7,0xeb7ec0cbf1a501324912aebb583da49b71f72faa,0.038951310000000000,NULL,0x,0
5,0x1edb6d55115a9fabf8ef6a3f78d3b2af8915fbaec1319d0db77c21c586d5bd3d,6147403,1534271212,0xcb3f9c4cd5d31b4d6db04a63f5a414779cfe6fc7,0x118de3d35a8babc982dd211b1b8643187a4025a9,0.040636110000000000,NULL,0x,0
6,0x7541c4b3e57fb6467a05b2e504c121defe9b9a895b608d18e507336c8612ec8d,6151237,1534327226,0xcb3f9c4cd5d31b4d6db04a63f5a414779cfe6fc7,0xf39ccd9fe4ecf6633dcc75ed4cbd846248f66fd2,0.500000000000000000,NULL,0x,0
7,0x011f4f34b7e9a097fd1d95e644b8bd70a3c3b310c9ba4420e5816f469e34ddfd,6178505,1534726083,0xcb3f9c4cd5d31b4d6db04a63f5a414779cfe6fc7,0x5c823ee0be655e783dcda5aca5eeb13c06f190d1,0.055485160000000000,NULL,0x,0
8,0x12d363052520a4a1c25f6597ea01a10ea8dc654b2167143098b83082d8e4b881,6200890,1535053162,0xcb3f9c4cd5d31b4d6db04a63f5a414779cfe6fc7,0x3576dc102cf8ecb1d58f8eb659509a9ada5f10b9,0.029750000000000000,NULL,0x,0
9,0x7b8a825beaf59588b9b191d89a0e3bbbec1071df4ef753908916168e4f6d8025,6205832,1535124537,0xcb3f9c4cd5d31b4d6db04a63f5a414779cfe6fc7,0x67a5c659ffe5b788dabf506ed35ab290d054ee86,1.583428420000000000,NULL,0x,0
