,TxHash,BlockHeight,TimeStamp,From,To,Value,ContractAddress,Input,isError
0,0x0b8f0ad2d8f85ce70b46a1498b52b56621fc62101ff70420e71f823838c488d0,4076477,1501076489,0xfdd3bfe92735e109726d397007464624a39334d7,0xd0cc2b24980cbcca47ef755da88b220a82291407,11.493999000000000000,NULL,0x,0
1,0x08fef225ec0eb7b4da6372935327256796227bec832ef2d000743ef6b64f9245,4076495,1501076866,0xd0cc2b24980cbcca47ef755da88b220a82291407,0xd8711dba2db856eebd7f01db3d877e4c53d6dee2,0.100000000000000000,NULL,0x,0
2,0xea426df711fc8ddebc1236449a4091baee58f21719854f13ac198c1f5002aa39,4076502,1501077056,0x7e8def9b77417f60a5a6a420573f4580e14e17b1,0xd0cc2b24980cbcca47ef755da88b220a82291407,0.296901974000000000,NULL,0x,0
3,0x757aba719f8d5ded4ff9d67f3ff7b0350ecda694971cf990d104925aa618aa56,4076528,1501077776,0x984a01719fceeedd10c43afca9d4220508e54f1a,0xd0cc2b24980cbcca47ef755da88b220a82291407,0.361313983000011260,NULL,0x,0
4,0x0091dcfbd215e6a4a126f9139ac204e522e62164319ef146da12ce51b19d30e6,4076652,1501080107,0xd0cc2b24980cbcca47ef755da88b220a82291407,0x86849f631edd436794ec35982f4b5459056190d3,0.100000000000000000,NULL,0x,0
5,0x2ee09e46ff5a6a7621750c6606defe957f9f52c74418770a90a3e3ac45106138,4076662,1501080314,0x86849f631edd436794ec35982f4b5459056190d3,0xd0cc2b24980cbcca47ef755da88b220a82291407,0.098782420000000000,NULL,0x,0
6,0x65761705bf054b25fcbe11fe5dcc5e3136ac94f450747ea3a79fbab53d650c98,4077122,1501088159,0x0e16368ec4ecf1f6bbce431d6bd03815c99d1c9d,0xd0cc2b24980cbcca47ef755da88b220a82291407,0.093484246000000000,NULL,0x,0
7,0x8e026e4790abaec6b660746eb57e8f1583b9f1f2dfdba703c034b6c333568977,4077267,1501091026,0x3fd6e50cf529ff779f2f387470bdd8df99c96690,0xd0cc2b24980cbcca47ef755da88b220a82291407,0.507058782000000000,NULL,0x,0
8,0x94920c78dc60cb8eb185672378eb432f251ccd800960020d15537b7675408e05,4080958,1501160166,0xd0cc2b24980cbcca47ef755da88b220a82291407,0x68d86d5fc6e2288a8ea7c7c46642960c95866428,2.571189820000000000,NULL,0x,0
9,0x2feeefc1f1fd70ce19c3ba135dad8eb46afb35eff004bd097aac3da98f1746ea,4098273,1501479908,0xd0cc2b24980cbcca47ef755da88b220a82291407,0x48eaf48a1e3bc80221e0eedfbc2a6a9014fdca25,0.020000000000000000,NULL,0x,0
10,0x4fed664c760da3fab756908bcfd0c7c125ff35b15594708a4407e414cd5c9a13,4098307,1501480499,0xd0cc2b24980cbcca47ef755da88b220a82291407,0x7b26e1cd35435bf375c384449dd85c5b3169f209,0.020000000000000000,NULL,0x,0
11,0x9f83cc48dd2497847616716aa7cc162c3a53b61c2615bac4740d54fbecee6456,4098374,1501481701,0x9fc485fbf6d32afd59a73449e19aa9f2cd5cce36,0xd0cc2b24980cbcca47ef755da88b220a82291407,0.690630418000000000,NULL,0x,0
12,0xc59d22bfc386569e575afcf904c983e57206f70c0483e5a6040dc257437605a8,4098408,1501482420,0x7097548ae38481dfea71dbc15c5ef7073c79a391,0xd0cc2b24980cbcca47ef755da88b220a82291407,0.988899721000000000,NULL,0x,0
13,0x18392f64a8bc35a1c518a0d1e4aea273d51f68159491cb08cb644a9ff71e5074,4098586,1501485303,0xd0cc2b24980cbcca47ef755da88b220a82291407,0x158210172308b3c8bc1881e271836376f9bade24,0.020000000000000000,NULL,0x,0
14,0x5ec6ef5f656d384859b29f439495d7dc9a5f49e2d6f61d04343b69dab85e4ce3,4098612,1501485714,0xd0cc2b24980cbcca47ef755da88b220a82291407,0x9aadc1b96bf986dd58cc836dc19164c28c946c82,0.020000000000000000,NULL,0x,0
15,0xe75ab8dc997acc03261819fa3976640330350cc19474c19b4554ea5c48208869,4098683,1501487282,0xd0cc2b24980cbcca47ef755da88b220a82291407,0x7b5e976ba9bf3f7b4ad5fae319883aa49d34cd03,0.020000000000000000,NULL,0x,0
16,0x88a82bc50961fba9ec205e2f8efbb8ef3e817cc7ddb296d8115e4786101f757f,4098701,1501487583,0x7b5e976ba9bf3f7b4ad5fae319883aa49d34cd03,0xd0cc2b24980cbcca47ef755da88b220a82291407,0.018779375000000000,NULL,0x,0
17,0x2fc72ebdbdbca1a3c11ac9af68c60604c83cb85ee0b876556e59697041c55a75,4098835,1501489946,0x7c522355c13d05a86dcc4389f37f9014b7dd5f97,0xd0cc2b24980cbcca47ef755da88b220a82291407,24.000000000000000000,NULL,0x,0
18,0x26301b283985c702a093b855ccf0ce662ae5cbd9c7d3f42d51a773142ee2c569,4098908,1501491062,0x7c522355c13d05a86dcc4389f37f9014b7dd5f97,0xd0cc2b24980cbcca47ef755da88b220a82291407,0.388151433000000000,NULL,0x,0
19,0xfa294d492e240edf3ccbadbdf224c11eb5cbcc94b85d6ca50fe000e00578169a,4098916,1501491307,0x66c9ab2cbdd70dcc98d025cca5d3cecff8509eaf,0xd0cc2b24980cbcca47ef755da88b220a82291407,4.500000000000000000,NULL,0x,0
20,0x7b14aec1e301825ea278069e1b30aefebb2625a499e1db4a32668f2ae842a5f7,4099016,1501493053,0x3a72106098112c40fdd21eac01b47472bc512752,0xd0cc2b24980cbcca47ef755da88b220a82291407,2.116213136332056768,NULL,0x,0
21,0x4bb094c269a9dead702bad5276ff8e4118122a72603ee3d1cb34e08355aaef99,4099247,1501497469,0xe92c9cb9b9f02a816817669238f8c73ea8f19637,0xd0cc2b24980cbcca47ef755da88b220a82291407,51.000000000000000000,NULL,0x,0
22,0x225ced94601e749df15bb3697e35057a9bc1a2cad1e6bed9da751cb470999310,4099250,1501497558,0xe92c9cb9b9f02a816817669238f8c73ea8f19637,0xd0cc2b24980cbcca47ef755da88b220a82291407,0.267363200000000000,NULL,0x,0
23,0xb87662ed6eb15c418e4d0065c123152291ea83b4b49ffdd752cbc1b4acbeab19,4100288,1501516308,0x1bcef86d4e9a5293617d760c50a55a4f66e4f2d1,0xd0cc2b24980cbcca47ef755da88b220a82291407,0.800000000000000000,NULL,0x,0
24,0x0a86c9429577caaa6b8aaa19f6a4faddaaf647721a5aa1dcdbb94e6803e70108,4107165,1501661891,0xd0cc2b24980cbcca47ef755da88b220a82291407,0x8f3470a7388c05ee4e7af3d01d8c722b0ff52374,0E-18,NULL,0xa9059cbb000000000000000000000000d8fcf9de1cf44796180afd9775bbca985835bfd8000000000000000000000000000000000000000000000000a688906bd8b00000,0
25,0x6ad6819964c6559dceedea9f133d29f8a151087b182d75059885d1e115328e52,4110457,1501732527,0xd0cc2b24980cbcca47ef755da88b220a82291407,0xcaaeeede9516034796a889625013bb643c9f962e,0.020000000000000000,NULL,0x,0
26,0x610170bbd4eb7a9f9d1788ed66b9f472dec29f45ab3a087dff10639934c7ce5c,4110490,1501733292,0xd0cc2b24980cbcca47ef755da88b220a82291407,0x9fc485fbf6d32afd59a73449e19aa9f2cd5cce36,0.020000000000000000,NULL,0x,0
27,0x5935e4fa29ef85a3229101ed7a5083693f2f4632443a4ee8490d4dd32f850f94,4110541,1501734596,0xd0cc2b24980cbcca47ef755da88b220a82291407,0x6e611765f7e2db91e7876cbe683efbe6393831a8,0.010000000000000000,NULL,0x,0
28,0x5d3b2711c5fba25932e380c83e605b7f31f8cca8c0d60fcd35bc27f138eebe3f,4110993,1501745546,0x36212ebb7513604f7dcf560908934eb49f9cc950,0xd0cc2b24980cbcca47ef755da88b220a82291407,1.000000000000000000,NULL,0x,0
29,0xc64d9a06ce0b44de639c069d82e4469db0a26a5a1b73ed010a3cd34cce0f42d0,4111001,1501745666,0x36212ebb7513604f7dcf560908934eb49f9cc950,0xd0cc2b24980cbcca47ef755da88b220a82291407,266.000000000000000000,NULL,0x,0
30,0xb34ab5d291e7396668944a2d95c1a17d7d75603c27f7cb113e10d954e92a394d,4111068,1501747095,0x36212ebb7513604f7dcf560908934eb49f9cc950,0xd0cc2b24980cbcca47ef755da88b220a82291407,0.573509391375878672,NULL,0x,0
31,0x709b3fb19518452754ff72755afdab1c470eb7b4447b932053fa09fa1d6b519e,4111104,1501747805,0x2b065809f6ec6df32878bcd26711a0e2bcf59c26,0xd0cc2b24980cbcca47ef755da88b220a82291407,1.018042721435000193,NULL,0x,0
32,0x2542f4b54f46d0e76fcff64796e1104b68edfe197bcd99655813b9ada685af5b,4111204,1501750031,0x5b67a30108e1a5f3d5a809d57e76cd16fdfde7a7,0xd0cc2b24980cbcca47ef755da88b220a82291407,1.000000000000000000,NULL,0x,0
33,0x1e064e92bda3b854f101f7d2d4a67e40cf607fa5174ea893aa587760ace28b49,4111212,1501750366,0xd0cc2b24980cbcca47ef755da88b220a82291407,0x49c47caac5a13bd9abcb3aa04ab5dad78c55f1c8,1.000000000000000000,NULL,0x,0
34,0x7d52ae7a5b057d45efb7b83fdb8ab60bc0b79806134a1ad6c9c6f523dc37bcef,4111216,1501750421,0xd0cc2b24980cbcca47ef755da88b220a82291407,0x0d8775f648430679a709e98d2b0cb6250d2887ef,0E-18,NULL,0xa9059cbb0000000000000000000000009583b7f23a868b41e40fe3910993113526d6f9090000000000000000000000000000000000000000000000008ac7230489e80000,0
35,0x97f79015aabafbaaa239b6cc4166b39d8a1421e1ed6dde2ccc321c213ed3f8d9,4111220,1501750498,0xd0cc2b24980cbcca47ef755da88b220a82291407,0x1f573d6fb3f13d689ff844b4ce37794d79a7ff1c,0E-18,NULL,0xa9059cbb0000000000000000000000009583b7f23a868b41e40fe3910993113526d6f9090000000000000000000000000000000000000000000001d159913c031c730000,0
36,0x406a8ef8c80a37774e9be4ba1abd95dbe9d6b237deae356974d1a4f325d11562,4111224,1501750577,0xd0cc2b24980cbcca47ef755da88b220a82291407,0x12fef5e57bf45873cd9b62e9dbd7bfb99e32d73e,0E-18,NULL,0xa9059cbb0000000000000000000000009583b7f23a868b41e40fe3910993113526d6f9090000000000000000000000000000000000000000000000008ac7230489e80000,0
37,0x2dd1de5dbc3ffe532638be43d8e73eb23ae6c2ad45be8f65c8af2be0f8424af6,4111226,1501750612,0xd0cc2b24980cbcca47ef755da88b220a82291407,0x41e5560054824ea6b0732e656e3ad64e20e94e45,0E-18,NULL,0xa9059cbb0000000000000000000000009583b7f23a868b41e40fe3910993113526d6f909000000000000000000000000000000000000000000000000000000003b9aca00,0
38,0x69585ccd875bea543d0513cae9b398704af04d6936ba22f9d7aec28ee298bad0,4111232,1501750715,0xd0cc2b24980cbcca47ef755da88b220a82291407,0xa74476443119a942de498590fe1f2454d7d4ac0d,0E-18,NULL,0xa9059cbb0000000000000000000000009583b7f23a868b41e40fe3910993113526d6f9090000000000000000000000000000000000000000000000008ac7230489e80000,0
39,0x66471ba3d623320d55fd0bb02c51846dab4f5b4eac8fa0806e164aaceead4045,4111261,1501751345,0xd0cc2b24980cbcca47ef755da88b220a82291407,0x40395044ac3c0c57051906da938b54bd6557f212,0E-18,NULL,0xa9059cbb0000000000000000000000009583b7f23a868b41e40fe3910993113526d6f909000000000000000000000000000000000000000000000000000000003b9aca00,0
40,0x5be8900eae3096503ea4bef71edc95a33c6bb53f40af635d46bc4f769122a628,4111266,1501751405,0xd0cc2b24980cbcca47ef755da88b220a82291407,0xcbcc0f036ed4788f63fc0fee32873d6a7487b908,0E-18,NULL,0xa9059cbb0000000000000000000000009583b7f23a868b41e40fe3910993113526d6f909000000000000000000000000000000000000000000000000000000003b9aca00,0
41,0x1b91d77ed47f2394d399f2987d0dbaddcd238a96c1972e2ce72ab1be968fdb78,4111271,1501751447,0xd0cc2b24980cbcca47ef755da88b220a82291407,0xcfb98637bcae43c13323eaa1731ced2b716962fd,0E-18,NULL,0xa9059cbb0000000000000000000000009583b7f23a868b41e40fe3910993113526d6f9090000000000000000000000000000000000000000000000008ac7230489e80000,0
42,0xe9cd5c1bb3b76b98e2bf8394405dbf08f9fe96cd848b0a4328f91bb65576bbe2,4111275,1501751547,0xd0cc2b24980cbcca47ef755da88b220a82291407,0xd26114cd6ee289accf82350c8d8487fedb8a0c07,0E-18,NULL,0xa9059cbb0000000000000000000000009583b7f23a868b41e40fe3910993113526d6f9090000000000000000000000000000000000000000000000008ac7230489e80000,0
43,0xe72a951a46f163fd4400d62b1a83431a8535788d84837ca305afbd313b47e227,4111276,1501751594,0xd0cc2b24980cbcca47ef755da88b220a82291407,0x8ae4bf2c33a8e667de34b54938b0ccd03eb8cc06,0E-18,NULL,0xa9059cbb0000000000000000000000009583b7f23a868b41e40fe3910993113526d6f909000000000000000000000000000000000000000000000000000000003b9aca00,0
44,0x6db24828174f0cab10456b9222a8c59c5ff50d6700b05e5df8a76e3c1a78e525,4111280,1501751777,0xd0cc2b24980cbcca47ef755da88b220a82291407,0xe94327d07fc17907b4db788e5adf2ed424addff6,0E-18,NULL,0xa9059cbb0000000000000000000000009583b7f23a868b41e40fe3910993113526d6f9090000000000000000000000000000000000000000000000008ac7230489e80000,0
45,0x641b59fe1ca3949a5c4869b0d7086775b109a97f736b7cd0dd48cc44616643df,4111283,1501751837,0xd0cc2b24980cbcca47ef755da88b220a82291407,0x983f6d60db79ea8ca4eb9968c6aff8cfa04b3c63,0E-18,NULL,0xa9059cbb0000000000000000000000009583b7f23a868b41e40fe3910993113526d6f9090000000000000000000000000000000000000000000000008ac7230489e80000,0
46,0x60cdeae11ec2cdcc1f6df0b096654063b7edc9d03e146417f3446456dda6ff7f,4111284,1501751877,0xd0cc2b24980cbcca47ef755da88b220a82291407,0xb64ef51c888972c908cfacf59b47c1afbc0ab8ac,0E-18,NULL,0xa9059cbb0000000000000000000000009583b7f23a868b41e40fe3910993113526d6f909000000000000000000000000000000000000000000000000000000003b9aca00,0
47,0xd1677ea1eaa6d1dac5b49a25c6b82826968af576bf0efb222be305f733e05931,4111291,1501751992,0xd0cc2b24980cbcca47ef755da88b220a82291407,0xe7775a6e9bcf904eb39da2b68c5efb4f9360e08c,0E-18,NULL,0xa9059cbb0000000000000000000000009583b7f23a868b41e40fe3910993113526d6f9090000000000000000000000000000000000000000000000000000000000989680,0
48,0xc83aea7ec8e856b34336aaf9f78edfe4f10ddaf7cc10f0834788719d84e96b06,4111297,1501752076,0xd0cc2b24980cbcca47ef755da88b220a82291407,0xb110ec7b1dcb8fab8dedbf28f53bc63ea5bedd84,0E-18,NULL,0xa9059cbb0000000000000000000000009583b7f23a868b41e40fe3910993113526d6f909000000000000000000000000000000000000000000000000000000003b9aca00,0
49,0x56bce923ca3fccfce32332b31d0258f77a3f32f8c94bdbe30b5a72fdabb690e1,4111302,1501752265,0xd0cc2b24980cbcca47ef755da88b220a82291407,0x49c47caac5a13bd9abcb3aa04ab5dad78c55f1c8,180.000000000000000000,NULL,0x,0
50,0x7224b0022f792d4c146a6bcb292a6e7f11ad3715f582584e86a93e2087120bf7,4111308,1501752412,0xd0cc2b24980cbcca47ef755da88b220a82291407,0xa74476443119a942de498590fe1f2454d7d4ac0d,0E-18,NULL,0xa9059cbb0000000000000000000000009583b7f23a868b41e40fe3910993113526d6f9090000000000000000000000000000000000000000000003e708511fbfd31a9400,0
51,0x8567e740ba2c846a8fda2f08a9146569d9df55e5dc27efea3595ecff10717de5,4111310,1501752508,0xd0cc2b24980cbcca47ef755da88b220a82291407,0x0d8775f648430679a709e98d2b0cb6250d2887ef,0E-18,NULL,0xa9059cbb0000000000000000000000009583b7f23a868b41e40fe3910993113526d6f909000000000000000000000000000000000000000000002348ff6171cec7150c00,0
52,0x46094b4b98a70beefa4e237fa235cd73503165a388895ce6dd7bfb99b0701478,4111329,1501752847,0xd0cc2b24980cbcca47ef755da88b220a82291407,0xa74476443119a942de498590fe1f2454d7d4ac0d,0E-18,NULL,0xa9059cbb0000000000000000000000009583b7f23a868b41e40fe3910993113526d6f90900000000000000000000000000000000000000000000039992648a23c8a00000,0
53,0xf89fc69cd061efff7b2d57868a85e94e7da4c5967cc5dbfe834ca2e6994b2b18,4111346,1501753220,0xd0cc2b24980cbcca47ef755da88b220a82291407,0x49c47caac5a13bd9abcb3aa04ab5dad78c55f1c8,183.000000000000000000,NULL,0x,0
54,0xae78ee6bf9f1c82539517acb785e9129f3e27557d19c703c6dff0b78eed369d2,4111355,1501753389,0xd0cc2b24980cbcca47ef755da88b220a82291407,0xe94327d07fc17907b4db788e5adf2ed424addff6,0E-18,NULL,0xa9059cbb0000000000000000000000009583b7f23a868b41e40fe3910993113526d6f9090000000000000000000000000000000000000000000000450b4750c7c06fed00,0
55,0xa68650229726f6c1e92cb058b84f238c09de2f7ee2facd236c912cb62fc6a511,4111364,1501753531,0xd0cc2b24980cbcca47ef755da88b220a82291407,0xcbcc0f036ed4788f63fc0fee32873d6a7487b908,0E-18,NULL,0xa9059cbb0000000000000000000000009583b7f23a868b41e40fe3910993113526d6f9090000000000000000000000000000000000000000000000000000001cd0135253,0
56,0x1ec6a41a2b79df283a31b43bdf02096a6ed7893ac881aa43866ee08299180b91,4111377,1501753920,0xd0cc2b24980cbcca47ef755da88b220a82291407,0x40395044ac3c0c57051906da938b54bd6557f212,0E-18,NULL,0xa9059cbb0000000000000000000000009583b7f23a868b41e40fe3910993113526d6f9090000000000000000000000000000000000000000000000000000010b823cd108,0
57,0x6f75d9664aac2854c06ace524765755f36623c063c7dc58ed5b1462f00060a2e,4111389,1501754185,0xd0cc2b24980cbcca47ef755da88b220a82291407,0x8ae4bf2c33a8e667de34b54938b0ccd03eb8cc06,0E-18,NULL,0xa9059cbb0000000000000000000000009583b7f23a868b41e40fe3910993113526d6f909000000000000000000000000000000000000000000000000000000425eea2a89,0
58,0xffde6f5df827e7fd6de77777271e283e979aa40878e3c5c8a33dbf935e390703,4111401,1501754462,0xd0cc2b24980cbcca47ef755da88b220a82291407,0x12fef5e57bf45873cd9b62e9dbd7bfb99e32d73e,0E-18,NULL,0xa9059cbb0000000000000000000000009583b7f23a868b41e40fe3910993113526d6f909000000000000000000000000000000000000000000000599883885aeedb00000,0
59,0x898b96f139642b56279fe2bea0fa4fb0eb912d7bd2b9a088b2986c1e511cff9b,4111436,1501755021,0xd0cc2b24980cbcca47ef755da88b220a82291407,0x983f6d60db79ea8ca4eb9968c6aff8cfa04b3c63,0E-18,NULL,0xa9059cbb0000000000000000000000009583b7f23a868b41e40fe3910993113526d6f90900000000000000000000000000000000000000000000032fa75c3c0c884e0000,0
60,0xe328204c46f70fe1ffac6cb572144fffa6e3fb69640942242d09a4491c742e4f,4111445,1501755192,0xd0cc2b24980cbcca47ef755da88b220a82291407,0xb64ef51c888972c908cfacf59b47c1afbc0ab8ac,0E-18,NULL,0xa9059cbb0000000000000000000000009583b7f23a868b41e40fe3910993113526d6f909000000000000000000000000000000000000000000000000000002449e7c0aa8,0
61,0x49e88c93f65bd5c9335e906c1653360efa90433c4d02bea4035c59d34e2a7543,4111456,1501755316,0xd0cc2b24980cbcca47ef755da88b220a82291407,0xb110ec7b1dcb8fab8dedbf28f53bc63ea5bedd84,0E-18,NULL,0xa9059cbb0000000000000000000000009583b7f23a868b41e40fe3910993113526d6f90900000000000000000000000000000000000000000000000000000082b964d03f,0
62,0xe9a47bd80b74dd83c9d3d9a4bf8bc1faefab689504c0514f79dca373da0f376d,4111464,1501755395,0xd0cc2b24980cbcca47ef755da88b220a82291407,0xd26114cd6ee289accf82350c8d8487fedb8a0c07,0E-18,NULL,0xa9059cbb0000000000000000000000009583b7f23a868b41e40fe3910993113526d6f909000000000000000000000000000000000000000000000035194b0c62f71e0000,0
63,0xdc1c2db82e08b2c90129d98d22855216a14ded5f586cc4a4c586ace21e380902,4111475,1501755643,0xd0cc2b24980cbcca47ef755da88b220a82291407,0x41e5560054824ea6b0732e656e3ad64e20e94e45,0E-18,NULL,0xa9059cbb0000000000000000000000009583b7f23a868b41e40fe3910993113526d6f90900000000000000000000000000000000000000000000000000000063eab870c9,0
64,0x902420d42debb95ce9f2336a24ae60bf7c11cd8ce10b57c92b44d541cbd5d0a9,4111481,1501755721,0xd0cc2b24980cbcca47ef755da88b220a82291407,0xcfb98637bcae43c13323eaa1731ced2b716962fd,0E-18,NULL,0xa9059cbb0000000000000000000000009583b7f23a868b41e40fe3910993113526d6f9090000000000000000000000000000000000000000000001216fe70e5c6bdcec00,0
65,0x8bbeba0ef61705665ef2c26b1991b959edc051631bd13a87ba8658be88435447,4111493,1501755931,0xd0cc2b24980cbcca47ef755da88b220a82291407,0xe7775a6e9bcf904eb39da2b68c5efb4f9360e08c,0E-18,NULL,0xa9059cbb0000000000000000000000009583b7f23a868b41e40fe3910993113526d6f90900000000000000000000000000000000000000000000000000000000ba44abd1,0
66,0x1c9a4340ed0f67be0594c1b72a758cc4cca3f8026d4178b3185d30875fd178a6,4111499,1501756052,0xd0cc2b24980cbcca47ef755da88b220a82291407,0xb63b606ac810a52cca15e44bb630fd42d8d1d83d,0E-18,NULL,0xa9059cbb0000000000000000000000009583b7f23a868b41e40fe3910993113526d6f909000000000000000000000000000000000000000000000000000000003b9aca00,0
67,0x5fd393f49568187c5c2c7b19c624024a2d8828de8aab4661bd00693bac926ae3,4111511,1501756345,0xd0cc2b24980cbcca47ef755da88b220a82291407,0xb110ec7b1dcb8fab8dedbf28f53bc63ea5bedd84,0E-18,NULL,0xa9059cbb0000000000000000000000009583b7f23a868b41e40fe3910993113526d6f90900000000000000000000000000000000000000000000000000000082b964d03f,0
68,0x5d98804ac51e05b7442f4c2c5a924189960c14e0aaff77f01f1b97e8e5697312,4111519,1501756559,0xd0cc2b24980cbcca47ef755da88b220a82291407,0xb63b606ac810a52cca15e44bb630fd42d8d1d83d,0E-18,NULL,0xa9059cbb0000000000000000000000009583b7f23a868b41e40fe3910993113526d6f90900000000000000000000000000000000000000000000000000000064d0d64950,0
69,0x5ef77a3b034daf12f7ca421bd5859a73c9e5b52d434ea831459934c63901a0c6,4111588,1501757988,0xd0cc2b24980cbcca47ef755da88b220a82291407,0x725803315519de78d232265a8f1040f054e70b98,0E-18,NULL,0xa9059cbb0000000000000000000000005b67a30108e1a5f3d5a809d57e76cd16fdfde7a7000000000000000000000000000000000000000000001666c76aa7278f700000,0
70,0x80247ae27e314ea1ccb88a66f61966804ca7e5dd22beb125238918a4a1d09610,4111594,1501758094,0xd0cc2b24980cbcca47ef755da88b220a82291407,0x5af2be193a6abca9c8817001f45744777db30756,0E-18,NULL,0xa9059cbb0000000000000000000000005b67a30108e1a5f3d5a809d57e76cd16fdfde7a7000000000000000000000000000000000000000000000000000007c80fdef32a,0
71,0xe3219076520ffdb0dbc25c58ea3ba39dfc74995418718eef6111812cb1539319,4111602,1501758270,0xd0cc2b24980cbcca47ef755da88b220a82291407,0x0abdace70d3790235af448c88547603b945604ea,0E-18,NULL,0xa9059cbb0000000000000000000000005b67a30108e1a5f3d5a809d57e76cd16fdfde7a7000000000000000000000000000000000000000000000c942be41530e92570ab,0
72,0xada8e81df1feb61e76b2e08beda4e87d92819b88589c153f7925ed27860cdabc,4111604,1501758299,0xd0cc2b24980cbcca47ef755da88b220a82291407,0x08711d3b02c8758f2fb3ab4e80228418a7f8e39c,0E-18,NULL,0xa9059cbb0000000000000000000000005b67a30108e1a5f3d5a809d57e76cd16fdfde7a700000000000000000000000000000000000000000000000000000000000019bf,0
73,0x3deab5cada96a6b2ada277dfddef3ff3ca26aec2c4dbf4d8c52d3f75eeafb646,4111606,1501758330,0xd0cc2b24980cbcca47ef755da88b220a82291407,0x86fa049857e0209aa7d9e616f7eb3b3b78ecfdb0,0E-18,NULL,0xa9059cbb0000000000000000000000005b67a30108e1a5f3d5a809d57e76cd16fdfde7a700000000000000000000000000000000000000000000000272e746e0c836cc85,0
74,0x66c3de431ee815d2b66a7edcd188d1d4ff51e599e45987d1f5537d53a23bd24f,4111610,1501758402,0xd0cc2b24980cbcca47ef755da88b220a82291407,0x701c244b988a513c945973defa05de933b23fe1d,0E-18,NULL,0xa9059cbb0000000000000000000000005b67a30108e1a5f3d5a809d57e76cd16fdfde7a70000000000000000000000000000000000000000000000349d0762ec98943c00,0
75,0x017566295da5b2377bb4ec905766662a9a01c21514ff6701e4220ebdf10e2431,4111612,1501758443,0xd0cc2b24980cbcca47ef755da88b220a82291407,0x0affa06e7fbe5bc9a764c979aa66e8256a631f02,0E-18,NULL,0xa9059cbb0000000000000000000000005b67a30108e1a5f3d5a809d57e76cd16fdfde7a7000000000000000000000000000000000000000000000000000000003de9d697,0
76,0xa2945780278bc6da3e01f8318a8932656fcd097016deeccce7ae530e83191671,4111615,1501758473,0xd0cc2b24980cbcca47ef755da88b220a82291407,0xe3818504c1b32bf1557b16c238b2e01fd3149c17,0E-18,NULL,0xa9059cbb0000000000000000000000005b67a30108e1a5f3d5a809d57e76cd16fdfde7a700000000000000000000000000000000000000000000006e4d16d2d3d44530ff,0
77,0xfbe0d65c11c3742d5e5e819ffb827cb703a48f8587c329f0565ad92179d7311a,4111618,1501758554,0xd0cc2b24980cbcca47ef755da88b220a82291407,0x2bdc0d42996017fce214b21607a515da41a9e0c5,0E-18,NULL,0xa9059cbb0000000000000000000000005b67a30108e1a5f3d5a809d57e76cd16fdfde7a700000000000000000000000000000000000000000000000000000028b2c5cf80,0
78,0x00295bc29ae405ddfc668454add9250c3fd617524b4a47ebece93ed883d3fedd,4111618,1501758554,0xd0cc2b24980cbcca47ef755da88b220a82291407,0x6531f133e6deebe7f2dce5a0441aa7ef330b4e53,0E-18,NULL,0xa9059cbb0000000000000000000000005b67a30108e1a5f3d5a809d57e76cd16fdfde7a7000000000000000000000000000000000000000000000000000000003b9aca00,0
79,0xcacedd8a904ca35ef065e7b965fb7d50e43e05aca4b49253f65e8f43362092ca,4111620,1501758585,0xd0cc2b24980cbcca47ef755da88b220a82291407,0xfca47962d45adfdfd1ab2d972315db4ce7ccf094,0E-18,NULL,0xa9059cbb0000000000000000000000005b67a30108e1a5f3d5a809d57e76cd16fdfde7a7000000000000000000000000000000000000000000000000000000b47b9becca,0
80,0x432853386e6d7d27f97f080cfc10eca176b67b55c1ef401445cdc809b0b37801,4111625,1501758687,0xd0cc2b24980cbcca47ef755da88b220a82291407,0xd4fa1460f537bb9085d22c7bccb5dd450ef28e3a,0E-18,NULL,0xa9059cbb0000000000000000000000005b67a30108e1a5f3d5a809d57e76cd16fdfde7a70000000000000000000000000000000000000000000000000000009434e96b67,0
81,0x20f3572cf7b8349704f8e07f066e2ce01ef5f58579c63b98d46e3a68c7e37994,4111626,1501758707,0xd0cc2b24980cbcca47ef755da88b220a82291407,0xb24754be79281553dc1adc160ddf5cd9b74361a4,0E-18,NULL,0xa9059cbb0000000000000000000000005b67a30108e1a5f3d5a809d57e76cd16fdfde7a7000000000000000000000000000000000000000000000000000000b6d229c280,0
82,0x4b8dec6443e322f33269cc51d162b0af0115e526f55b272fd31410e6a3263f0c,4111629,1501758912,0xd0cc2b24980cbcca47ef755da88b220a82291407,0x8aa33a7899fcc8ea5fbe6a608a109c3893a1b8b2,0E-18,NULL,0xa9059cbb0000000000000000000000005b67a30108e1a5f3d5a809d57e76cd16fdfde7a70000000000000000000000000000000000000000000008055ed8b9c146180000,0
83,0xf4e29153c1da4a2d12e8475e91cf614486d1c9980e44a92cc846920855644bb1,4111633,1501759027,0xd0cc2b24980cbcca47ef755da88b220a82291407,0xd5b9a2737c9b2ff35ecb23b884eb039303bbbb61,0E-18,NULL,0xa9059cbb0000000000000000000000005b67a30108e1a5f3d5a809d57e76cd16fdfde7a7000000000000000000000000000000000000000000000164d34359abb1cc0000,0
84,0x0e3fb1895a0513965641306434157094d5805115361a6f78bfc8b7d6a8b303f9,4111645,1501759304,0xd0cc2b24980cbcca47ef755da88b220a82291407,0x64340ed116881e2b435b7240b3a60cf224630e01,0E-18,NULL,0xa9059cbb0000000000000000000000005b67a30108e1a5f3d5a809d57e76cd16fdfde7a70000000000000000000000000000000000000000000001c20a7ae43b42230000,0
85,0xab952d0592567df3f26d46345508eb4ab82a1275091171961f616adbd4f1c696,4221930,1504146693,0xd0cc2b24980cbcca47ef755da88b220a82291407,0x94298f1e0ab2dfad6eeffb1426846a3c29d98090,0E-18,NULL,0xa9059cbb000000000000000000000000c0036b2d5e11021af7a129f3cb2a5577dccf2b6800000000000000000000000000000000000000000000000000000012a05f1fff,0
86,0x95142bd5a85cd9d8e7c547975ae6ec01984b23be79b81d0bf2c6a0ef659d0c3e,4255516,1504967752,0xd0cc2b24980cbcca47ef755da88b220a82291407,0xba54621876dfca50d15705201a5c3b12949b2a79,0E-18,NULL,0xa9059cbb000000000000000000000000acba5dd5b9ebe3c64ac95144c235dbc8bc713963000000000000000000000000000000000000000000000000000009184e72a000,0
