,TxHash,BlockHeight,TimeStamp,From,To,Value,ContractAddress,Input,isError
0,0xce40a17be41e918f66cabb22a8b19e2095d88e3083206f49aca4329d802fbcc8,5289845,1521559021,0x7ae73af7f00be5b1fa05a1782aba91d114dd1ad6,0xd11d565ba23b523ef7737aa24bdbb75a06521d87,1.447110600000000000,NULL,0x,0
1,0x4f42aae02f1d19353d728b310769fe67f0597f117f85b606ba614a2f17825436,5289898,1521559807,0xfda4683580c80fe0b24fd423cb6b1ef3a09a820e,0xd11d565ba23b523ef7737aa24bdbb75a06521d87,0.500000000000000000,NULL,0x,0
2,0x01a07118319ad03d1a476bfe18275d58d75424ffba0446d1d344226872770c2e,5290228,1521564783,0x645d1dea6cd0470678d39c5b7799e6e19c3bb95f,0xd11d565ba23b523ef7737aa24bdbb75a06521d87,0.499895000000000000,NULL,0x,0
3,0x1074738adcb28189d3daee85a1eb8e783d93572332546d7e7123d7c232f6cea8,5290260,1521565260,0x645d1dea6cd0470678d39c5b7799e6e19c3bb95f,0xd11d565ba23b523ef7737aa24bdbb75a06521d87,0.069895000000000000,NULL,0x,0
4,0x65dbbffa5e2c564a133932996c4c6472c55a890e14f18dbc4ed75ec4f8bbfe71,5291495,1521582064,0x0681d8db095565fe8a346fa0277bffde9c0edbbf,0xd11d565ba23b523ef7737aa24bdbb75a06521d87,0.540000000000000000,NULL,0x,0
5,0x9d839a9c7a4725212269e4fa090f8ec3f16dc138562b06762d422c072fafddd9,5293051,1521604688,0xd551234ae421e3bcba99a0da6d736074f22192ff,0xd11d565ba23b523ef7737aa24bdbb75a06521d87,0.490000000000000000,NULL,0x,0
6,0x631805fd6e916db32008f3e35f9f74c6e01f0ac9f51d971b4561a20c14fdc1eb,5294064,1521619302,0x1fd6267f0d86f62d88172b998390afee2a1f54b6,0xd11d565ba23b523ef7737aa24bdbb75a06521d87,0.586982490000000000,NULL,0x0000000000000000000000000000000000000000,0
7,0xa0b225402e8ade287865233d397b65c8158be309eacae1ca3ec7ac251d02550e,5294279,1521622449,0xfbb1b73c4f0bda4f67dca266ce6ef42f520fbb98,0xd11d565ba23b523ef7737aa24bdbb75a06521d87,0.600000000000000000,NULL,0x,0
8,0xcf4394a0facb12e7be5d89e620328d859f6edd9d8aa844d3f999670b2e28a004,5295037,1521634065,0xbec0dc4e1702002b0594fdbfb9a18e5b8f774bcd,0xd11d565ba23b523ef7737aa24bdbb75a06521d87,0.999000000000000000,NULL,0x,0
9,0x64da5d5400a57d28b2a187860b394587345c83a080d9216591440f6efd430168,5298861,1521689225,0x62f7e7acba78ca9048c9d35229ae52fa18a72d15,0xd11d565ba23b523ef7737aa24bdbb75a06521d87,1.040659720000000000,NULL,0x,0
10,0xf417bb3f970f1ba4dcdc0aad783212c0f76a693270d81aea78d241ae16b55e11,5299764,1521701717,0x7ed1e469fcb3ee19c0366d829e291451be638e59,0xd11d565ba23b523ef7737aa24bdbb75a06521d87,0.999141440000000000,NULL,0x,0
11,0x62b97070895d72e6c0cdd1e336178e5716804d163bd5efe157ad8d44ae76c3e9,5300804,1521717367,0xa86c0ecfb1668bf0d2cd11f55fc207e3df521178,0xd11d565ba23b523ef7737aa24bdbb75a06521d87,0.992638800000000000,NULL,0x,0
12,0x0bd296f91d08ba7aeecb522c1f9d7eca0aed7bdc6dbcd47cbba5752b2a3d59e1,5549795,1525361227,0xd11d565ba23b523ef7737aa24bdbb75a06521d87,0x965bdbaf7dc1daf1b49820ff5b463333f02d192c,8.764462050000000000,NULL,0x,0
