,TxHash,BlockHeight,TimeStamp,From,To,Value,ContractAddress,Input,isError
0,0x62cebbc4b2501dc8ba1f4bf761fe739ec9e6104adb849505fa815a3be94e0b0d,5697231,1527600331,0xddb57b1edcbd0d206a84a0ba6b048fc0f3361458,0xd384752674cbdf4673994ab973a51fc6f114b75f,5.000000000000000000,NULL,0x,0
1,0xc37dc59ff5b6c7669f00f21e470c3b47f05699c08fb40f6b23639bc16635aa32,5697409,1527603112,0xd384752674cbdf4673994ab973a51fc6f114b75f,0xaafc89b66b2194721f6302697940bd4ef1dba8d3,0.265976310376622455,NULL,0x,0
2,0x8ba0199131c43890d256379491b72132c5ef2aca937c16c82d8cbe99dbdb8edf,5697419,1527603250,0xd384752674cbdf4673994ab973a51fc6f114b75f,0xaafc89b66b2194721f6302697940bd4ef1dba8d3,0.097186881538026576,NULL,0x,0
3,0xae3ec8614db9397f203c71b9d768cc66f311edfe6611fa6d5a7c495602299e95,5697435,1527603549,0xd384752674cbdf4673994ab973a51fc6f114b75f,0x20eedcfca964cf8b491b394018c2d094076a830f,4.635387808085350969,NULL,0x,0
4,0x89b8d0a53ec08441b3ddcedd8a2c0342c096289ea14a132a3e27d5c38cd8f438,5699123,1527629702,0xce6e9473abfe669eb703660f6620d5084c20da20,0xd384752674cbdf4673994ab973a51fc6f114b75f,3.000000000000000000,NULL,0x,0
5,0x542dd4d274cb3aee0edaf1bab792b3c6a2e14abd72eef26f637309cbe3b2467c,5699198,1527630882,0xd384752674cbdf4673994ab973a51fc6f114b75f,0x20eedcfca964cf8b491b394018c2d094076a830f,2.999517000000000000,NULL,0x,0
6,0x03f0c390ed0649a68ab7bfcdfd215eb1af5b5407a02d4a0f8b4b049761bd7f7f,5702822,1527687188,0xddb57b1edcbd0d206a84a0ba6b048fc0f3361458,0xd384752674cbdf4673994ab973a51fc6f114b75f,1.000000000000000000,NULL,0x,0
7,0x526490342a498fb035ee1cf3a3e6d2a689e1b3db5a5f7bb5b50f01b8648e0f46,5702882,1527688033,0xd384752674cbdf4673994ab973a51fc6f114b75f,0x20eedcfca964cf8b491b394018c2d094076a830f,0.520000000000000000,NULL,0x,0
8,0x695eeaca2635b3859837153e41c1add0550f3a689c315aa1b88e8564edddf42b,5702897,1527688241,0xd384752674cbdf4673994ab973a51fc6f114b75f,0x7f0d9a55d9527d29ff104223f04590e9b0cc6c18,0.479034000000000000,NULL,0x,0
9,0xb07cacc6da989da5220090d62336aa21a10190c2c14dc774addf390bddbcea91,5719060,1527935473,0x87f9bad3051070269300b4e67f7cbe2e8da63ff7,0xd384752674cbdf4673994ab973a51fc6f114b75f,0.150000000000000000,NULL,0x,0
10,0x3c634b98b0bcc986bcde207a721c07899b6102226d6da1f6e9c101c71619deb1,5719465,1527941804,0xd384752674cbdf4673994ab973a51fc6f114b75f,0x20eedcfca964cf8b491b394018c2d094076a830f,0.149517000000000000,NULL,0x,0
11,0x032996bff839ac0d895777831937f5370fd0adc5575951f80203d263470e6b9d,5720972,1527964765,0x59b711a92afa5426a304cf6bf259f9311ab030c0,0xd384752674cbdf4673994ab973a51fc6f114b75f,0.270000000000000000,NULL,0x,0
12,0x55b64ef4d6fa3ede0ce639a1f7e830e915af91929165cee670eb2de3bf42c436,5720997,1527965153,0xaafc89b66b2194721f6302697940bd4ef1dba8d3,0xd384752674cbdf4673994ab973a51fc6f114b75f,0.507493994654396600,NULL,0x,0
13,0x2781367239d362cb618c2072de99d42cee36d672382357028ada807b707df019,5721021,1527965638,0xd384752674cbdf4673994ab973a51fc6f114b75f,0x20eedcfca964cf8b491b394018c2d094076a830f,0.777001036893333649,NULL,0x,0
14,0x4fbc2792d71e45615229b611d4edbc5e35adcd793501ce3b99af4968fd9a44ad,5723794,1528008233,0x36fdd1976a203c224e8791496090be184faf8189,0xd384752674cbdf4673994ab973a51fc6f114b75f,20.000000000000000000,NULL,0x,0
15,0x557f1d9357acbadefd589c99cfea1ea6a2ce95e738e78bc835bba187dde925f0,5723825,1528008692,0xd384752674cbdf4673994ab973a51fc6f114b75f,0x20eedcfca964cf8b491b394018c2d094076a830f,17.800000000000000000,NULL,0x,0
16,0xffcc9d2d1e0b003e1b95792e5e59f0e47836431edb83ce0f6d315e02b0663615,5723834,1528008842,0xd384752674cbdf4673994ab973a51fc6f114b75f,0x7f0d9a55d9527d29ff104223f04590e9b0cc6c18,2.050000000000000000,NULL,0x,0
17,0x985cb9c317f2cc663765edfefa4dca728ee47721bc0fbe368dfb309cafd5f672,5724778,1528023297,0x59b711a92afa5426a304cf6bf259f9311ab030c0,0xd384752674cbdf4673994ab973a51fc6f114b75f,0.430000000000000000,NULL,0x,0
18,0x7ebcc5d079a501680c64efb89ee7708c8c757b7a9a87d0235db70bc369664cfa,5725064,1528027749,0xd384752674cbdf4673994ab973a51fc6f114b75f,0x20eedcfca964cf8b491b394018c2d094076a830f,0.578518398967075532,NULL,0x,0
19,0x452438729bc08defdd525e9c849583a84a808638d3c1171667c8cf5a2fc68f01,5725824,1528039613,0x87f9bad3051070269300b4e67f7cbe2e8da63ff7,0xd384752674cbdf4673994ab973a51fc6f114b75f,0.170000000000000000,NULL,0x,0
20,0x1a30a5bca4818e048224cb26c35bc553e3e1c4333cf7a37a2d4c4761ce4de2c1,5727570,1528066277,0xd384752674cbdf4673994ab973a51fc6f114b75f,0x20eedcfca964cf8b491b394018c2d094076a830f,0.169559558793987419,NULL,0x,0
21,0x870592bf4eb746ee4365bb8a706d214fd8b3ecb48c32926bee170a90bbd774af,5753391,1528462277,0xebebbf3b724bcb1fccb597b040ca2f9ad549c992,0xd384752674cbdf4673994ab973a51fc6f114b75f,20.000000000000000000,NULL,0x,0
22,0xa2ee661cb385f17ad77c89d9d114f23be48a5303c93d7648fe58c87d5ce3d9a4,5753422,1528462633,0xd384752674cbdf4673994ab973a51fc6f114b75f,0xaafc89b66b2194721f6302697940bd4ef1dba8d3,1.100000000000000000,NULL,0x,0
23,0x677d76456cef41f1803fc1e1d86dc8a77d12026e745a2c40edfa5e1d9ed58253,5753433,1528462772,0xd384752674cbdf4673994ab973a51fc6f114b75f,0x20eedcfca964cf8b491b394018c2d094076a830f,16.500000000000000000,NULL,0x,0
24,0x091aa9e445ac9d59fc1f6d5f1f5b1165ae981e66cf2a455e478ac47b51ae120f,5753461,1528463208,0xd384752674cbdf4673994ab973a51fc6f114b75f,0x1dd9f52b61f849dc69556dc3189c49cc1f86aada,1.050000000000000000,NULL,0x,0
25,0x64349073ce2bb0ee85ae7d3b28bf9075d8d8f06b5a30d5da4453253c9a24c637,5753594,1528465220,0xd384752674cbdf4673994ab973a51fc6f114b75f,0x7f0d9a55d9527d29ff104223f04590e9b0cc6c18,1.330000000000000000,NULL,0x,0
26,0xb79b8d4ffa21038060ed6c8c6b97730eb1581ceb8a882b902df635b591398d5f,5757974,1528532410,0xddb57b1edcbd0d206a84a0ba6b048fc0f3361458,0xd384752674cbdf4673994ab973a51fc6f114b75f,5.000000000000000000,NULL,0x,0
27,0xbeb3909f47160674350d76eca6e3bb9d35ab81091e997ce0ee5855fa9ab30536,5757983,1528532687,0xd384752674cbdf4673994ab973a51fc6f114b75f,0x20eedcfca964cf8b491b394018c2d094076a830f,5.000000000000000000,NULL,0x,0
28,0x0d2e2cbc4354fee70818fabbbf615f66bcd0fa085be631615437054f4ff3e013,5763657,1528619474,0xddb57b1edcbd0d206a84a0ba6b048fc0f3361458,0xd384752674cbdf4673994ab973a51fc6f114b75f,3.000000000000000000,NULL,0x,0
29,0x4a1f5e5fd7d4b6b2cfc3c47569117f605bdf7e2f79f50c7d8822e962cafd8b49,5763669,1528619710,0xd384752674cbdf4673994ab973a51fc6f114b75f,0x20eedcfca964cf8b491b394018c2d094076a830f,3.000000000000000000,NULL,0x,0
30,0xd9e6d70d30e7de363b7a468125b0a5de8a7ad20a6e2a14c0df59c84b1017ad41,5764613,1528634106,0xddb57b1edcbd0d206a84a0ba6b048fc0f3361458,0xd384752674cbdf4673994ab973a51fc6f114b75f,2.000000000000000000,NULL,0x,0
31,0xfd8b2c3bee9a135d8ecce16f3c8966c7e7b651872ade0a1c9a72394c422c327e,5764645,1528634450,0xd384752674cbdf4673994ab973a51fc6f114b75f,0x20eedcfca964cf8b491b394018c2d094076a830f,2.016619000000000000,NULL,0x,0
32,0xd5c40c8824d56236dba3b483e211e4095f2d7cc0bae2f7e2507ae916a7e225a2,5923973,1531001904,0x35677c65e136c6f389b2792b21efb38c2144cd3a,0xd384752674cbdf4673994ab973a51fc6f114b75f,0.010000000000000000,NULL,0x,0
33,0x1324d49446a91bd031ea24796c374a0bacf030dd1ef53293a580bf7e2dc0b858,5937403,1531202739,0xd384752674cbdf4673994ab973a51fc6f114b75f,0xbf5f5b0561228c86e76ca8e95e9fa887ac7eaa4a,0.008047000000000000,NULL,0x,0
