,TxHash,BlockHeight,TimeStamp,From,To,Value,ContractAddress,Input,isError
0,0xaa81efb245015b3ce9329d32962181cc740a1016edd2724007dd19931436d9dd,6222228,1535363731,0xb9bf9001ea1a79961ccb733b9938c8505fa4325f,0xd877a34bcf28d6753fd4af2e3c29c861d048ae8f,0.500000000000000000,NULL,0x,0
1,0x5447303997b9d3f083bd1027d385b1f8266f0969a21008f633e458d3cce0609a,6225012,1535403803,0x7f97accf5f1d37d45d6792425d40554edfd52115,0xd877a34bcf28d6753fd4af2e3c29c861d048ae8f,1.400000000000000000,NULL,0x,0
2,0x9107c4dcc0f5ee14b380a7318df1629aba57c2f9d9345a960fc26aa9b3b9de29,6232298,1535510728,0x0f31c9f4e48e878a24ede3dbcf4a85b0ffc745dd,0xd877a34bcf28d6753fd4af2e3c29c861d048ae8f,0.061271430000000000,NULL,0x,0
3,0xa821fff711ed7877d48f141f87b63adc868a3479e7ac671077173847ff3f31b3,6423440,1538254754,0xd877a34bcf28d6753fd4af2e3c29c861d048ae8f,0x3340e2f9330aab69e2e87126b2811bb693e84daf,1.950000000000000000,NULL,0x,0
