,TxHash,BlockHeight,TimeStamp,From,To,Value,ContractAddress,Input,isError
0,0xa7f17642ba268a6646dfce4a19d1eab4886870bc8c3f612a19398b2d9a743d3c,6677031,1541832614,0x69627dad496db160a81bed9e27ce2da67c3242bd,0xd83605cf3aed2a56949c27f693c08aeda0e4d145,15343.990000000000000000,NULL,0x,0
1,0xbfa0050194fb3bb308c0c6956915904acfd0d10c0b5b72114913d50480cc3891,6677193,1541834934,0xd83605cf3aed2a56949c27f693c08aeda0e4d145,0x1fb7810a178e1cd13d78c313c17832cc1f7f3280,0.100000000000000000,NULL,0x,0
2,0x251d96b5868c095d38e60dc960fb79d14c0e22182ddeb0949b214a70a0ec981d,6683378,1541922076,0xd83605cf3aed2a56949c27f693c08aeda0e4d145,0xfc40c2993a0225b6397f0be19f41304fde4ee435,750.000000000000000000,NULL,0x,0
3,0xea1cba19ad884d8980cfa6a1f2223c214d0c2efd2c749de0087433846865e603,6683397,1541922372,0xfc40c2993a0225b6397f0be19f41304fde4ee435,0xd83605cf3aed2a56949c27f693c08aeda0e4d145,18.390000000000000000,NULL,0x,0
4,0x805d8bb7c86a87efcbe8025ff6494fb955958e280b11819f81758c1a1fed2b02,6683408,1541922521,0xd83605cf3aed2a56949c27f693c08aeda0e4d145,0xfc40c2993a0225b6397f0be19f41304fde4ee435,115.000000000000000000,NULL,0x,0
5,0xb25c6b1d3c7a3a21bd44f17b92e01ed4b39d113fc47a9ee8bc06b2119b08e0b6,6683432,1541922911,0xd83605cf3aed2a56949c27f693c08aeda0e4d145,0xfc40c2993a0225b6397f0be19f41304fde4ee435,58.000000000000000000,NULL,0x,0
6,0xd5bc054e345b551f5055e983c149ebb7a4786dbc8695c19b0bca4d0f2b448ce3,6683455,1541923351,0xd83605cf3aed2a56949c27f693c08aeda0e4d145,0xfc40c2993a0225b6397f0be19f41304fde4ee435,58.000000000000000000,NULL,0x,0
7,0xdf27e886f53b41137c1ec8b4e19d64264cfddda01cef14fcf13c2d7b3087c1bb,6683469,1541923613,0xfc40c2993a0225b6397f0be19f41304fde4ee435,0xd83605cf3aed2a56949c27f693c08aeda0e4d145,30.000000000000000000,NULL,0x,0
8,0xfe15992464386395841a1ccbfbfb851db41184540e31b7c21380e2c51e6c743b,6691357,1542035426,0xd83605cf3aed2a56949c27f693c08aeda0e4d145,0xee8fa6f4c6f6325beecda695fe9357946ce6f538,1.000000000000000000,NULL,0x,0
9,0x48c30109c8b40acca97f241016d34bd71e8c2d5b2747a07e85c3df6a9b1820b1,6696501,1542107176,0xd83605cf3aed2a56949c27f693c08aeda0e4d145,0xee8fa6f4c6f6325beecda695fe9357946ce6f538,7205.000000000000000000,NULL,0x,0
10,0x132e25eba25ac17c087303234bf465d0d730facfb449fa5442182d4bbd93574c,7079821,1547701648,0xd83605cf3aed2a56949c27f693c08aeda0e4d145,0x0b72eb78dd1ae56fe2a7cd53f1bea9f44f7b4211,7205.000000000000000000,NULL,0x,0
