,TxHash,BlockHeight,TimeStamp,From,To,Value,ContractAddress,Input,isError
0,0x6690d9960bec33aec447036d4049a6dae4f2cee052215ee5387d3c366c79ecd1,5290416,1521567236,0xd551234ae421e3bcba99a0da6d736074f22192ff,0xdb43de62ab5577bab0f2aaf6ad1a2d01ec527426,0.990000000000000000,NULL,0x,0
1,0xa9f8cc28d3525eeccd48eabc1f7433217d964823de66a1c23bf1e36af4f17d90,5290514,1521568401,0x76b375ba9624ddddee57d2cac31765dd38035f50,0xdb43de62ab5577bab0f2aaf6ad1a2d01ec527426,0.510000000000000000,NULL,0x,0
2,0x59ae4b6c575d981bfe367e66378f7bb68fb0f63d1614652673173b80b842d751,5290835,1521572878,0xa8df8796df62481560338cbcfd88102b15be6769,0xdb43de62ab5577bab0f2aaf6ad1a2d01ec527426,0.500000000000000000,NULL,0x,0
3,0x0ced9714cc04b5527faa737d4fafdc55805e5c46587addf5bea16fbfea16516b,5291023,1521575299,0x2c1a5732f1c618920b2d8cdf054c91bf57d10f76,0xdb43de62ab5577bab0f2aaf6ad1a2d01ec527426,0.500000000000000000,NULL,0x,0
4,0x03c56ecc0efef92fa14806987c661a8b25441ba44b55a7dbb9c42ce7dc438acd,5291371,1521580086,0x7071f121c038a98f8a7d485648a27fcd48891ba8,0xdb43de62ab5577bab0f2aaf6ad1a2d01ec527426,0.500000000000000000,NULL,0x,0
5,0xe2f609793bf7d911c3634e8899dfa8d280e0dfe3a8031f40433a6b9a56d417fa,5291423,1521580964,0x0aa35f6cadaf7d1cc4a833c8c7091f92143851ff,0xdb43de62ab5577bab0f2aaf6ad1a2d01ec527426,1.000000000000000000,NULL,0x,0
6,0x7f6a4718568e415cfb127eb9fb84b1c73fb22e5152d09cced2425039d3cfea8e,5291660,1521584284,0x7ed1e469fcb3ee19c0366d829e291451be638e59,0xdb43de62ab5577bab0f2aaf6ad1a2d01ec527426,0.540000000000000000,NULL,0x,0
7,0x4859e30e39218463d721280b8cfcaf0c1a4f2dd9290523251b4e86816c9ce888,5292000,1521589313,0x0f9f988c5bae6bbdfc1ce8b380506d615c793644,0xdb43de62ab5577bab0f2aaf6ad1a2d01ec527426,0.500000000000000000,NULL,0x,0
8,0x13afc6a94d323dd308e312b8a9708533b2bb82d9e83f8273dffc433b1277559a,5292839,1521601490,0x331809057071244d0be45fa27f5685d468fa7ca7,0xdb43de62ab5577bab0f2aaf6ad1a2d01ec527426,2.375302280000000000,NULL,0x,0
9,0xd60533ebf4cf0ebdebea0b97759a3d339b07c1a562e281a59ca096883d237dca,5293122,1521605676,0x32be343b94f860124dc4fee278fdcbd38c102d88,0xdb43de62ab5577bab0f2aaf6ad1a2d01ec527426,4.990000000000000000,NULL,0x,0
10,0x404474f99553cfba29ccf7f6e0beea4072ffefc76ada1f75936c3deb6b9b6cec,5294034,1521618742,0xba51e2dae416d57bbea6670bc0558919991890c2,0xdb43de62ab5577bab0f2aaf6ad1a2d01ec527426,0.400000000000000000,NULL,0x,0
11,0x683b83bb00ad70a4e855f9fff0317830dbc9bfeff952b1f7b41e9b67f1b3b4c6,5294074,1521619516,0x5f48b30e6995845eec58b3fe7d611b49091d88d6,0xdb43de62ab5577bab0f2aaf6ad1a2d01ec527426,0.660000000000000000,NULL,0x,0
12,0x515e72a5302889f98057283da404e63484a7e832f2ecd9b10849b539c1a9a59f,5294177,1521620934,0x5f48b30e6995845eec58b3fe7d611b49091d88d6,0xdb43de62ab5577bab0f2aaf6ad1a2d01ec527426,0E-18,NULL,0x,0
13,0x05c7b6349cb60b9ecf9225bea93edf8f348e9e9cf1b87add5554c4b0a72d8d67,5294304,1521622851,0xc0281aaa4f94f06f1750c5684cb59b60c7d009c0,0xdb43de62ab5577bab0f2aaf6ad1a2d01ec527426,0.750000000000000000,NULL,0x,0
14,0x964404c5bc67bb3ec151474fb1f59c37ac77372cba5ad97681fa1af31db94542,5294389,1521624141,0x22b84d5ffea8b801c0422afe752377a64aa738c2,0xdb43de62ab5577bab0f2aaf6ad1a2d01ec527426,5.000000000000000000,NULL,0x,0
15,0xb3710489d5e9ea24d01af9c35da8e7c37995a0ef04951064cf1bf53db25ebe5d,5294925,1521632399,0xd26b87d4e51aba3d6005fb1a8df6f370c1655a8d,0xdb43de62ab5577bab0f2aaf6ad1a2d01ec527426,4.000000000000000000,NULL,0x,0
16,0xc862c5af8a1dc1297e91e11ce179bb3290e67be667fa54d9b3d0abb301b33a10,5295035,1521634042,0x1e2268aa9977f761341997dfc17afe5c79794cd0,0xdb43de62ab5577bab0f2aaf6ad1a2d01ec527426,0.169664750000000000,NULL,0x,0
17,0x31bce23f1bbcb7f9a8d7930b52f14d9155bf5ec3d35ac00fbd0e186f8a86b50e,5295523,1521641068,0x91a3e57c4dd22dfe9b27cff749e925a286fa4468,0xdb43de62ab5577bab0f2aaf6ad1a2d01ec527426,1.020477800000000000,NULL,0x,0
18,0x0e8bb5e4251da14a3b8520200b83f674007cad80382e888ca52ae3b36edba2f8,5295814,1521645509,0x14a45d336e989bfff40a626e6ae35ac53557cf6c,0xdb43de62ab5577bab0f2aaf6ad1a2d01ec527426,0.622633670000000000,NULL,0x,0
19,0x6daac3fb66c47fd1b40853f9a062358a4ca6bfdef4d787e0a57632a3004273ce,5296352,1521653542,0x59a5a9db9b7f7090e85129135b719c20a099fe12,0xdb43de62ab5577bab0f2aaf6ad1a2d01ec527426,0.500000000000000000,NULL,0x,0
20,0xf6b2e7dec9f8576f9ddee22059811650db4ec3359ab8aa49d4c68e218bd65d79,5318719,1521974781,0xdb43de62ab5577bab0f2aaf6ad1a2d01ec527426,0x84c4b145eda611b01300ad74a28ba9d9d2fb7f08,25.527658500000000000,NULL,0x,0
