,TxHash,BlockHeight,TimeStamp,From,To,Value,ContractAddress,Input,isError
0,0x0ca4221dd49ea03f1c6d949ab933019e6c03067273377ddb3ba28dc5e0b0dc51,6694248,1542075216,0xbcc4e80892fb97c910e6bfd9ae1d4ee5afc8438b,0xdb5fbc729aad06129021b2dd65e6d6019d40ae4f,90.000000000000000000,NULL,0x,0
1,0x009f1a334f5992c2c33c122cefe85806957ac0fdde5f7d27c83eee5f414ae99e,6741938,1542751491,0xdb5fbc729aad06129021b2dd65e6d6019d40ae4f,0x1b81123d7cf6c99b9f32a1a4c37887d682659f1a,4.779269744600000000,NULL,0x,0
2,0x050249df695205a0c9b813c5d0f2c34cfc8c1a92b2f92416bb078cdf6558267b,6790596,1543442573,0xdb5fbc729aad06129021b2dd65e6d6019d40ae4f,0x836c51f909f3f38ed163e5ea848f9d009cd6078b,12.331007154698749205,NULL,0x,0
3,0x9292f9dffb6ac360ad74305df681de70a8b8b49804e80c685d92a86a68024640,6832057,1544034216,0xdb5fbc729aad06129021b2dd65e6d6019d40ae4f,0xbfe2757b5e3e4b00a17e04c6aee7c55adb92e5c2,5.250438560000000000,NULL,0x,0
4,0x406dbc9a20582d131ce875818b68cf69eaac77f5173ed5fb1876ac3336b8e76d,6838797,1544131048,0xdb5fbc729aad06129021b2dd65e6d6019d40ae4f,0x95ba35ee5cc716d4f8dee007b66812e89b2554e6,45.948720863236351666,NULL,0x,0
5,0x9b960288e855fa384a52388c95200c1495efa76c2aab720505e8f1fd135d2b9e,6885894,1544802659,0xdb5fbc729aad06129021b2dd65e6d6019d40ae4f,0x3cc748a6268a6a56e77c88edb040ce85660cc66a,4.876110000000000000,NULL,0x,0
6,0x51148dc2e5518688fc5fe8d4bfcd8e50662de289adea90b4b03fa041e3e1a2ca,6898307,1544979023,0xdb5fbc729aad06129021b2dd65e6d6019d40ae4f,0xf2a3523ce60de654f54b2b733d2b0555ffbbdeeb,0.668132576000000000,NULL,0x,0
7,0xe834334f8d64f02347662a8629a9fa8f37367177e9e045034e47ace45189f99a,7025375,1546859471,0xdb5fbc729aad06129021b2dd65e6d6019d40ae4f,0xf500fbaa9b1db9502fccaef8bbd328a3f95fb4f5,1.322000000000000009,NULL,0x,0
8,0xbf3d2406bcd48055bdc3ba974bc01719877ddcbc8d70ee56f21896fde7fc039d,7031623,1546955749,0xdb5fbc729aad06129021b2dd65e6d6019d40ae4f,0x7e6ffc0ed0de223dd9771fe9c4902f6d91aff909,14.823529795214878120,NULL,0x,0
