,TxHash,BlockHeight,TimeStamp,From,To,Value,ContractAddress,Input,isError
0,0x9a34668d95095b44b6ee314b762f34f2ee68237f4e9c431cf661cba6798da8b9,6203739,1535094633,0x07920356975798037f26a934db461c7aafc8aa05,0xdcbd1172ae45b97e1c807d93707e74463295349c,2.688446000000000000,NULL,0x,0
1,0x493b8b47ddfa5671ed665d67132b034aebb2d824081d7cdeca249351dea1ac09,6223483,1535381512,0xdcbd1172ae45b97e1c807d93707e74463295349c,0x387ba35be8c8cbf2f4d3ddb571cb80069bf100e2,0.411000000000000000,NULL,0x,0
2,0x33043ef28389eca79cef2dbbd5a36cf80d7fe14414342126eafc5a594e3276f7,6223486,1535381563,0xdcbd1172ae45b97e1c807d93707e74463295349c,0x387ba35be8c8cbf2f4d3ddb571cb80069bf100e2,0.411000000000000000,NULL,0x,0
3,0xc78c205ea26f99bf437d89087b705717daea7718358ceb407eb6af0991a37604,6223494,1535381674,0x387ba35be8c8cbf2f4d3ddb571cb80069bf100e2,0xdcbd1172ae45b97e1c807d93707e74463295349c,0.421832000000000000,NULL,0x,0
4,0xf601338a2282378553138fff96a60a0dca1187ad4dfcb1f080b7c5e77e61a44e,6230757,1535488161,0xdcbd1172ae45b97e1c807d93707e74463295349c,0xdc92cff564547691c1649d4ee44878979e47bf41,2.288005000000000000,NULL,0x,0
