,TxHash,BlockHeight,TimeStamp,From,To,Value,ContractAddress,Input,isError
0,0x897c156c9059a4be4be5208577fa362d9a49b27b72de35c5aa1a88a5bf391657,5628736,1526552873,0x7047d8fe03ad379404dcd4f4b4070a5fae57ba59,0xe03c6fdd69e268a00cc93fa282fb3ce82afc8b12,0.500000000000000000,NULL,0x,0
1,0x98d424af6dccf4599f65e2c46b189b7fced7bd44ae6fbf450754afea2ef3029d,5628975,1526556552,0xeac8687bca53ec1dc96af69b9d014bd6ed497e0e,0xe03c6fdd69e268a00cc93fa282fb3ce82afc8b12,0.050000000000000000,NULL,0x,0
0,0x815a298263de666f2b646eff576bf05a9acac8430c583cdf486c316a030aa808,5628977,1526556629,0xa36ae0f959046a18d109dc5b1fb8df655cf0aa81,0xe03c6fdd69e268a00cc93fa282fb3ce82afc8b12,0.500000000000000000,NULL,NULL,0
2,0x3a57a84488677eae9dbea4fe4aafa2d3798b3b88060f059ba1b1e0474d01a72a,5629023,1526557264,0xb0765209e5be2e37ef130f7bb1af79fd539125bd,0xe03c6fdd69e268a00cc93fa282fb3ce82afc8b12,1.413200000000000000,NULL,0x,0
3,0x617fe16f4eac05fc573e8d2d3831741241eb20184925edf4f9767b94a0997e50,5629060,1526557902,0x6cc5f688a315f3dc28a7781717a9a798a59fda7b,0xe03c6fdd69e268a00cc93fa282fb3ce82afc8b12,0.606000000000000000,NULL,0x,0
4,0xdfdb543459cc40c22c3f74cd1505a1894b91b125da51335e97ad93081e1ae970,5629374,1526562562,0x6cc5f688a315f3dc28a7781717a9a798a59fda7b,0xe03c6fdd69e268a00cc93fa282fb3ce82afc8b12,0.500000000000000000,NULL,0x,0
5,0xaf4c922acd2b6de8ed953fa3ea0df9784e49aa1414f71b1350f213d47c70032f,5629500,1526564264,0xe03c23519e18d64f144d2800e30e81b0065c48b5,0xe03c6fdd69e268a00cc93fa282fb3ce82afc8b12,0.968000000000000000,NULL,0x,0
6,0xaa6d0dc2230e021265f6ec5e1cbc35f4cbf59aa7272c5f1a96316f63af5a1026,5629690,1526567015,0x564286362092d8e7936f0549571a803b203aaced,0xe03c6fdd69e268a00cc93fa282fb3ce82afc8b12,0.500000000000000000,NULL,0x,0
7,0xade63a20df314347b279894d72adad987a4b2a6adc5b8c2bdc04149269608d0b,5629739,1526567850,0xc2e3b76cb81eee1cfbf82566aff998944f827d63,0xe03c6fdd69e268a00cc93fa282fb3ce82afc8b12,0.500000000000000000,NULL,0x,0
8,0x04a7634132ced1ea0cf2eade1ea5ae2f3cdec3618555087766fd73f730d47418,5629803,1526568797,0x02629bd6e052f40343b882301f00a0d48e923224,0xe03c6fdd69e268a00cc93fa282fb3ce82afc8b12,0.500000000000000000,NULL,0x,0
9,0x7461b899a8b1cd84fe6c4f87c7dae52358fd1b36fa0cb24c7ce2a63658371703,5629912,1526570595,0xc04df29424ee49395e962858eb0babd29b2c14e9,0xe03c6fdd69e268a00cc93fa282fb3ce82afc8b12,0.500000000000000000,NULL,0x,0
10,0x22ff06550b5675d73142e0511ac6d2efcf0eabf9b80c93d1a9422001d1f84135,5630286,1526576044,0x7cc6861b14814aeb0221a2ca6a75aa3197c846bf,0xe03c6fdd69e268a00cc93fa282fb3ce82afc8b12,0.549039070000000000,NULL,0x,0
11,0x7e5721653aa6575a8635985ba51ee383495648d210a8644d77039a3cebe11d98,5630574,1526580443,0x44fe2af97b492a2f97c741e61fab1076ae3d2c29,0xe03c6fdd69e268a00cc93fa282fb3ce82afc8b12,4.999516999999999777,NULL,0x,0
12,0x6f6261915efb80c84a68bae73f0f0c9adffe9bafc9553166695da59b03b6fc58,5630641,1526581475,0xfbb1b73c4f0bda4f67dca266ce6ef42f520fbb98,0xe03c6fdd69e268a00cc93fa282fb3ce82afc8b12,0.152593070000000000,NULL,0x,0
13,0x859fc3c1202f0ceb905ee94146b827655a8c096cb1888d7e6759b256bf31da29,5630949,1526585967,0xf119ebc33c7ab0fd593d974b02d80dd48ded9787,0xe03c6fdd69e268a00cc93fa282fb3ce82afc8b12,4.207773800000000000,NULL,0x,0
14,0xa1b1d6e00e8766049080c41ecc9ee2291901982e2ffcee134fd1018d2e9008f3,5630973,1526586313,0x6cc5f688a315f3dc28a7781717a9a798a59fda7b,0xe03c6fdd69e268a00cc93fa282fb3ce82afc8b12,2.985000000000000000,NULL,0x,0
15,0x5f1c078b1dc327846627987521916fbe056c8ac333906b8985a79298941d7031,5631062,1526587582,0x64e57690aa492b4f1eac14a5217cc2d0971232b1,0xe03c6fdd69e268a00cc93fa282fb3ce82afc8b12,2.082238959000000000,NULL,0x,0
16,0x761c2d4faaf38e551167cf253e4d15f8e81f8f72195f545b6517f74be4d8e158,5631071,1526587792,0xd89880a4d8e35438be2cd085f50481813e8974ab,0xe03c6fdd69e268a00cc93fa282fb3ce82afc8b12,0.006000000000000000,NULL,0x,0
17,0x88ab848d3ba45b200f6abd4b478e1f7dfd605cebd6389dd5f7b29e5c7074a685,6501579,1539352901,0xe03c6fdd69e268a00cc93fa282fb3ce82afc8b12,0x4f5c747384b28ce2912287b3bcb4ef6026deb045,21.518500898999999777,NULL,0x,0
