,TxHash,BlockHeight,TimeStamp,From,To,Value,ContractAddress,Input,isError
0,0x8dfcb59ee7e6f52a5a02ee01ce93974f9218c03e37236bfeb22f4d68adc054fd,5520303,1524914566,0x2bbe1297d729bc7f7558afb43404f0f0a544d206,0xe145044f7db80f59047eb6ecec9f22e00d119468,1.010000000000000000,NULL,0x,0
1,0xf6897e084e221b2cd5fda09c9cd373bd911ebae8e758790845b747ab216635c7,5520342,1524915132,0xe145044f7db80f59047eb6ecec9f22e00d119468,0x87ad3f8573e96308eaef597dde8d9dcfb19202d2,1.009790000000000000,NULL,0x,0
2,0x0f7cf010f61a4bdeef8f78b2731bda9b39309c1b309902248747c42bd041dd1b,5562895,1525559694,0x416299aade6443e6f6e8ab67126e65a7f606eef5,0xe145044f7db80f59047eb6ecec9f22e00d119468,0.444340000000000000,NULL,0x,0
3,0x15d0126285e4d41f0eda214a7c2a8a2f1b39ae484f2409c12016399d65a2a485,5562938,1525560278,0xe145044f7db80f59047eb6ecec9f22e00d119468,0x6aa36553f97d5965566697bafcfda5d69a5bc6d7,0.444130000000000000,NULL,0x,0
4,0x217483a96b21fcf22db7e5b17e36ad2014667516c28cf45579b4dbf1933fe584,5569031,1525651452,0xc59dbbfc599aec763ddbb6c1eeef68dac28cc546,0xe145044f7db80f59047eb6ecec9f22e00d119468,0.640000000000000000,NULL,0x,0
5,0x5a73dcdb8c23bf2f48ffdfa397b6a1f6ef37f7265be6a4d7518794757c33bd39,5569073,1525652078,0xe145044f7db80f59047eb6ecec9f22e00d119468,0xcc83dc5a37d49de4562019560307ce724a975d5c,0.639790000000000000,NULL,0x,0
6,0x544c861f77db4a550ae2d1bc352e6971cda7880874516278abfeccc9cc1382ab,5615803,1526356119,0xc59dbbfc599aec763ddbb6c1eeef68dac28cc546,0xe145044f7db80f59047eb6ecec9f22e00d119468,0.650000000000000000,NULL,0x,0
7,0xcc328551f99b15a882d65d8a1632cf3d68bbefd318b789c8d3a188b4e61c5bf4,5615847,1526356836,0xe145044f7db80f59047eb6ecec9f22e00d119468,0xb8cf411b956b3f9013c1d0ac8c909b086218207c,0.649790000000000000,NULL,0x,0
8,0x4aa4ce93efc18bc856fefdcd0e5b5ea9f7b9de4d5c55cb046ee88ac0798ce9ad,5628975,1526556552,0xc59dbbfc599aec763ddbb6c1eeef68dac28cc546,0xe145044f7db80f59047eb6ecec9f22e00d119468,1.550000000000000000,NULL,0x,0
9,0xd40b401c5d63649cefd9d57ee706608708457819cba7d66b778b3fa1547ebc62,5629019,1526557231,0xe145044f7db80f59047eb6ecec9f22e00d119468,0xb89dd647788c54a03ba290a6320ba53566afb57d,1.549685000000000000,NULL,0x,0
10,0x9f675a7bb6792f5f9b4b655427c7a0d5c2cd6fa9b7738932984cb368692c66b2,5728776,1528084980,0xc59dbbfc599aec763ddbb6c1eeef68dac28cc546,0xe145044f7db80f59047eb6ecec9f22e00d119468,0.646102000000000000,NULL,0x,0
11,0xfd4613f4e2803d34fafd13e008d42bf4fba707645927185631e683a1bc5f031e,5728827,1528085762,0xe145044f7db80f59047eb6ecec9f22e00d119468,0x87ad3f8573e96308eaef597dde8d9dcfb19202d2,0.645892000000000000,NULL,0x,0
12,0x414b81c57026b692802571ae5fd2a6910657dc572223208960829af05c2361ab,5798255,1529141345,0x5d0dbbf6460ba020a5ab06006ea447ffc7612b2d,0xe145044f7db80f59047eb6ecec9f22e00d119468,0.098000000000000000,NULL,0x,0
13,0x670eb17c8d0285ce614a494089330dbb6d021be1d170f45191f6e89056e58d82,5798267,1529141557,0xe145044f7db80f59047eb6ecec9f22e00d119468,0x7ae17a0f6f8f02b5b6e76b327db15f91306194e6,0.097664000000000000,NULL,0x,0
14,0x0d18e0e42fd76bfb3c8e8317567e4f686b3cc262216f255d755e0fba6b77cf61,5834531,1529675523,0xd41ac2bc631a619a519b095fdf3028cf2a19d82c,0xe145044f7db80f59047eb6ecec9f22e00d119468,0.100000000000000000,NULL,0x,0
15,0xf46d6bf60e6bd3198cf20a74dcf8492f2aba6123ff3da935fc84a14acd81dbe4,5834561,1529676016,0xe145044f7db80f59047eb6ecec9f22e00d119468,0xef10a5d898c21aa95865b447be6491380859a307,0.099622000000000000,NULL,0x,0
16,0x521bca7ba040fb26f3922437759777767469e15508cb72ea8f7e853b535ea26d,5840678,1529766092,0xd41ac2bc631a619a519b095fdf3028cf2a19d82c,0xe145044f7db80f59047eb6ecec9f22e00d119468,0.198000000000000000,NULL,0x,0
17,0x5111fb82d7490607bfb126ca118605f739c00a1fd3db4d5c8f94f76afb4649a9,5840697,1529766601,0xe145044f7db80f59047eb6ecec9f22e00d119468,0xb8cf411b956b3f9013c1d0ac8c909b086218207c,0.197790000000000000,NULL,0x,0
18,0x7a69af24376fff9085919894974deea3d6d842979dbdbad1aae6c5b6287f7712,5868994,1530187591,0xd41ac2bc631a619a519b095fdf3028cf2a19d82c,0xe145044f7db80f59047eb6ecec9f22e00d119468,0.100000000000000000,NULL,0x,0
19,0x557be01579946bb25d932dc28a858af8c6b289a7f92e874b541cf7bb3e4480bc,5869042,1530188377,0xe145044f7db80f59047eb6ecec9f22e00d119468,0xb7cabd1e6598209ec21a5a7ad72cc76b4ce4fc85,0.099685000000000000,NULL,0x,0
20,0xb4e60900dd2541c853d9bbf86cd70dab8feb6de3d70fdc90d799d9bee1480650,5921058,1530959256,0xd41ac2bc631a619a519b095fdf3028cf2a19d82c,0xe145044f7db80f59047eb6ecec9f22e00d119468,0.099000000000000000,NULL,0x,0
21,0x4cf121b5976c8e1cf7d711d19b8b62fe5423217d357d9ac92ea2c9f7d29a7361,5921093,1530959742,0xe145044f7db80f59047eb6ecec9f22e00d119468,0xb8cf411b956b3f9013c1d0ac8c909b086218207c,0.097509000000000000,NULL,0x,0
22,0xa9a9f5f6c046c6e03d11166640338a1ff594d25e3eb457436600cae66c90ac73,5957519,1531496673,0xd41ac2bc631a619a519b095fdf3028cf2a19d82c,0xe145044f7db80f59047eb6ecec9f22e00d119468,0.099000000000000000,NULL,0x,0
23,0xb346ba9874ff83899733ee4af2b87ca308dc427d36e13a6dd9c6ae94b21bcf12,5957559,1531497335,0xe145044f7db80f59047eb6ecec9f22e00d119468,0x7ae17a0f6f8f02b5b6e76b327db15f91306194e6,0.097761000000000000,NULL,0x,0
24,0x85f1bfe4ebcad1f6724ee3dc3ac88b432c3c921ebe2c87a89db424994d1fa98d,6037607,1532670388,0x906e135138c2c9348ff83ab0a55bbc738adaae6a,0xe145044f7db80f59047eb6ecec9f22e00d119468,0.500000000000000000,NULL,0x,0
25,0x7f8936c5dd4bc50e9d3c26280b8a499ec148e437e861e46c0e3e6c699aa0b643,6037643,1532670879,0xe145044f7db80f59047eb6ecec9f22e00d119468,0xb7cabd1e6598209ec21a5a7ad72cc76b4ce4fc85,0.499790000000000000,NULL,0x,0
26,0xd3207661fd7a9ab6d17e117f2371d4e965a08e2cecec255768eee6dada537981,6182496,1534784561,0x363bd9d16546c9e825651995dc1831a1a7817ef8,0xe145044f7db80f59047eb6ecec9f22e00d119468,0.200000000000000000,NULL,0x,0
27,0x09886721d8a5dead1da2316af645cf6470befad037563f0deded7fac5ae2374c,6182522,1534785074,0xe145044f7db80f59047eb6ecec9f22e00d119468,0xb8cf411b956b3f9013c1d0ac8c909b086218207c,0.199790000000000000,NULL,0x,0
28,0xe9e4bb62f713e734c272063c8cc9385ddc2dc5887f9a8e2aad6a63f8dedd80fa,6194568,1534959320,0x363bd9d16546c9e825651995dc1831a1a7817ef8,0xe145044f7db80f59047eb6ecec9f22e00d119468,0.840000000000000000,NULL,0x,0
29,0xd4ceb834e8613a2611c0fa80c107c328cf566327dbf72c8e1e2313e09bbc45f8,6194593,1534959677,0xe145044f7db80f59047eb6ecec9f22e00d119468,0xb8cf411b956b3f9013c1d0ac8c909b086218207c,0.839139000000000000,NULL,0x,0
30,0xfb76f7833aafd246a4dd6d85b5f7199e0b753a2978448572ccd725dae4af2bd9,6216989,1535287237,0x6f4a300496752e81839911cbbcdb3e54d49db6a9,0xe145044f7db80f59047eb6ecec9f22e00d119468,0.200000000000000000,NULL,0x,0
31,0x441f944b60e8581a2a715e0f243fb909c09312616709edddcecd4cae83c11611,6217023,1535287869,0xe145044f7db80f59047eb6ecec9f22e00d119468,0xb8cf411b956b3f9013c1d0ac8c909b086218207c,0.199790000000000000,NULL,0x,0
32,0x6e0c7b3bd21dca713f73c678f224aa7653d846a618ea29439d8afccc538e319c,6229878,1535475453,0x6f4a300496752e81839911cbbcdb3e54d49db6a9,0xe145044f7db80f59047eb6ecec9f22e00d119468,0.200000000000000000,NULL,0x,0
33,0xab2175930370296cdc647e2c2aeed59188a056dcdbfcc7f77f09c3532b5ffac2,6229894,1535475680,0xe145044f7db80f59047eb6ecec9f22e00d119468,0xb89dd647788c54a03ba290a6320ba53566afb57d,0.199790000000000000,NULL,0x,0
34,0x16037c6fa81385e00e04240b9f2a60262156be8c734b78d7510504c97a37e257,6247780,1535736124,0x6f4a300496752e81839911cbbcdb3e54d49db6a9,0xe145044f7db80f59047eb6ecec9f22e00d119468,0.200000000000000000,NULL,0x,0
35,0x573dd31f53b1a643372b63ed39f1f5689bc1daaaf9d702b58d9165822c942ea0,6247811,1535736692,0xe145044f7db80f59047eb6ecec9f22e00d119468,0xb8cf411b956b3f9013c1d0ac8c909b086218207c,0.199790000000000000,NULL,0x,0
