,TxHash,BlockHeight,TimeStamp,From,To,Value,ContractAddress,Input,isError
0,0x47ab41b24d4e4722ae2eab2c599abe20b1b2a754cec21c97b7e43207c97be386,5654816,1526951005,0x1b0aca8765fb71bc639e3b2faa44ce62e9430fae,0xe10708068c2c17b1d13ccd2f0b572fb737fc69c4,3.345000000000000000,NULL,0x,0
1,0xd1e125d2b4ea80b25ff4ada97ddddc7900862ff3188241d2e03575dc7ac1a551,5654984,1526953707,0x5242dc2114bb40ed7482adcfab07384d069408cc,0xe10708068c2c17b1d13ccd2f0b572fb737fc69c4,0.332000000000000000,NULL,0x,0
2,0x856f3053f846c95927f8b42f2fc3feed657ba0d3cc99eecb9065135c1f5c0eff,5655003,1526953949,0x7fabcb81b4858a16222a082d362d9d9548493513,0xe10708068c2c17b1d13ccd2f0b572fb737fc69c4,0.013000000000000000,NULL,0x,0
3,0x20f6fe5a519caa4167292f77bf2341934cd80250ee2cfaab3f0df9e76c9a0038,5759837,1528560611,0xe10708068c2c17b1d13ccd2f0b572fb737fc69c4,0xbae318ff7c89f0238760ef6309780900c32f752b,3.689139000000000000,NULL,0x,0
