,TxHash,BlockHeight,TimeStamp,From,To,Value,ContractAddress,Input,isError
0,0xe0eef0b73c5a4ae3736128ceaed0426b04f4b1f375fb6eef2af3f5e7eb939e26,5048647,1518029902,0x0aca26ca0a72c366f257ac7628b3919054bbdb67,0xe350160e3c8a07e92ec58ddcb8df81a73aedc6f9,1.000000000000000000,NULL,0x,0
1,0x0c76444890f39b49b295bab9e187f29bc208ea816788af44857b997bc877d2cd,5067732,1518305968,0x3009ddfc4b66431a18fbafe8cf0b96bc91f6c83d,0xe350160e3c8a07e92ec58ddcb8df81a73aedc6f9,1.000000000000000000,NULL,0x,0
2,0xa1ff12f3564a1410c387011318a61b5146560ad95d950eee4699ea12d914f5ba,5067778,1518306583,0xc7ecf5105d4f5af9852c2944dce5b80e836f0d18,0xe350160e3c8a07e92ec58ddcb8df81a73aedc6f9,1.100000000000000000,NULL,0x,0
3,0xd00feaabc1bc46d5f39374aaa37ff9ca3733073060b330515f7eec170a979f0f,5068216,1518312605,0xf5898c8a884455b684f32c8d5fca72e0fb5c1ff5,0xe350160e3c8a07e92ec58ddcb8df81a73aedc6f9,3.000000000000000000,NULL,0x,0
4,0x073ea2679a3600e28b1f927a91d456862a675f2135efd03db445a17830e27774,5068529,1518317102,0xf85e0972d814e2c0efd522f4daf7bd6cb4e92880,0xe350160e3c8a07e92ec58ddcb8df81a73aedc6f9,0.500000000000000000,NULL,0x,0
5,0x125b0a3125bca33bc90948fb1b7d5404c0d50a8f681020830d152ac1a03f1e98,5068601,1518318222,0xf85e0972d814e2c0efd522f4daf7bd6cb4e92880,0xe350160e3c8a07e92ec58ddcb8df81a73aedc6f9,0.006000000000000000,NULL,0x,0
6,0x161323d0869d152a3e9f16d8270a2c48499938e345865903f8c32b2d80e71fed,5068680,1518319414,0x19a3560ba716ed8129487675f0d4f138d71052c1,0xe350160e3c8a07e92ec58ddcb8df81a73aedc6f9,1.000000000000000000,NULL,0x,0
7,0x24b9438ab64f2b9fced203aec2322b6eec8e10d04187a506433a881fbf355e5e,5069436,1518330222,0xd3d3d8edfc487a3d44e9f4ba7cbac87d94fea8c2,0xe350160e3c8a07e92ec58ddcb8df81a73aedc6f9,0.250000000000000000,NULL,0x,0
8,0x72bac419f059ebbd6df88607f1d053a421a6c7532a7318d79e6d95dff8220ce2,5069522,1518331574,0x07e90dc411aa22bd73a0c9521acb6fb008745aa5,0xe350160e3c8a07e92ec58ddcb8df81a73aedc6f9,0.150000000000000000,NULL,0x,0
9,0xe0ad3c93fd34e5c8e6c8c3f92c87f71c68900e3953dea1362a2f99c8bc1598c3,5070413,1518344979,0x4dd3323c782db9c30495dc025f2af98b4a0c5644,0xe350160e3c8a07e92ec58ddcb8df81a73aedc6f9,0.120000000000000000,NULL,0x,0
10,0x451cc9832581fe1339c640751c68b7eeb892341f8850fadb9e7ad6f3b4758d2e,5070489,1518346148,0xf791f629209a6f4a447ea69a0901d705b12afdca,0xe350160e3c8a07e92ec58ddcb8df81a73aedc6f9,1.000000000000000000,NULL,0x,0
11,0xab3457bd35a5b7fc249f95e097b2b8cb07281fdc90f9a1650a5a85bb649ac9a7,5070582,1518347569,0x1bbb3d5d37aada1dfe5482f4881b4cb5a5457aa0,0xe350160e3c8a07e92ec58ddcb8df81a73aedc6f9,0.500000000000000000,NULL,0x,0
12,0xce78e7f6514865686cf97da97c829547d2284b992beaab6da29578ebffdadff3,5080094,1518485418,0xc8aee9873bf2249b569b829e5b3bb309a3600436,0xe350160e3c8a07e92ec58ddcb8df81a73aedc6f9,0.990000000000000000,NULL,0x,0
13,0x0bbcfc51c64268dfa21288652079ca5629ae270586228f5e347736de4f914d2f,5086675,1518580806,0xf81f23202aef420050c218493fabaf66cb901a5d,0xe350160e3c8a07e92ec58ddcb8df81a73aedc6f9,0.610000000000000000,NULL,0x,0
14,0x335de64891377eb3dbab22fb024c3f888033c93ca8afb4e4aca0fc45fc1627a9,5089637,1518624699,0xd6734299de9ec825070ecff2c290439b9862ba9c,0xe350160e3c8a07e92ec58ddcb8df81a73aedc6f9,0.300000000000000000,NULL,0x,0
15,0x0d2e11c788240cd361f767c5022fc900ef02873dbf14ce3470d47ae0fc5bb840,5091039,1518645411,0x1acee83486b6671b005eed45c9fb9277e7eeb63d,0xe350160e3c8a07e92ec58ddcb8df81a73aedc6f9,0.500000000000000000,NULL,0x,0
16,0x78284adf62f7a3e58236dda5049a9684bf3d9f80d0aa8da51130ab0757b336e9,5285021,1521488501,0xe350160e3c8a07e92ec58ddcb8df81a73aedc6f9,0x4766dfe6e39ae784550ee05098eab7ca47457a12,2.000000000000000000,NULL,0x,0
17,0x840e2193386e4078f3a2d6cd1cf203c0451047fcb296cd793772048dc56249ba,5345084,1522357373,0xe350160e3c8a07e92ec58ddcb8df81a73aedc6f9,0x21e41ec1f927c664ab752e438a5c732b04fb4349,10.000000000000000000,NULL,0x,0
