,TxHash,BlockHeight,TimeStamp,From,To,Value,ContractAddress,Input,isError
0,0x379183b55034472879b28476acddc982174ca20daadd62d01e29dd4bf2c1c007,7650538,1556382091,0xcfd6e825cd4875ba5a2cf1d448e1f31e2f54dac9,0xe3a5cb7acca91d04baecd356297f9d06d8bbabdf,0.100000000000000000,NULL,0x,0
1,0xc12f8ddffb8e3ff6d02cd1fa22330eb3f1574bf451e610d045d8e2cab1556d0c,7655191,1556445103,0xe3a5cb7acca91d04baecd356297f9d06d8bbabdf,0x63a3d99ca5add5545b79ff8f66c42354dfa0eade,0.090000000000000000,NULL,0x,0
2,0x86c71b9673d201c5d5c8fe43e194784dfc9fc9145a3b5f0c5e5c51939623d3a8,7656183,1556458490,0x098e05d4aa49efc45062dad6432e6146c7cd1394,0xe3a5cb7acca91d04baecd356297f9d06d8bbabdf,0.100000000000000000,NULL,0x,0
3,0xa9b72fb791c00b4ad826c7558adb320afa8d71e4f451a681e0e13506680fc3ff,7656887,1556467965,0x098e05d4aa49efc45062dad6432e6146c7cd1394,0xe3a5cb7acca91d04baecd356297f9d06d8bbabdf,0.100000000000000000,NULL,0x,0
4,0xebd43aa51a6df1fb28740194258b435709fbf78cb0750577546a5b63a5977708,7657011,1556469659,0xe3a5cb7acca91d04baecd356297f9d06d8bbabdf,0x10ed83450a2f303b9ecfb707977fd3b36974ae5b,0.200000000000000000,NULL,0x,0
5,0xab0db07e20aba92942b0960e5e4cd593b8fbd69521dea20c0b164250e1ad6b46,7660017,1556509594,0x4a0adb6b2b2c2e18308988c3e19ebcdfaf10bfd3,0xe3a5cb7acca91d04baecd356297f9d06d8bbabdf,0.100000000000000000,NULL,0xe3a5cb7acca91d04baecd356297f9d06d8bbabdf,0
6,0xd4bbe8d30e0c3f0bb00c3187b00be22863a4a5d94d1e8243cc561358e5242466,7660144,1556511171,0x4a0adb6b2b2c2e18308988c3e19ebcdfaf10bfd3,0xe3a5cb7acca91d04baecd356297f9d06d8bbabdf,0.100000000000000000,NULL,0xe3a5cb7acca91d04baecd356297f9d06d8bbabdf,0
7,0x7bbc80d67632cfcdf32870d69d64cfc120baaa7f1ce8241afe904e26ca1ed125,7660201,1556511952,0xe3a5cb7acca91d04baecd356297f9d06d8bbabdf,0xd380ca2389573caa0a48f95a5c373728f6365f0e,0.200000000000000000,NULL,0x,0
8,0x47bbf465f5ced9ce34b9f4e8fb4754a7a6909e564a2855a2b20389b8a8404928,7670939,1556656639,0x20e76684fee9f4df004cd9f59a920d7b9a8af667,0xe3a5cb7acca91d04baecd356297f9d06d8bbabdf,0.107143249137013397,NULL,0x,0
9,0xea58b83daa02ee25a4498ab16e2345d0a2637f8d3996c78399afd52f8398bfeb,7673363,1556689179,0xe3a5cb7acca91d04baecd356297f9d06d8bbabdf,0xaa0b478ff9932341ee4800fad5812efd0dddd7b4,0.110000000000000000,NULL,0x,0
10,0x2810c745afc17aa1c89c784ca14473cf357250171f8a61e859f0eef67700a7fe,7675703,1556720473,0xc95fcff5076255eb29cb8b6d27bdcdcd85e8fb1a,0xe3a5cb7acca91d04baecd356297f9d06d8bbabdf,0.040000000000000000,NULL,0x,0
11,0x9829b6c3c8fc27ca095940d37204b50be611a449f3a9f18e5c4742746f8c6064,7675960,1556723998,0xc95fcff5076255eb29cb8b6d27bdcdcd85e8fb1a,0xe3a5cb7acca91d04baecd356297f9d06d8bbabdf,0.060000000000000000,NULL,0x,0
12,0xc689c9c3caea4c6ac0d30456b310e281d07e5003af909182b6e0f5a718a160bf,7676135,1556726366,0xe3a5cb7acca91d04baecd356297f9d06d8bbabdf,0xfe00c4ab0e875cd00b43c7be06cc1e5d108de639,0.106000000000000000,NULL,0x,0
13,0xc5bccee2a4f6152322f362822a013148dce3e040349e165686e7fd7be5a034b3,7676714,1556733986,0x661b736cb888344e5679c54d47d638066e74026f,0xe3a5cb7acca91d04baecd356297f9d06d8bbabdf,0.100000000000000000,NULL,0x,0
14,0x519224b5c16666477b6eb13842a637674dc0a98f483e8db6bc957be19155f58c,7682794,1556815455,0x81105a50876a50b4a12c1347b59226725c58e621,0xe3a5cb7acca91d04baecd356297f9d06d8bbabdf,0.100000000000000000,NULL,0x,0
15,0x0148a287a0ebd8740c8412e3be41744eddcf2a4c8870973600d9f7e0e27dacef,7683073,1556819086,0xe3a5cb7acca91d04baecd356297f9d06d8bbabdf,0x4cdf7136df90398d6f40b9ae7b3f1fb3a27a3a88,0.200000000000000000,NULL,0x,0
16,0x1f33767b5196acb368b8fd816fe8594f6b8197c8bae46a2beed30a738cb92781,7684569,1556838991,0x50c03b613553ae5e2890e81152cfc6e7afc1e7aa,0xe3a5cb7acca91d04baecd356297f9d06d8bbabdf,0.299130000000000000,NULL,0x,0
17,0x831a6c3b6640c02f2d6ab5b1f161e65cce95f878cdbdd821a62f60b92bb27a26,7684712,1556841028,0x50c03b613553ae5e2890e81152cfc6e7afc1e7aa,0xe3a5cb7acca91d04baecd356297f9d06d8bbabdf,0.229286600000000000,NULL,0x,0
18,0xac87b9d470a5307aaf2258f34ab9801f51da2d6633e00cbe540758ccb151da83,7684724,1556841226,0xe3a5cb7acca91d04baecd356297f9d06d8bbabdf,0xb5b18feee935d171c8875df94b5f6171be38a3d9,0.520000000000000000,NULL,0x,0
19,0x8b137bed7ddb92f70f2d8793f48347c1836f64275de125fa7e0c89ce23d96e15,7686374,1556863662,0x4f4e554cca89189a4c1c52d020a461ceaa633513,0xe3a5cb7acca91d04baecd356297f9d06d8bbabdf,0E-18,NULL,0x,0
20,0x9474ba1bd374d3051fba2eeaa145bbfc0773b8aee781fb989e801ef6969da98a,7694739,1556975656,0xe3a5cb7acca91d04baecd356297f9d06d8bbabdf,0xfe4d604161023b3cb651e6d7a21397e0d67337e3,0.005000000000000000,NULL,0x,0
21,0x2d6deaf0e8c4bae2bd43a1bcc940c710eeddc5e3e9868bc4d2b4685dbf29e8dd,7694861,1556977304,0xe3a5cb7acca91d04baecd356297f9d06d8bbabdf,0xcd48f9a5169fc1b024d6ac6a928c6891f4c77bad,0E-18,NULL,0xa9059cbb000000000000000000000000423430392ececdaf0aacf0a2da9ffb31e8342a860000000000000000000000000000000000000000000000015af1d78b58c40000,0
22,0x53c8c99ddbd02f415b6af3c7057b268f3440b68cdfe501745592ee173c0a75f5,7699089,1557034627,0xe3a5cb7acca91d04baecd356297f9d06d8bbabdf,0xcd48f9a5169fc1b024d6ac6a928c6891f4c77bad,0E-18,NULL,0xa9059cbb000000000000000000000000423430392ececdaf0aacf0a2da9ffb31e8342a86000000000000000000000000000000000000000000000000d02ab486cedc0000,0
23,0xe2846a141e43c6d634ee4539dd34ff21ec51d235f3acae8e8faa21f521a2ecbe,7699234,1557036802,0xe3a5cb7acca91d04baecd356297f9d06d8bbabdf,0xcd48f9a5169fc1b024d6ac6a928c6891f4c77bad,0E-18,NULL,0xa9059cbb000000000000000000000000423430392ececdaf0aacf0a2da9ffb31e8342a860000000000000000000000000000000000000000000000008ac7230489e80000,0
24,0xf26505699921fb327bcde4cfb2eedbc8ec9d7bff60ae65e91bb6ba549eea3385,7709218,1557171668,0xe3a5cb7acca91d04baecd356297f9d06d8bbabdf,0xcd48f9a5169fc1b024d6ac6a928c6891f4c77bad,0E-18,NULL,0xa9059cbb000000000000000000000000a13d6f3c956bbb8e96a1a23d0473775b428f700c000000000000000000000000000000000000000000000003e733628714200000,0
25,0xfdfc58daeaaec99b8c183c793bd902eaf9a93e0aa966d0775b284a924409185e,7709275,1557172400,0xe3a5cb7acca91d04baecd356297f9d06d8bbabdf,0xcd48f9a5169fc1b024d6ac6a928c6891f4c77bad,0E-18,NULL,0xa9059cbb000000000000000000000000d071ad893213e62ff3d620ef1b62a1e94ad1135800000000000000000000000000000000000000000000000270801d946c940000,0
26,0x17cbb3bc6f46b743d6b867e313ca9b6ccb8942c4090915959d7f31fc91c01753,7709350,1557173351,0xe3a5cb7acca91d04baecd356297f9d06d8bbabdf,0xcd48f9a5169fc1b024d6ac6a928c6891f4c77bad,0E-18,NULL,0xa9059cbb0000000000000000000000008e9ce9f09197f87a67b87fe69f36d513cbfc1915000000000000000000000000000000000000000000000001e5b8fa8fe2ac0000,0
27,0x6a88020060648f7d1dffbf307b804573c7b923d8a9d3f8c126b153e774403469,7709473,1557175138,0xe3a5cb7acca91d04baecd356297f9d06d8bbabdf,0xcd48f9a5169fc1b024d6ac6a928c6891f4c77bad,0E-18,NULL,0xa9059cbb0000000000000000000000008e9ce9f09197f87a67b87fe69f36d513cbfc1915000000000000000000000000000000000000000000000005b12aefafa8040000,0
28,0xdacbf4d8e8d172659aa5264664c2ebe50502f68a78626227ddf8a195900fc82f,7741637,1557610269,0xfe4d604161023b3cb651e6d7a21397e0d67337e3,0xe3a5cb7acca91d04baecd356297f9d06d8bbabdf,0.003067053400000000,NULL,0x,0
