,TxHash,BlockHeight,TimeStamp,From,To,Value,ContractAddress,Input,isError
0,0x9c513018c92793eec9b7278942c1ed7fd2953d54efff5e5b1aaceb86498dd470,5634918,1526647077,0xfbb1b73c4f0bda4f67dca266ce6ef42f520fbb98,0xe597880cb0591c6fc09e1b2778c26cad34922b82,0.494000000000000000,NULL,0x,0
1,0xf7bb31b40f36bda29f4f53002f6200f44ec7416a51fd90cb82d562ce613c98c0,5636032,1526664633,0x2b5634c42055806a59e9107ed44d43c426e58258,0xe597880cb0591c6fc09e1b2778c26cad34922b82,0.508200500000000000,NULL,0x,0
2,0x2d8ab934a26c8117571b79ee3ae8c042a3af075049f66ca7ae54ee08326ba99a,5637654,1526688548,0xb01cb49fe0d6d6e47edf3a072d15dfe73155331c,0xe597880cb0591c6fc09e1b2778c26cad34922b82,0.500000000000000000,NULL,0x,0
3,0xa584500949c92db8ecccf8705f2077da3e97372a7f1f9102b191d61a84484cc5,5639257,1526713238,0x51b579c8847a9262034e88ada89e1e8070cb0e26,0xe597880cb0591c6fc09e1b2778c26cad34922b82,0.601657857520600753,NULL,0x,0
4,0xb0a2e32bb2d4c8be65ad3eb1347250ec29ec1d6b870ec1bff2699af929968f06,5642976,1526770675,0xe597880cb0591c6fc09e1b2778c26cad34922b82,0x8f79d404713bfcddc270844ae9de892d14f0495a,2.102997357520600000,NULL,0x,0
