,TxHash,BlockHeight,TimeStamp,From,To,Value,ContractAddress,Input,isError
0,0xb7cbfd7f6334c9ffad07897575bc61d41f83fb4ccce0ce2347b7949942ae2f8c,6914661,1545219174,0x2b5242ce52aacdab7770a95824a010f6f4c8a2aa,0xe62d3a856b8f1e687c872d57f425fb24cdb3d7d6,1.110529110000000000,NULL,0x,0
1,0xe575479453ad48b6a69247d42d568ed5006ad23ace709ad7b0cdc372a62d3f90,6914667,1545219255,0xe62d3a856b8f1e687c872d57f425fb24cdb3d7d6,0x92f3007aebe90b8898a43c2907fa4b2b87164f5d,1.097453960000000000,NULL,0x,0
2,0x1c2f2b108061ffdbaed025efa6ae9c1e672bf574d1262d9845bcfba87c8fd1e9,6916558,1545247399,0xd551234ae421e3bcba99a0da6d736074f22192ff,0xe62d3a856b8f1e687c872d57f425fb24cdb3d7d6,1.000000000000000000,NULL,0x,0
3,0xf6b28e4f2e7f059cc0c5bf9b57a53b54ccff639b5d029e7980c9a6ced17a7ca7,6916577,1545247649,0xe62d3a856b8f1e687c872d57f425fb24cdb3d7d6,0x3fd10f3af13d8b1d420ee06feb4c7b3f7ec7eb6d,1.012168000000000000,NULL,0x,0
