,TxHash,BlockHeight,TimeStamp,From,To,Value,ContractAddress,Input,isError
0,0xecdc2c29a2c334396b106a7fc8309398d4b7fd83748ca78e2776e96bcc35a293,6219978,1535330695,0x3f5ce5fbfe3e9af3971dd833d26ba9b5c936f0be,0xe7300a38788ee039b20ae36c80dfeeb3a53d3a06,0.391776930000000000,NULL,0x,0
1,0x74ae1c30151122b1d879163f8020177101592dc8db6cdaac8b55611c43842584,6219987,1535330832,0xe7300a38788ee039b20ae36c80dfeeb3a53d3a06,0x2565c6ce0047cebdb796d71e494851e844e76577,0.366068000000000000,NULL,0x,0
0,0x6dad30a00aa3e8c711347ddd275630aa49c84e8792e922aee579c448c510fd2a,6221265,1535349727,0xd4f5bf184bebfd53ac276ec6e091d051d0ed459e,0xe7300a38788ee039b20ae36c80dfeeb3a53d3a06,0.000600000000000000,NULL,NULL,0
2,0x195297ff716d9e1cbbe89ffc5fe541be6233b4ba1f6bf652d949b47c937143f1,6231522,1535499012,0xe7300a38788ee039b20ae36c80dfeeb3a53d3a06,0x6a4c7c28497a29d438a4390c6d3e9d22b43127b5,0.025938560000000000,NULL,0x,0
3,0x2270fae44173fce970804d356ba2541c60b369da401fd8e394cd5f3df1635f49,6238368,1535598891,0x930aa9a843266bdb02847168d571e7913907dd84,0xe7300a38788ee039b20ae36c80dfeeb3a53d3a06,0.088284570000000000,NULL,0x,0
4,0xcb3e8800db4a6ecc6f77374e77c87a2fa0dd4b1d2de012d26202a27e212b746f,6238564,1535601876,0x0681d8db095565fe8a346fa0277bffde9c0edbbf,0xe7300a38788ee039b20ae36c80dfeeb3a53d3a06,1.190000000000000000,NULL,0x,0
5,0xf5524690b118eb369df5c40adad29f66749b5920ff08ed53d1f8b17616732060,6238624,1535602783,0xe7300a38788ee039b20ae36c80dfeeb3a53d3a06,0x700c3bf97b920bdea3cdb1479d97523be71bb367,1.007511200000000000,NULL,0x,0
6,0xf2eb6d58e90d4036c39db7fb903c3612d4fc8fdec636986ec41d27ad501993d2,6240623,1535632258,0xe7300a38788ee039b20ae36c80dfeeb3a53d3a06,0x88479576d83938bb09fa18255a82977a850d30a2,0.270080250000000000,NULL,0x,0
7,0x74f6b80c67610c48aa01cc41160bc8b7818b69ee92fa1ab6683f9653ff354bbb,6241102,1535640112,0xfbb1b73c4f0bda4f67dca266ce6ef42f520fbb98,0xe7300a38788ee039b20ae36c80dfeeb3a53d3a06,1.000000000000000000,NULL,0x,0
8,0x08503d611c157596391518bffebe9ed33d94045374f25e9cb0d49475a218ba3b,6241250,1535642202,0xe7300a38788ee039b20ae36c80dfeeb3a53d3a06,0x0fcacb0c9afab503f63787a6c8ea3f8472180b02,1.000126000000000000,NULL,0x,0
9,0x87ca835ec20ca7a8a700af7c2fb4f154dd9def792466b5cb039ebfd31f11fe13,6241738,1535649081,0x003e36550908907c2a2da960fd19a419b9a774b7,0xe7300a38788ee039b20ae36c80dfeeb3a53d3a06,3.810000000000000000,NULL,0x,0
10,0x0abfc3c7000d5529e4776e4fad3faf9e4777b52396e696ecee808a2b83a61909,6241746,1535649206,0xe7300a38788ee039b20ae36c80dfeeb3a53d3a06,0x9a974a55fd1095531f8747e21a84cfe5e531eb79,3.439671240000000000,NULL,0x,0
11,0xc9edd0c3f1a1c690c71c273ad11a1d8b9d95c032988b7d7b8fd975050eca08e9,6241809,1535650055,0xe7300a38788ee039b20ae36c80dfeeb3a53d3a06,0xd68e9ed7db946022d42fdbabbcf10c94be25ada9,0.360928420000000000,NULL,0x,0
12,0xc8364c641e5c8207613b0651a03ddc369dcbdad8379afbe94adc6308cc0f03ad,6243837,1535679135,0x003e36550908907c2a2da960fd19a419b9a774b7,0xe7300a38788ee039b20ae36c80dfeeb3a53d3a06,0.200000000000000000,NULL,0x,0
13,0x90b5aad730de04e401ee86e61d3e9d7fc314195c79a8cc8b7909a4efc270fa78,6247203,1535727766,0xe7300a38788ee039b20ae36c80dfeeb3a53d3a06,0xac5cdca8d9ce23e20456d8740cc3bd294018d5a0,0.208956940000000000,NULL,0x,0
