,TxHash,BlockHeight,TimeStamp,From,To,Value,ContractAddress,Input,isError
0,0x8b6b6437e322da842d191b6772c0ccd839e2219081c16a8823ba85e27c8d8eb8,5566326,1525611705,0x564286362092d8e7936f0549571a803b203aaced,0xeb32e949d214773ff718dfc92b4803bd14db15c1,0.510000000000000000,NULL,0x,0
1,0x73cf11bd10107584c1afb659c6daa226272be2c0f3c6c044d671cffdb83af405,5589161,1525953551,0x5baeac0a0417a05733884852aa068b706967e790,0xeb32e949d214773ff718dfc92b4803bd14db15c1,0.588002240000000000,NULL,0x,0
2,0xaac70e8bba1306c5b814b846164b2ad75cf122e2d9f0f54aae4e0e34d632762a,5589212,1525954268,0x5baeac0a0417a05733884852aa068b706967e790,0xeb32e949d214773ff718dfc92b4803bd14db15c1,0.121019510000000000,NULL,0x,0
3,0xd3198f7a8065d1eae5e45ae5c692e44fa1099a1d306bb56a67fed5604a8aebeb,5589278,1525955120,0x5e060c45db30ee9ca5fc07f77c1dd8f0f8d7c6ae,0xeb32e949d214773ff718dfc92b4803bd14db15c1,1.107139000000000000,NULL,0x,0
4,0x5caa1a34239e6a87e33a053cca3d1fb0e6287f7788d1873dabc8e65286b99b9f,5589280,1525955139,0xb34ba7df070eb3a433cc9e54da8525075c132ad9,0xeb32e949d214773ff718dfc92b4803bd14db15c1,1.990000000000000000,NULL,0x,0
5,0x94e9116911e71f9229980cf7a6fdaef89b35d7cd90a39abbe0d499018b7b1606,5592200,1525999480,0x00c24487f9c702a51d3a569b4c02d41544a8fe00,0xeb32e949d214773ff718dfc92b4803bd14db15c1,0.118000000000000000,NULL,0x,0
6,0x9aece952d150719e3c18f527820a81e24fa01a15bab662fa9565b5b016ebbf21,7494341,1554281153,0xeb32e949d214773ff718dfc92b4803bd14db15c1,0x31cbb48254a39550ff1a95db9a487b31ba4a51f9,4.420000000000000000,NULL,0x,0
