,TxHash,BlockHeight,TimeStamp,From,To,Value,ContractAddress,Input,isError
0,0xc48ffad73d5f3cc16946cb95010a22ce3bd7a0ba9f537153dcbfdbb3a59d4b87,5823139,1529507369,0x459ca38f81fb7c0fe5d4f13dc6b2c5225e042d78,0xeb71af7cd339832ff8d88d985035b2793042eca8,0.500000000000000000,NULL,0x,0
1,0xa579f76e2e617b0e8f7dbd58ac252e915d8ba925f9a91090874d2425305200aa,5823223,1529508449,0x9ee42006b058a2d5675029f1cb2dc949bec6df91,0xeb71af7cd339832ff8d88d985035b2793042eca8,0.600000000000000000,NULL,0x,0
2,0x06428b60abf6b048305e661f7d9ee5c562e3f7fed43e839082af9803761af7f7,5823510,1529512576,0xed133dcfd6356e1ac4f70d6baae33bae2bd2ea82,0xeb71af7cd339832ff8d88d985035b2793042eca8,0.600000000000000000,NULL,0x00,0
3,0x42ed0460d983218ea0e872158130efc4d01eccd575c53dd6b83e6538228d93f4,5825720,1529544865,0x377ae521d2776c08665aca8438aa8df582f47bad,0xeb71af7cd339832ff8d88d985035b2793042eca8,0.283077580000000000,NULL,0x,0
4,0xafbe856a0497d5dddf039acd704c72da9fc20e0306727cf174d0b897a24bfa53,5826220,1529551789,0x6920679087cf0bea399a235288b4b14f830605b5,0xeb71af7cd339832ff8d88d985035b2793042eca8,0.500000000000000000,NULL,0x,0
5,0x450d90807302c1c2e496728b0732db959652f6b8eb58721ddae7e7632e361ca2,5826589,1529557205,0x5a9a2f561d4b39662d0460bee912bcb916a3bfbb,0xeb71af7cd339832ff8d88d985035b2793042eca8,10.000000000000000000,NULL,0x,0
6,0x16e7dc33c4534a0d00714391d16a5aff424885715a4d588e1dc4e154d25f015c,5826619,1529557680,0xe0f1f419ed8ffd6043e3b1c8c3dc906c7d17ba49,0xeb71af7cd339832ff8d88d985035b2793042eca8,2.000000000000000000,NULL,0x,0
7,0x807dcf5c1bd0634db90e3bee6de314a08872e5a3575279eb7fe416c1e4bda6c7,5827886,1529576767,0x9441cba48047d816799e36c728c551679f4e57fa,0xeb71af7cd339832ff8d88d985035b2793042eca8,0.500000000000000000,NULL,0x,0
8,0x92f9d1c84cbdfa0a55817c6d05ec107466221ed8a1e3e38cfe4a4644cd27aa40,5828783,1529589732,0x0681d8db095565fe8a346fa0277bffde9c0edbbf,0xeb71af7cd339832ff8d88d985035b2793042eca8,0.510000000000000000,NULL,0x,0
9,0x850c6fcdab74bc095dd02ce99e6da5bae53bab82b41b0b1305da2dcdbf0752d9,5829555,1529601425,0x3bb9a4410a0b18f8e98313a939fb9c22f014d59f,0xeb71af7cd339832ff8d88d985035b2793042eca8,0.500000000000000000,NULL,0x,0
10,0x3047d4ad44672e2f149a2af2a9302e6f6d4f3d92310305a1eb071976d070b001,5829620,1529602303,0x6cc5f688a315f3dc28a7781717a9a798a59fda7b,0xeb71af7cd339832ff8d88d985035b2793042eca8,0.500000000000000000,NULL,0x,0
11,0x754f5716a45e8e878e113500b5a22484393d5a85e36ac644c0489b737dd766af,5829705,1529603601,0x564286362092d8e7936f0549571a803b203aaced,0xeb71af7cd339832ff8d88d985035b2793042eca8,0.533960000000000000,NULL,0x,0
12,0x2b96afa80e418329001609d1c2f711cd55838728ef4dacceebb9063b9a4955bb,5829900,1529606516,0xfbb1b73c4f0bda4f67dca266ce6ef42f520fbb98,0xeb71af7cd339832ff8d88d985035b2793042eca8,0.494000000000000000,NULL,0x,0
13,0x06076adc23f3c99bd0326ad165dea380b5e981aa41c793ad0f67eec9b5ae20de,5831342,1529627516,0xb1b00a367ff35c1d9cc2174fa8fcb95239ba616e,0xeb71af7cd339832ff8d88d985035b2793042eca8,0.500000000000000000,NULL,0x,0
14,0xad7cb699b85f4a019f85f9620d33eb8ac9256ccb611c14e71054a2f09c5af72e,5831454,1529629336,0x7458681ea7666cfa286e9fab94623ba610ce981d,0xeb71af7cd339832ff8d88d985035b2793042eca8,0.500000000000000000,NULL,0x,0
15,0xb255c24f513c3f62fca00919cd79487b6dcae0e0dee8cb592877b0743dae3884,5831478,1529629654,0xbe2967d83814a042d9ffb019b6ddaf09b868797e,0xeb71af7cd339832ff8d88d985035b2793042eca8,0.500000000000000000,NULL,0x,0
16,0x5ee5b1f736ebbc684b6af46d600a6dbae0caadf1958a265410bbac6e92c655e9,5832304,1529641609,0x860ca90f4eab837d230bc90ce0eeffbdd028f0eb,0xeb71af7cd339832ff8d88d985035b2793042eca8,0.252703760000000000,NULL,0x,0
17,0x94aecc8f5560ff40f8e2962eb7607cbc1a77f0bf4f591112d81ad3863834d771,5832904,1529650934,0x390de26d772d2e2005c6d1d24afc902bae37a4bb,0xeb71af7cd339832ff8d88d985035b2793042eca8,1.010492880000000000,NULL,0x,0
18,0xea808d10ca0b497719ba1329fac87f2c4dc45ec47927b67bc71f0a95c4d46db3,5834245,1529671298,0x3f5ce5fbfe3e9af3971dd833d26ba9b5c936f0be,0xeb71af7cd339832ff8d88d985035b2793042eca8,0.494369850000000000,NULL,0x,0
19,0xf3c32d90a89fb0d5718947b39d728c0a51a56c7df6a32582d5f03b2f409131c5,5834628,1529677014,0x0e50cd26bac6ebbe01ee8b9fae557faa965e202a,0xeb71af7cd339832ff8d88d985035b2793042eca8,0.508905850000000000,NULL,0x,0
20,0xc63e195310cad11ff2f859297c845beac019a6b622a1c3f953a95abf09f0fb39,5834717,1529678381,0x08b3033d60b8cde5a8a736e560368e35731189db,0xeb71af7cd339832ff8d88d985035b2793042eca8,0.500000000000000000,NULL,0x,0
21,0x030d3f14128d968ff3b511a0a47f9a877706a5336b3a72a9e1c5c2f4dae52ffe,5835084,1529683619,0x915d7915f2b469bb654a7d903a5d4417cb8ea7df,0xeb71af7cd339832ff8d88d985035b2793042eca8,2.100000000000000000,NULL,0x,0
22,0x0fb809da2469f4c0fab548080a8cd82fd1c9d111e82b669673c79794c6ae683f,5835224,1529685682,0xd551234ae421e3bcba99a0da6d736074f22192ff,0xeb71af7cd339832ff8d88d985035b2793042eca8,0.500000000000000000,NULL,0x,0
23,0x8e032cdb39c78586a3300b522818d3d0257ceed6ac2f9c0551af2fb0fda8c4c8,5891386,1530518837,0xb01cb49fe0d6d6e47edf3a072d15dfe73155331c,0xeb71af7cd339832ff8d88d985035b2793042eca8,0.500000000000000000,NULL,0x,0
