,TxHash,BlockHeight,TimeStamp,From,To,Value,ContractAddress,Input,isError
0,0x151137fafa10de13460fe3cf5a427b7f2942f2d35bf68f935300d3752bee241f,5778052,1528838850,0x1997e0f32f57e757a452abb9c1be49ed07ff0189,0xeb6a066d30c55609fb9f3f6446c6ef8f27033d2a,0.663378650000000000,NULL,0x,0
1,0xd06cf32da04119c5aed49133eecbc4fea021cf16ede5658f9d28a6e797043bac,5778070,1528839209,0x6e709d204b59a2ec3119ffa8f15b2c22359d773d,0xeb6a066d30c55609fb9f3f6446c6ef8f27033d2a,0.500000000000000000,NULL,0x,0
2,0x329b2ec7cc9a55c320da430eb90c639b11972e43ffcf3899840db25fda301b0b,5778105,1528839766,0x3cd54f73ce0cc5989edbdff72aa72c4ae585e0b8,0xeb6a066d30c55609fb9f3f6446c6ef8f27033d2a,0.100000000000000000,NULL,0x,0
3,0xa46a6513338f17032224cea26e1e6cdc16ae4bb79989e79197bca23fff376a40,5778112,1528839839,0xfbb1b73c4f0bda4f67dca266ce6ef42f520fbb98,0xeb6a066d30c55609fb9f3f6446c6ef8f27033d2a,0.044000000000000000,NULL,0x,0
4,0x3097a6284365f50fdeca1e29c80c760fd92d597019091dd2fea2f49acea52202,5778219,1528841270,0x28c1a97fe0323864e3e2d9df477d51a268c14135,0xeb6a066d30c55609fb9f3f6446c6ef8f27033d2a,0.291730470000000000,NULL,0x,0
5,0xd8fb09d6a716369320dcf5ccb70cdf5574d173f73dcbcb45f8d4e7723549cdf6,5778239,1528841500,0xc287481627273e68b56d67e7732d5620b4bdde85,0xeb6a066d30c55609fb9f3f6446c6ef8f27033d2a,1.643070210000000000,NULL,0x,0
6,0x50d3862e3b28bd8beac0454e1dcba62bec297dd717d1b15a9f49b9599f839ba4,5779340,1528858105,0x892e72919484a1d6a96160ef524bed88b82c074a,0xeb6a066d30c55609fb9f3f6446c6ef8f27033d2a,0.500000000000000000,NULL,0x,0
7,0x0549514efead65fce66de21f6527725c3deed7095af12c1242bc0b7f2911236a,5786898,1528971522,0xeb6a066d30c55609fb9f3f6446c6ef8f27033d2a,0x9fbb3c16422d1134d06de778b7c6dab316d65d85,3.741129330000000000,NULL,0x,0
