,TxHash,BlockHeight,TimeStamp,From,To,Value,ContractAddress,Input,isError
0,0x1b8e77e42bd9c5d9b105d749d46af71d4c5bdc0ba2f48f6344a45141130c8e6f,5183631,1520002335,0x5baeac0a0417a05733884852aa068b706967e790,0xf23f9dda63ed0628609272dc0544c7a2f7189f51,0.499524490000000000,NULL,0x,0
1,0x6c6f3f7d983c48496de3ab3c9c8b03325020cbc2101ce975ddb86140e4c174d7,5183729,1520003876,0x913ba0331542241485a9b57bf7b503505faf8006,0xf23f9dda63ed0628609272dc0544c7a2f7189f51,2.000000000000000000,NULL,0x,0
2,0x4ac51829ea534cc1560471e716b9fbb7f52e789544ca55aa2876c1d2b0bfc54f,5184051,1520008763,0x8b3b22e0d26c5de2d79401e6bc5427aa88a7aff7,0xf23f9dda63ed0628609272dc0544c7a2f7189f51,0.500000000000000000,NULL,0x,0
3,0x5626979562903ac888f8dedaab80050a8a3fa578ff734488283123545026a8cf,5184053,1520008776,0xac5bcf39447f65989dbc1b00b26b20dc6829bc26,0xf23f9dda63ed0628609272dc0544c7a2f7189f51,0.010188847999999999,NULL,0x,0
4,0xeed2bc6161d5965c2225b72bcb39b1c5378c3d9ff55e364bb9f9f2e29a1e4c48,5184167,1520010614,0xff4647d053fe13101ce5e6eaf996d3d6eef203c0,0xf23f9dda63ed0628609272dc0544c7a2f7189f51,0.400000000000000000,NULL,0x,0
5,0xb641f996c52fdbd1282f30683ff39e7b1623d3531988acd4e9db8f9987d4c0b8,5185514,1520029430,0x683e8d23870c94bf2c4485ce8d5840eb3c7cef19,0xf23f9dda63ed0628609272dc0544c7a2f7189f51,0.600000000000000000,NULL,0x,0
6,0x7ed2b397158c33df12da358d88f8e2bf21bea4e9a863802584601eb4e97c53f9,5186408,1520042695,0xd3f000ced99f13c4a050964e354091b27109a5f2,0xf23f9dda63ed0628609272dc0544c7a2f7189f51,0.531860880000000000,NULL,0x,0
7,0x8e6383b98cb90b920e2edf8b2fc5562cb6e292a2b2931a83878966ae97efeadb,5187805,1520062909,0xbacbff442b9e47becc41fc14ba73e724385babbf,0xf23f9dda63ed0628609272dc0544c7a2f7189f51,4.200000000000000000,NULL,0x,0
8,0xf74f48d682c02695f7df9354a6d39a7505085b167c1139e4f7fa34be36f7968e,5187923,1520064661,0xbacbff442b9e47becc41fc14ba73e724385babbf,0xf23f9dda63ed0628609272dc0544c7a2f7189f51,6.500000000000000000,NULL,0x,0
9,0xda2ab595f4800e85e973b57dba14ee26ebae19d017a3e398462d3eda499257a1,5189871,1520093143,0xf4d710f7ff75d041ebf9ef88bb3e9d17c27def68,0xf23f9dda63ed0628609272dc0544c7a2f7189f51,2.000000000000000000,NULL,0x,0
10,0x07f373ffff2640b59dffbc66a01b71043c88f17db458516db1c4bd249006220d,5190304,1520099405,0x21c8e3b25c0d9054bbf45a16ad93b454e5e204e4,0xf23f9dda63ed0628609272dc0544c7a2f7189f51,0.001100000000000000,NULL,0x,0
11,0x77e82dd972942d81944a92e8522472666b0462648db5210b83de9f31d7f4ed08,5190952,1520108860,0x2b5634c42055806a59e9107ed44d43c426e58258,0xf23f9dda63ed0628609272dc0544c7a2f7189f51,0.090000000000000000,NULL,0x,0
12,0xd86bf063a5532b44a853dcae961a3d9ce9a63c9a2ad362b6c59e4d2eff93d907,5193916,1520152113,0x0681d8db095565fe8a346fa0277bffde9c0edbbf,0xf23f9dda63ed0628609272dc0544c7a2f7189f51,0.989000000000000000,NULL,0x,0
13,0xb0e9a832239ebaa4873d17386d444d80330bd3a8cef10fd785398ba0820dcdac,5195733,1520178707,0xfbb1b73c4f0bda4f67dca266ce6ef42f520fbb98,0xf23f9dda63ed0628609272dc0544c7a2f7189f51,0.494000000000000000,NULL,0x,0
14,0xc99a1ecb6a94027f9abfab1baba1c1013fc4c98a600dba32685c8436c455017d,5207233,1520347537,0x11cbe6b12d051c069dcf9081c4a045a468e1b8dc,0xf23f9dda63ed0628609272dc0544c7a2f7189f51,0E-18,NULL,0x,0
15,0xc8c157c878f186da3a7abacceb1c1826567ab76cc67d9a4eb3ece2aaa9da8a1a,5367958,1522685948,0x2b5634c42055806a59e9107ed44d43c426e58258,0xf23f9dda63ed0628609272dc0544c7a2f7189f51,0.090000000000000000,NULL,0x,0
16,0xf6025301b247d4d19eebec4b715c8a174b7310bc961dbecdd75b3479a526fe45,6439799,1538486953,0xf23f9dda63ed0628609272dc0544c7a2f7189f51,0xd1bf5673854f7f653aaf2baffc886ca5fddf6903,18.904372217999999999,NULL,0x,0
