,TxHash,BlockHeight,TimeStamp,From,To,Value,ContractAddress,Input,isError
0,0x0a47d582982d47f4711ce02e7ab516f7947b4130a4fafc257b675f64c093c3ac,5845265,1529832328,0x3605f2391c9495dd6c2631b793ca2be84539003a,0xf23402d18e1518a5a4bf59955d0d56b84d997c93,5.000000000000000000,NULL,0x,0
1,0x6894c53bfe9cce1336e889b8c3f679b5fb0a3b2a531002ae46482abb3634ad54,5845312,1529832869,0xf23402d18e1518a5a4bf59955d0d56b84d997c93,0x7ed1e469fcb3ee19c0366d829e291451be638e59,4.999958000000000000,NULL,0x,0
2,0x591db62341eaa5b13a387a4c1bfd365c4a50378f338955e7fc361a14c145f554,5913516,1530847254,0xd2fc23be840678fe9eab944a2329035ddf1a1cd6,0xf23402d18e1518a5a4bf59955d0d56b84d997c93,1.000000000000000000,NULL,0x,0
3,0x962ce2f7229831987ffd167bdf7ffc35c83d59b90a3817c110e7098b8f6742f5,5913597,1530848364,0xf23402d18e1518a5a4bf59955d0d56b84d997c93,0x7ed1e469fcb3ee19c0366d829e291451be638e59,0.998714800000000000,NULL,0x,0
4,0xacd9b2bbff195f858e19ab474779a68bb3632a30b981c57a1663e8f80f0bb3c6,6227414,1535439038,0x45d96f07056455c096a159e54e07c013cf2d2c17,0xf23402d18e1518a5a4bf59955d0d56b84d997c93,15.000000000000000000,NULL,0x,0
5,0xb2e020c883408626ab009271edb88bd21018aac9cc0e4d269e48b954f9ef9897,6229879,1535475457,0xf23402d18e1518a5a4bf59955d0d56b84d997c93,0x7ed1e469fcb3ee19c0366d829e291451be638e59,14.999895000000000000,NULL,0x,0
