,TxHash,BlockHeight,TimeStamp,From,To,Value,ContractAddress,Input,isError
0,0xbec8f09c216353e69a1693f36f0abbb6f6e21facc88cfe1142c6629bafcc7fa1,5778689,1528848301,0x1530fc137f35b1b02299127696ed48bd1097b98d,0xf7a5a8a2d0d46377a7f9607df66ff963a23034c2,0E-18,NULL,0x,0
1,0x143afb82afbf9ded448494e55a15ab5496c999b6b1185f6d396916377e6c020e,5795461,1529099708,0xc991bc78ad5c7ce4b6fc615e8d63d516be73deae,0xf7a5a8a2d0d46377a7f9607df66ff963a23034c2,0.500000000000000000,NULL,0x,0
2,0x6452ef9972078fc6cc04f1f942842c08656482d174ed822b0c27e8d8f1f43ec9,5830280,1529611784,0x1edfbf914ffbb2f2a5cd44c3d010e219c1fa1e1c,0xf7a5a8a2d0d46377a7f9607df66ff963a23034c2,0.002000000000000000,NULL,0x,0
3,0xb55f8477e4792d12d73b1ae4fd33b461ba0e4b929c42539324c5ac839685f1fa,5834020,1529668149,0xf7a5a8a2d0d46377a7f9607df66ff963a23034c2,0x7220d604cc1618b6dd3c5b3e6f118cdc723faf61,0.501139000000000000,NULL,0x,0
