,TxHash,BlockHeight,TimeStamp,From,To,Value,ContractAddress,Input,isError
0,0x0a6e177b61e7cded29b6f07b17daf8fe6186a5ef29b03d481b10b52a7fad3a07,5982064,1531853045,0xd4dcd2459bb78d7a645aa7e196857d421b10d93f,0xf7ad86885088ffd327e8cca80c4e82e4974a66e2,12.500000000000000000,NULL,0x,0
1,0x8016851614ea2017613bdc884c01e32435af36018c79dc89d8062c2b4e3dd08b,5982119,1531853819,0xf7ad86885088ffd327e8cca80c4e82e4974a66e2,0x5e032243d507c743b061ef021e2ec7fcc6d3ab89,12.498844999999999999,NULL,0x,0
2,0xfa28d0bf18b643dd925c59df30b87388650d79c1146edf98a5009a689e15a8cd,5984767,1531893016,0xd4dcd2459bb78d7a645aa7e196857d421b10d93f,0xf7ad86885088ffd327e8cca80c4e82e4974a66e2,0.110000000000000000,NULL,0x,0
3,0xd362a249f239e511fa81dce07bda45a8126b72254065a7eada339a0ab2b89664,5984851,1531894423,0xf7ad86885088ffd327e8cca80c4e82e4974a66e2,0x5e032243d507c743b061ef021e2ec7fcc6d3ab89,0.108803210000000000,NULL,0x,0
4,0x179c75442c4d6c36244944c8fb34e1234b41fc0486f755cd98bda435db11e1ae,6215060,1535258695,0xd84eed314f5faa53b92920f7f5a297dde142c07a,0xf7ad86885088ffd327e8cca80c4e82e4974a66e2,31.851508000000000000,NULL,0x,0
5,0x10e80228e8867f8d6602e44f35e6d98d1e65c126b03c0a8824e1b13f03058f1c,6215124,1535259516,0xf7ad86885088ffd327e8cca80c4e82e4974a66e2,0x5e032243d507c743b061ef021e2ec7fcc6d3ab89,31.850395000000000000,NULL,0x,0
6,0xbe872f69b3a7128f87086410bbd73e8307bf169fd53fba2190f5101bdb863bfa,6263705,1535968211,0x274f3c32c90517975e29dfc209a23f315c1e5fc7,0xf7ad86885088ffd327e8cca80c4e82e4974a66e2,26.212000560000000000,NULL,0x,0
7,0x9290197fb84eb4d2e8d275b1bfb573e7932978e39491742deafd7a8c4b8414f6,6263779,1535969253,0xf7ad86885088ffd327e8cca80c4e82e4974a66e2,0x5e032243d507c743b061ef021e2ec7fcc6d3ab89,26.210858160000000000,NULL,0x,0
8,0xb25e800b4327842d969086c5cb44921ad48d0705a6d35bfff4b808e3d42a04e0,6304963,1536567739,0x5e032243d507c743b061ef021e2ec7fcc6d3ab89,0xf7ad86885088ffd327e8cca80c4e82e4974a66e2,22.806000000000000000,NULL,0x,0
9,0xc952f56e2670d4bc292287260da3a17fc590184cb10f1d82b813d96f9c046b23,6305072,1536569496,0xf7ad86885088ffd327e8cca80c4e82e4974a66e2,0x5e032243d507c743b061ef021e2ec7fcc6d3ab89,22.804827150000000000,NULL,0x,0
10,0x68692a425f032f45b6ff559597d76342945cc918573cb90d16fe06af2f026704,6309507,1536632413,0x25f0ed4a92bf25b260ba312db93b849f31e0ca7e,0xf7ad86885088ffd327e8cca80c4e82e4974a66e2,30.000000000000000000,NULL,0x,0
11,0x4cdccf31b57464ba31a8dcb23b473366d450260583bbb4a8c23334bdc87e9be1,6309575,1536633335,0xf7ad86885088ffd327e8cca80c4e82e4974a66e2,0x5e032243d507c743b061ef021e2ec7fcc6d3ab89,29.998824000000000000,NULL,0x,0
12,0x6e4d86e392910e2a6a830780295bcfad7342b8ef9bed59713ec89639b9850211,6419542,1538200475,0xd604196072211e1ad5df54cba3c506185a3ad70d,0xf7ad86885088ffd327e8cca80c4e82e4974a66e2,51.618600000000000000,NULL,0x,0
13,0xc372c283891c627a3a426bef106136009b5fa8ed128753468ddd81118be06b92,6419616,1538201652,0xf7ad86885088ffd327e8cca80c4e82e4974a66e2,0x5e032243d507c743b061ef021e2ec7fcc6d3ab89,51.617254428639153000,NULL,0x,0
14,0x70a011b3a509ffe0e8ca1cd5eeeb303d84f699122f2764ff7507dbf6bc4eeabf,6433817,1538402719,0x5be07f66b27d7c9314d7d63831c997bef60537f7,0xf7ad86885088ffd327e8cca80c4e82e4974a66e2,60.578050930000000000,NULL,0x,0
15,0xc7fc9d9efba10af8a19a6627bcd94454584c14bc328c968186a61fa2d6fc75fc,6433899,1538403992,0xf7ad86885088ffd327e8cca80c4e82e4974a66e2,0x5e032243d507c743b061ef021e2ec7fcc6d3ab89,60.576601930000000000,NULL,0x,0
16,0xefb55ec38f7e3ebcbad54e508312ced892793878effd6d64a19cd74dd445c013,6543770,1539947563,0x37efad1d678ac1f46fb39fe5484952c113a91871,0xf7ad86885088ffd327e8cca80c4e82e4974a66e2,1.000000000000000000,NULL,0x,0
17,0x6ca8e461265437deb88963cca91a3678b9d32bb57664548d112a8ff2c0b6e24f,6543885,1539949159,0xf7ad86885088ffd327e8cca80c4e82e4974a66e2,0x5e032243d507c743b061ef021e2ec7fcc6d3ab89,0.998771500000000000,NULL,0x,0
18,0x120e1ec4c55705c774b025e98de834947d4d5c18ad69c615ecbf0add9f1d8fdf,6566487,1540267752,0x37efad1d678ac1f46fb39fe5484952c113a91871,0xf7ad86885088ffd327e8cca80c4e82e4974a66e2,100.000000000000000000,NULL,0x,0
19,0xc7e1ec441864777ddc3b96bc493df764de82326d629e487172756ee5b80d4828,6566591,1540269291,0xf7ad86885088ffd327e8cca80c4e82e4974a66e2,0x5e032243d507c743b061ef021e2ec7fcc6d3ab89,99.998836347999979000,NULL,0x,0
20,0xed3865563e7b6df58feb235c7ce32498639f306410e05a0fb73e7eefcf1b9a40,6671291,1541751921,0x1fd41f2da3fcd5e61c4a6b70d387e480b6c38dba,0xf7ad86885088ffd327e8cca80c4e82e4974a66e2,250.000000000000000000,NULL,0x,0
21,0x1457f4152416af2369850301ed49e773fe3bf3e8d10c896858a83045529fa6da,6671368,1541753137,0xf7ad86885088ffd327e8cca80c4e82e4974a66e2,0x5e032243d507c743b061ef021e2ec7fcc6d3ab89,249.998740000000000000,NULL,0x,0
