,TxHash,BlockHeight,TimeStamp,From,To,Value,ContractAddress,Input,isError
0,0x5bf5e3729f66eb07d282c65840092edb894f7bd0a78d174d6f5cd91f9cb67c30,6155861,1534394587,0xa214447d8567ac15c2ba6082898bb06247eebb63,0xfd8b13415d9dd061bb665438632fba566267bba4,0.749685000000000000,NULL,0x,0
1,0xa81d8fe7f0de51089608264dda1f91b91ccb9ce559ee94b18d0e07279037fbcc,6155907,1534395366,0xcd0576f55f44d2d8236af7543fdf67326987a802,0xfd8b13415d9dd061bb665438632fba566267bba4,1.058126410000000000,NULL,0x,0
2,0xd43ff3a9f6bbfca09ada8f990a3a4f4cab133f86006235524ee83eb74d141a29,6156938,1534410735,0x67bf483d6bbcce75247312a89e8cbbc847c465b1,0xfd8b13415d9dd061bb665438632fba566267bba4,0.807469460000000000,NULL,0x,0
3,0xee514884b12d32edbaf80df13a848f0c915e6be1ce82a533afe02194277c490a,6180503,1534755423,0xfd8b13415d9dd061bb665438632fba566267bba4,0x8951e6b72cc06987da83ee4e89e242c0bf23802e,2.614230870000000000,NULL,0x,0
