,TxHash,BlockHeight,TimeStamp,From,To,Value,ContractAddress,Input,isError
0,0xb47050f88f04288f857470a722ed4e1ba66e6037a5890c5594e79910ddf4311a,6299640,1536490104,0x155ae2977d117fb0f7788fbb8444ffd16f682688,0xfeaa8ebd3f3ec6301aa12237e2be3a9e25f36f3c,1.961910000000000000,NULL,0x,0
1,0xa8d59d65a02bbfd48340e12159afbdb1afa32e11b8184a3d043392b3cfaf5f8f,6299749,1536491843,0xfeaa8ebd3f3ec6301aa12237e2be3a9e25f36f3c,0x5e032243d507c743b061ef021e2ec7fcc6d3ab89,1.960679189999999999,NULL,0x,0
2,0x05d78a3974af2964fb14a140f63943632220736ac7383adf49fa1047d1dbd730,6479361,1539040823,0x274f3c32c90517975e29dfc209a23f315c1e5fc7,0xfeaa8ebd3f3ec6301aa12237e2be3a9e25f36f3c,3.710374950000000000,NULL,0x,0
3,0xf0783181ccd8a92062dd9e8288d90acf58d5feeaf88a52f344832d4b3627c0b0,6479430,1539041925,0xfeaa8ebd3f3ec6301aa12237e2be3a9e25f36f3c,0x5e032243d507c743b061ef021e2ec7fcc6d3ab89,3.709240950000000000,NULL,0x,0
4,0xc578ea1dd5c1e8503f3c847f672782307baa764810d462a183d27ae6b6e43714,6483778,1539103370,0x274f3c32c90517975e29dfc209a23f315c1e5fc7,0xfeaa8ebd3f3ec6301aa12237e2be3a9e25f36f3c,6.466317430000000000,NULL,0x,0
5,0x57de7a02b6465560d692ec88f97cce7278945b8f08d3196f8359b3dee7f7600d,6483867,1539104757,0xfeaa8ebd3f3ec6301aa12237e2be3a9e25f36f3c,0x5e032243d507c743b061ef021e2ec7fcc6d3ab89,6.465162430000000000,NULL,0x,0
6,0x2a64228e40f105e232b30fdd9f2dd66fc72666cbe83836ab110d9998f167a029,6507066,1539429858,0x274f3c32c90517975e29dfc209a23f315c1e5fc7,0xfeaa8ebd3f3ec6301aa12237e2be3a9e25f36f3c,17.736958990000000000,NULL,0x,0
7,0x1de6368c2667a1af489be05353a90881f9deeab7f2c19ca75a5f5a98e450b36f,6507150,1539430930,0xfeaa8ebd3f3ec6301aa12237e2be3a9e25f36f3c,0x5e032243d507c743b061ef021e2ec7fcc6d3ab89,17.735824990000000000,NULL,0x,0
8,0xc9690a448ad7635601f0d01fb5a58c32da48dc75d4a0f420912dc377dc5e4253,6561071,1540191276,0x05f51aab068caa6ab7eeb672f88c180f67f17ec7,0xfeaa8ebd3f3ec6301aa12237e2be3a9e25f36f3c,4.167789600000000000,NULL,0x,0
9,0xb65e6a05ec744a0fb9112d0e2c2aa69d9ae7df901847d262d5e3405e1d8bb3f1,6561177,1540192806,0xfeaa8ebd3f3ec6301aa12237e2be3a9e25f36f3c,0x5e032243d507c743b061ef021e2ec7fcc6d3ab89,4.166613600000000000,NULL,0x,0
10,0xad88b4e6b5dea92b2fc0162bad7f0c6bdd12dd66b8b40d1f752641b3a3f529aa,6587073,1540558404,0x72bcfa6932feacd91cb2ea44b0731ed8ae04d0d3,0xfeaa8ebd3f3ec6301aa12237e2be3a9e25f36f3c,17.350147280000000000,NULL,0x,0
11,0xfa860ad2678af3e57126fa4cb6f35f5d3c29010119eff8a5b735aad4d30e1e60,6587183,1540560038,0xfeaa8ebd3f3ec6301aa12237e2be3a9e25f36f3c,0x5e032243d507c743b061ef021e2ec7fcc6d3ab89,17.348845280000000000,NULL,0x,0
12,0xd19d3be51f7828bec0f8dccf8272e4b68dce7b33b147f0ce36e3b15f1c712e95,6599973,1540740238,0xbd6d79f3f02584cfcb754437ac6776c4c6e0a0ec,0xfeaa8ebd3f3ec6301aa12237e2be3a9e25f36f3c,3.236475420000000000,NULL,0x,0
13,0x8d7fa1df52d12bf946668836a9fcfc3acbf4ca37ff62cc5a1aaf5563cf01c0d1,6600047,1540741362,0xfeaa8ebd3f3ec6301aa12237e2be3a9e25f36f3c,0x5e032243d507c743b061ef021e2ec7fcc6d3ab89,3.235267920000000000,NULL,0x,0
14,0x0ba9c8b2ff373a1c669722f79c974dfc2869659966f6c790467de3f6ebd7ed6e,6608665,1540863418,0xbc06c8772981efe229cc5c10ab3c2faae6d162d3,0xfeaa8ebd3f3ec6301aa12237e2be3a9e25f36f3c,8.878726570000000000,NULL,0x,0
15,0x6c97595b9a8835ac3c7358611382cab78d6d9074bc7680b1e214cabef9f6fc00,6608770,1540864880,0xfeaa8ebd3f3ec6301aa12237e2be3a9e25f36f3c,0x5e032243d507c743b061ef021e2ec7fcc6d3ab89,8.877485506416079000,NULL,0x,0
16,0xadb315e110c7d2cf63dd597c86742ae10f198852e527e435382973f1513e3056,6671256,1541751398,0x7df1bd58e8fd49803e43987787adfecb4a0a086c,0xfeaa8ebd3f3ec6301aa12237e2be3a9e25f36f3c,500.000000000000000000,NULL,0x,0
17,0x51c247a50ef4302336c7e39822c5a43fc97b864bda47527df112060e5f249133,6671347,1541752693,0xfeaa8ebd3f3ec6301aa12237e2be3a9e25f36f3c,0x5e032243d507c743b061ef021e2ec7fcc6d3ab89,499.998740000000000000,NULL,0x,0
